author,word,n
Somerville,light,925
Somerville,earth,810
Somerville,sun,781
Khaldun,people,723
Somerville,heat,665
Khaldun,dynasty,657
Goethe,colours,596
Goethe,colour,556
Humboldt,earth,534
Somerville,force,532
Goethe,light,529
Humboldt,footnote,497
Somerville,electricity,486
Somerville,motion,480
Somerville,time,450
Somerville,action,446
Somerville,rays,443
Khaldun,authority,436
Somerville,orbit,426
Somerville,surface,413
Khaldun,royal,381
Somerville,stars,369
Somerville,temperature,369
Somerville,distance,364
Somerville,moon,364
Goethe,red,363
Khaldun,ruler,342
Khaldun,feeling,340
Goethe,yellow,334
Khaldun,god,333
Goethe,blue,331
Khaldun,power,331
Somerville,bodies,330
Humboldt,degrees,313
Somerville,plane,309
Somerville,air,304
Khaldun,religious,303
Somerville,solar,303
Khaldun,time,298
Humboldt,sea,296
Somerville,note,296
Humboldt,light,293
Khaldun,human,291
Humboldt,nature,290
Somerville,form,289
Humboldt,phenomena,279
Somerville,equal,279
Somerville,water,269
Somerville,fig,268
Somerville,found,268
Humboldt,feet,263
Somerville,comet,261
Somerville,direction,261
Goethe,white,260
Khaldun,person,259
Somerville,planets,258
Humboldt,stars,256
Humboldt,temperature,255
Somerville,axis,251
Khaldun,civilization,249
Khaldun,knowledge,248
Somerville,star,245
Somerville,power,244
Khaldun,arabs,238
Humboldt,surface,237
Khaldun,result,237
Somerville,centre,237
Somerville,system,232
Somerville,planet,230
Goethe,coloured,226
Somerville,equator,225
Somerville,glass,223
Humboldt,physical,222
Somerville,atmosphere,221
Somerville,spectrum,221
Khaldun,perception,220
Somerville,body,220
Somerville,plate,219
Somerville,magnetic,213
Somerville,rotation,213
Somerville,lines,211
Goethe,appears,209
Humboldt,atmosphere,209
Somerville,effect,209
Somerville,motions,209
Somerville,theory,209
Somerville,sir,208
Humboldt,form,205
Khaldun,sciences,205
Somerville,space,202
Humboldt,magnetic,201
Somerville,velocity,201
Humboldt,observations,198
Somerville,attraction,198
Somerville,position,196
Khaldun,sedentary,195
Goethe,appearance,194
Somerville,substances,194
Humboldt,found,193
Humboldt,strata,193
Khaldun,natural,193
Somerville,law,193
Khaldun,soul,192
Somerville,times,191
Khaldun,dynasties,190
Khaldun,world,190
Somerville,experiments,188
Goethe,surface,186
Somerville,produced,186
Somerville,red,186
Khaldun,called,183
Goethe,eye,182
Somerville,length,182
Khaldun,conditions,180
Somerville,miles,180
Somerville,particles,180
Khaldun,luxury,179
Somerville,matter,179
Khaldun,life,178
Somerville,electric,178
Somerville,line,178
Goethe,dark,177
Humboldt,sun,175
Khaldun,cities,173
Goethe,image,172
Khaldun,habit,172
Somerville,quantity,172
Somerville,sound,170
Khaldun,inhabitants,169
Somerville,jupiter,169
Humboldt,relations,168
Khaldun,arabic,168
Goethe,black,167
Humboldt,world,167
Khaldun,crafts,166
Somerville,angle,166
Humboldt,elevation,165
Somerville,observations,165
Somerville,observed,165
Somerville,mass,163
Goethe,nature,162
Humboldt,observed,162
Khaldun,existence,162
Humboldt,space,161
Somerville,intensity,161
Somerville,round,160
Goethe,effect,158
Humboldt,time,158
Somerville,influence,158
Humboldt,heat,156
Goethe,glass,155
Goethe,sun,155
Humboldt,masses,155
Khaldun,poetry,154
Humboldt,rocks,153
Somerville,chemical,153
Somerville,nature,153
Humboldt,volcanic,152
Khaldun,desert,152
Humboldt,south,151
Khaldun,nature,151
Somerville,medium,150
Khaldun,qur,149
Khaldun,influence,148
Somerville,determined,148
Somerville,revolution,148
Khaldun,city,147
Somerville,pole,147
Goethe,object,145
Somerville,comets,145
Humboldt,water,144
Somerville,phenomena,144
Somerville,diameter,143
Khaldun,islam,142
Khaldun,means,142
Khaldun,speech,142
Humboldt,bodies,141
Humboldt,forms,141
Humboldt,mountain,141
Somerville,discovered,141
Khaldun,reason,140
Somerville,magnetism,140
Somerville,terrestrial,140
Khaldun,language,139
Somerville,ray,139
Khaldun,control,138
Somerville,satellites,138
Somerville,vibrations,138
Humboldt,knowledge,137
Humboldt,regions,137
Khaldun,arab,137
Somerville,current,137
Somerville,magnet,137
Humboldt,natural,136
Goethe,green,135
Somerville,forces,135
Humboldt,volcanoes,134
Somerville,effects,134
Somerville,orbits,134
Khaldun,mentioned,133
Somerville,density,132
Somerville,passing,132
Somerville,refraction,132
Khaldun,law,130
Khaldun,rule,130
Somerville,herschel,129
Khaldun,food,128
Somerville,colour,127
Somerville,polarized,127
Humboldt,distribution,125
Humboldt,planet,125
Humboldt,terrestrial,125
Somerville,poles,125
Goethe,objects,124
Humboldt,comet,124
Humboldt,phenomenon,124
Khaldun,nations,124
Somerville,distances,124
Goethe,experiments,123
Humboldt,der,123
Somerville,ecliptic,123
Somerville,produce,123
Humboldt,influence,122
Khaldun,laws,122
Somerville,angles,122
Somerville,difference,122
Somerville,laws,122
Somerville,periodic,122
Humboldt,forces,121
Humboldt,history,121
Khaldun,concerned,121
Khaldun,science,121
Somerville,professor,121
Goethe,time,120
Humboldt,comets,120
Humboldt,des,120
Khaldun,found,120
Khaldun,property,120
Somerville,lunar,120
Goethe,produced,119
Humboldt,land,119
Humboldt,action,118
Humboldt,air,118
Humboldt,direction,118
Humboldt,force,118
Humboldt,interior,118
Humboldt,northern,118
Khaldun,culture,118
Khaldun,muslims,118
Khaldun,scholars,118
Somerville,latitude,118
Somerville,sea,118
Goethe,means,117
Humboldt,system,117
Khaldun,matters,117
Somerville,luminous,117
Humboldt,von,116
Khaldun,situation,116
Somerville,coloured,116
Khaldun,customs,115
Khaldun,perceptions,115
Somerville,colours,115
Humboldt,north,114
Humboldt,universe,114
Khaldun,craft,113
Khaldun,government,113
Khaldun,office,113
Khaldun,words,113
Humboldt,distance,112
Humboldt,mass,112
Somerville,double,112
Somerville,till,112
Humboldt,degree,111
Somerville,voltaic,111
Khaldun,meaning,110
Somerville,dark,110
Somerville,disturbing,110
Somerville,increase,110
Somerville,john,110
Somerville,white,110
Humboldt,humboldt,109
Humboldt,motion,109
Khaldun,firmly,109
Khaldun,respect,109
Somerville,period,109
Somerville,visible,109
Khaldun,beginning,108
Khaldun,maghrib,108
Khaldun,muḥammad,108
Khaldun,qualities,108
Somerville,wire,108
Humboldt,portion,107
Khaldun,character,107
Khaldun,mind,107
Khaldun,rulers,107
Somerville,change,107
Somerville,gravitation,107
Somerville,half,107
Khaldun,body,106
Khaldun,connection,106
Khaldun,muslim,106
Somerville,appears,106
Somerville,elliptical,106
Somerville,opposite,106
Somerville,square,106
Goethe,phenomena,105
Khaldun,established,105
Somerville,ocean,105
Humboldt,life,104
Humboldt,ocean,104
Humboldt,plants,104
Khaldun,form,104
Somerville,blue,104
Somerville,currents,104
Goethe,ground,103
Khaldun,common,103
Khaldun,divine,103
Khaldun,living,103
Khaldun,regions,103
Somerville,producing,103
Somerville,rings,103
Somerville,waves,103
Khaldun,information,102
Khaldun,superiority,102
Somerville,consequence,102
Humboldt,level,101
Humboldt,mountains,101
Humboldt,times,101
Somerville,apparent,101
Somerville,substance,101
Humboldt,connection,100
Humboldt,height,100
Humboldt,species,100
Humboldt,views,100
Khaldun,hand,100
Khaldun,instruction,100
Somerville,called,100
Somerville,computed,100
Humboldt,snow,99
Khaldun,book,99
Somerville,fixed,99
Somerville,meridian,99
Somerville,section,99
Somerville,similar,99
Goethe,degree,98
Goethe,gutenberg,98
Humboldt,gutenberg,98
Humboldt,latitude,98
Humboldt,planets,98
Khaldun,eventually,98
Somerville,gutenberg,98
Humboldt,science,97
Humboldt,vol,97
Somerville,copper,97
Somerville,means,97
Goethe,considered,96
Khaldun,profit,96
Somerville,iron,96
Somerville,variations,96
Khaldun,labour,95
Somerville,degree,95
Somerville,reflected,95
Somerville,undulations,95
Humboldt,ancient,94
Somerville,experiment,94
Somerville,illustration,94
Goethe,appearances,93
Khaldun,position,93
Khaldun,subjects,93
Somerville,contrary,93
Somerville,gravity,93
Somerville,liquid,93
Somerville,proved,93
Humboldt,cosmos,92
Humboldt,description,92
Humboldt,matter,92
Humboldt,period,92
Khaldun,rank,92
Somerville,degrees,92
Somerville,nebulæ,92
Humboldt,remarkable,91
Khaldun,animals,91
Somerville,forms,91
Goethe,produce,90
Goethe,transparent,90
Humboldt,project,90
Khaldun,affairs,90
Khaldun,similar,90
Somerville,account,90
Somerville,circular,90
Somerville,feet,90
Somerville,north,90
Somerville,object,90
Somerville,tides,90
Khaldun,religion,89
Somerville,globe,89
Somerville,green,89
Somerville,measured,89
Somerville,parallel,89
Somerville,solid,89
Somerville,variation,89
Goethe,project,88
Humboldt,instance,88
Humboldt,line,88
Somerville,extent,88
Somerville,observation,88
Somerville,polarization,88
Somerville,project,88
Somerville,transmitted,88
Humboldt,considered,87
Humboldt,laws,87
Khaldun,money,87
Khaldun,purpose,87
Humboldt,meteoric,86
Khaldun,makes,86
Khaldun,persons,86
Somerville,reflection,86
Somerville,rest,86
Goethe,theory,85
Humboldt,formations,85
Khaldun,ability,85
Khaldun,east,85
Somerville,crystals,85
Somerville,regard,85
Somerville,revolving,85
Goethe,note,84
Humboldt,character,84
Humboldt,depth,84
Humboldt,formation,84
Khaldun,ideas,84
Khaldun,instance,84
Khaldun,tax,84
Somerville,circumstances,84
Somerville,day,84
Somerville,formed,84
Somerville,obtained,84
Somerville,paper,84
Goethe,grey,83
Humboldt,iii,83
Humboldt,results,83
Khaldun,bedouins,83
Khaldun,political,83
Khaldun,regard,83
Khaldun,study,83
Somerville,common,83
Somerville,parallax,83
Goethe,phenomenon,82
Khaldun,exist,82
Khaldun,powers,82
Somerville,direct,82
Somerville,hemisphere,82
Somerville,move,82
Somerville,saturn,82
Humboldt,condition,81
Khaldun,caliphate,81
Khaldun,close,81
Khaldun,individual,81
Khaldun,spain,81
Khaldun,word,81
Somerville,property,81
Somerville,proportion,81
Somerville,transmission,81
Goethe,manner,80
Goethe,prism,80
Humboldt,fire,80
Humboldt,miles,80
Khaldun,proper,80
Somerville,depth,80
Humboldt,currents,79
Humboldt,organic,79
Humboldt,position,79
Humboldt,word,79
Khaldun,descent,79
Khaldun,kinds,79
Khaldun,share,79
Somerville,height,79
Somerville,positions,79
Goethe,found,78
Humboldt,existence,78
Humboldt,lines,78
Humboldt,luminous,78
Humboldt,means,78
Khaldun,children,78
Khaldun,contact,78
Khaldun,discipline,78
Khaldun,prophet,78
Khaldun,scientific,78
Somerville,magnitude,78
Somerville,periods,78
Goethe,colourless,77
Humboldt,eruption,77
Humboldt,europe,77
Humboldt,planetary,77
Humboldt,southern,77
Khaldun,subject,77
Khaldun,truth,77
Somerville,inclination,77
Somerville,secular,77
Goethe,apparent,76
Humboldt,equal,76
Humboldt,formed,76
Humboldt,shooting,76
Humboldt,solar,76
Khaldun,matter,76
Somerville,contact,76
Somerville,days,76
Somerville,equilibrium,76
Somerville,heavens,76
Somerville,perpendicular,76
Somerville,powerful,76
Somerville,pressure,76
Goethe,bright,75
Humboldt,moon,75
Humboldt,rise,75
Khaldun,leadership,75
Somerville,increased,75
Somerville,nebulous,75
Somerville,remarkable,75
Somerville,south,75
Somerville,true,75
Goethe,effects,74
Goethe,medium,74
Humboldt,islands,74
Somerville,black,74
Somerville,increases,74
Somerville,major,74
Goethe,edge,73
Humboldt,increase,73
Humboldt,volcano,73
Khaldun,dream,73
Somerville,celestial,73
Somerville,elements,73
Somerville,ethereal,73
Somerville,longitude,73
Somerville,pass,73
Somerville,yellow,73
Goethe,goethe,72
Goethe,impression,72
Goethe,shadows,72
Humboldt,central,72
Humboldt,density,72
Humboldt,intensity,72
Humboldt,manner,72
Humboldt,observation,72
Humboldt,origin,72
Khaldun,desire,72
Khaldun,exercise,72
Khaldun,quality,72
Khaldun,sea,72
Khaldun,sense,72
Khaldun,special,72
Khaldun,strength,72
Somerville,arc,72
Somerville,battery,72
Somerville,discovery,72
Somerville,electrical,72
Somerville,excentricity,72
Somerville,image,72
Somerville,moving,72
Somerville,subject,72
Somerville,wave,72
Humboldt,activity,71
Humboldt,clouds,71
Humboldt,difference,71
Humboldt,greek,71
Humboldt,lower,71
Khaldun,times,71
Somerville,electro,71
Somerville,properties,71
Somerville,takes,71
Humboldt,geographical,70
Humboldt,globe,70
Humboldt,nebulous,70
Humboldt,vegetable,70
Khaldun,caliphs,70
Khaldun,considered,70
Khaldun,egypt,70
Khaldun,opinion,70
Khaldun,requires,70
Somerville,compression,70
Somerville,decrease,70
Somerville,maximum,70
Somerville,northern,70
Somerville,passes,70
Goethe,called,69
Humboldt,crust,69
Humboldt,depths,69
Humboldt,earthquakes,69
Humboldt,limits,69
Humboldt,mind,69
Humboldt,quantity,69
Humboldt,recent,69
Humboldt,relative,69
Humboldt,remains,69
Khaldun,books,69
Khaldun,exists,69
Somerville,depends,69
Somerville,plates,69
Somerville,principle,69
Goethe,similar,68
Humboldt,equator,68
Humboldt,study,68
Khaldun,philosophers,68
Khaldun,stage,68
Somerville,induction,68
Humboldt,america,67
Humboldt,led,67
Humboldt,upper,67
Khaldun,abû,67
Khaldun,clients,67
Khaldun,writing,67
Somerville,compared,67
Somerville,masses,67
Somerville,nebula,67
Goethe,circle,66
Goethe,pure,66
Goethe,refraction,66
Humboldt,elevated,66
Humboldt,geography,66
Humboldt,west,66
Khaldun,correct,66
Khaldun,habits,66
Khaldun,live,66
Khaldun,possession,66
Khaldun,supernatural,66
Somerville,nodes,66
Somerville,radius,66
Goethe,experiment,65
Goethe,opposite,65
Goethe,painting,65
Humboldt,asia,65
Humboldt,continent,65
Humboldt,continents,65
Humboldt,existing,65
Humboldt,fall,65
Khaldun,followers,65
Somerville,cold,65
Somerville,fall,65
Somerville,perihelion,65
Somerville,variable,65
Somerville,winds,65
Goethe,subject,64
Humboldt,island,64
Humboldt,stones,64
Khaldun,acquired,64
Khaldun,condition,64
Khaldun,population,64
Somerville,circle,64
Goethe,darkness,63
Goethe,exhibit,63
Humboldt,chemical,63
Humboldt,magnetism,63
Humboldt,november,63
Khaldun,created,63
Khaldun,increase,63
Khaldun,required,63
Khaldun,ruling,63
Khaldun,war,63
Somerville,ellipse,63
Somerville,eye,63
Somerville,southern,63
Somerville,thickness,63
Goethe,hue,62
Humboldt,development,62
Humboldt,granite,62
Humboldt,likewise,62
Humboldt,manifested,62
Humboldt,solid,62
Khaldun,discussion,62
Khaldun,spirit,62
Khaldun,wazir,62
Khaldun,weak,62
Somerville,capable,62
Somerville,planetary,62
Somerville,ring,62
Somerville,telescope,62
Somerville,vapour,62
Goethe,violet,61
Humboldt,arago,61
Humboldt,cosmical,61
Humboldt,limestone,61
Humboldt,owing,61
Humboldt,sciences,61
Humboldt,subterranean,61
Humboldt,view,61
Khaldun,charge,61
Khaldun,concern,61
Khaldun,real,61
Khaldun,rooted,61
Somerville,bright,61
Somerville,constant,61
Somerville,inequalities,61
Somerville,instant,61
Somerville,portion,61
Goethe,author,60
Goethe,physical,60
Humboldt,animals,60
Humboldt,day,60
Humboldt,discovered,60
Humboldt,discovery,60
Khaldun,intellect,60
Khaldun,obtain,60
Khaldun,stated,60
Somerville,annual,60
Somerville,fluid,60
Somerville,molecules,60
Somerville,plants,60
Somerville,polar,60
Somerville,wires,60
Goethe,colouring,59
Goethe,hand,59
Goethe,images,59
Goethe,mediums,59
Goethe,relation,59
Humboldt,appears,59
Humboldt,regarded,59
Humboldt,vegetation,59
Humboldt,velocity,59
Humboldt,western,59
Khaldun,applies,59
Khaldun,evil,59
Khaldun,family,59
Khaldun,heat,59
Khaldun,prose,59
Khaldun,realm,59
Somerville,interior,59
Somerville,land,59
Somerville,manner,59
Somerville,milky,59
Somerville,regions,59
Somerville,silver,59
Humboldt,century,58
Humboldt,experiments,58
Humboldt,polar,58
Humboldt,vapor,58
Khaldun,destruction,58
Khaldun,judge,58
Khaldun,son,58
Khaldun,sufis,58
Somerville,axes,58
Somerville,eclipses,58
Somerville,internal,58
Somerville,mutual,58
Somerville,optic,58
Somerville,rapid,58
Goethe,account,57
Humboldt,orbits,57
Humboldt,rock,57
Humboldt,springs,57
Khaldun,caliph,57
Khaldun,connected,57
Khaldun,country,57
Khaldun,earth,57
Khaldun,nation,57
Khaldun,takes,57
Khaldun,zones,57
Somerville,considerable,57
Somerville,diminishes,57
Somerville,extremely,57
Somerville,mercury,57
Somerville,positive,57
Goethe,form,56
Goethe,observations,56
Goethe,observed,56
Goethe,view,56
Humboldt,active,56
Humboldt,animal,56
Humboldt,body,56
Humboldt,chain,56
Humboldt,configuration,56
Humboldt,contact,56
Humboldt,fissures,56
Humboldt,produced,56
Humboldt,round,56
Humboldt,star,56
Khaldun,actions,56
Khaldun,ibn,56
Khaldun,persian,56
Khaldun,remote,56
Khaldun,thinking,56
Somerville,affecting,56
Somerville,evident,56
Somerville,figure,56
Somerville,independent,56
Somerville,measure,56
Somerville,relative,56
Somerville,straight,56
Somerville,varies,56
Somerville,violet,56
Goethe,chemical,55
Goethe,surfaces,55
Humboldt,appearance,55
Humboldt,connected,55
Humboldt,crater,55
Humboldt,individual,55
Humboldt,law,55
Humboldt,reference,55
Khaldun,acquire,55
Khaldun,activity,55
Khaldun,gain,55
Khaldun,persians,55
Khaldun,positions,55
Khaldun,sensual,55
Khaldun,town,55
Khaldun,water,55
Somerville,astronomical,55
Somerville,atmospheric,55
Somerville,disc,55
Somerville,faraday,55
Somerville,magnets,55
Somerville,oscillations,55
Somerville,perfect,55
Somerville,perfectly,55
Somerville,proportional,55
Somerville,revolve,55
Goethe,instance,54
Goethe,owing,54
Goethe,shadow,54
Goethe,water,54
Humboldt,attention,54
Humboldt,chains,54
Humboldt,coast,54
Humboldt,consideration,54
Humboldt,measurements,54
Humboldt,relation,54
Khaldun,activities,54
Khaldun,generation,54
Khaldun,reached,54
Khaldun,rules,54
Khaldun,soldiers,54
Somerville,pendulum,54
Somerville,rate,54
Somerville,refrangible,54
Somerville,sphere,54
Somerville,tourmaline,54
Goethe,attention,53
Goethe,doctrine,53
Goethe,edges,53
Goethe,observe,53
Goethe,semi,53
Humboldt,lava,53
Humboldt,similar,53
Humboldt,subject,53
Khaldun,abbâsid,53
Khaldun,arguments,53
Khaldun,bedouin,53
Khaldun,custom,53
Khaldun,expenditure,53
Khaldun,forms,53
Khaldun,ifrîqiyah,53
Khaldun,prayer,53
Khaldun,process,53
Khaldun,results,53
Khaldun,set,53
Khaldun,statement,53
Somerville,inch,53
Somerville,negative,53
Somerville,return,53
Somerville,separated,53
Somerville,surfaces,53
Somerville,wind,53
Goethe,paper,52
Humboldt,east,52
Humboldt,portions,52
Humboldt,substances,52
Humboldt,tropical,52
Humboldt,true,52
Humboldt,volume,52
Humboldt,zone,52
Khaldun,air,52
Khaldun,capital,52
Khaldun,rational,52
Somerville,diminished,52
Somerville,directions,52
Somerville,distant,52
Somerville,employed,52
Somerville,interference,52
Somerville,invariable,52
Somerville,objects,52
Somerville,series,52
Somerville,weight,52
Goethe,employed,51
Goethe,par,51
Goethe,terms,51
Humboldt,age,51
Humboldt,hist,51
Humboldt,human,51
Humboldt,sir,51
Humboldt,term,51
Khaldun,addition,51
Khaldun,building,51
Khaldun,deal,51
Khaldun,difficult,51
Khaldun,duties,51
Khaldun,essence,51
Khaldun,follow,51
Khaldun,imagination,51
Khaldun,linguistic,51
Khaldun,logic,51
Khaldun,lost,51
Khaldun,material,51
Khaldun,methods,51
Khaldun,region,51
Khaldun,syria,51
Khaldun,true,51
Somerville,analysis,51
Somerville,connected,51
Somerville,ether,51
Somerville,extreme,51
Somerville,minute,51
Somerville,needle,51
Somerville,ratio,51
Somerville,variety,51
Goethe,exhibits,50
Goethe,painters,50
Goethe,question,50
Humboldt,aurora,50
Humboldt,coal,50
Humboldt,external,50
Humboldt,nations,50
Humboldt,periods,50
Humboldt,und,50
Humboldt,zodiacal,50
Khaldun,based,50
Khaldun,degree,50
Khaldun,experience,50
Khaldun,noble,50
Khaldun,numerous,50
Khaldun,restricted,50
Somerville,distribution,50
Somerville,estimated,50
Somerville,hours,50
Somerville,ordinary,50
Somerville,prism,50
Somerville,sufficient,50
Somerville,uranus,50
Somerville,vibration,50
Goethe,degrees,49
Goethe,takes,49
Humboldt,flora,49
Humboldt,mud,49
Humboldt,pole,49
Humboldt,tropics,49
Humboldt,zones,49
Khaldun,business,49
Khaldun,care,49
Khaldun,christians,49
Khaldun,complete,49
Khaldun,day,49
Khaldun,manner,49
Khaldun,obtained,49
Khaldun,senses,49
Khaldun,sorcery,49
Khaldun,tradition,49
Somerville,affected,49
Somerville,set,49
Somerville,spheroid,49
Somerville,tail,49
Somerville,tube,49
Goethe,oil,48
Goethe,retina,48
Humboldt,cold,48
Humboldt,covered,48
Humboldt,iron,48
Humboldt,jupiter,48
Humboldt,region,48
Humboldt,streams,48
Khaldun,action,48
Khaldun,attitude,48
Khaldun,lead,48
Khaldun,leads,48
Khaldun,remained,48
Khaldun,technical,48
Khaldun,towns,48
Somerville,appearance,48
Somerville,conducting,48
Somerville,doubt,48
Somerville,mechanical,48
Somerville,passage,48
Somerville,physical,48
Somerville,quantities,48
Somerville,real,48
Somerville,revolutions,48
Somerville,short,48
Somerville,zone,48
Goethe,border,47
Goethe,distance,47
Goethe,objective,47
Goethe,round,47
Humboldt,annual,47
Humboldt,declination,47
Humboldt,electricity,47
Humboldt,extent,47
Humboldt,fossil,47
Humboldt,satellites,47
Humboldt,sur,47
Humboldt,winds,47
Khaldun,army,47
Khaldun,differences,47
Khaldun,force,47
Khaldun,gold,47
Khaldun,land,47
Khaldun,reasoning,47
Khaldun,revelation,47
Khaldun,student,47
Khaldun,support,47
Khaldun,tribes,47
Somerville,centrifugal,47
Somerville,consists,47
Somerville,millions,47
Somerville,peculiar,47
Somerville,phenomenon,47
Somerville,refracted,47
Somerville,supposed,47
Goethe,action,46
Goethe,easily,46
Goethe,produces,46
Goethe,result,46
Goethe,subjective,46
Humboldt,annalen,46
Humboldt,earthquake,46
Humboldt,evidence,46
Humboldt,latitudes,46
Humboldt,material,46
Humboldt,plains,46
Khaldun,amount,46
Khaldun,basic,46
Khaldun,gained,46
Khaldun,prophets,46
Khaldun,requirements,46
Khaldun,spiritual,46
Somerville,brought,46
Somerville,instance,46
Somerville,intervals,46
Somerville,metallic,46
Somerville,musical,46
Somerville,nearest,46
Somerville,passed,46
Somerville,radiation,46
Somerville,result,46
Somerville,strata,46
Goethe,practice,45
Goethe,sky,45
Goethe,true,45
Humboldt,ages,45
Humboldt,called,45
Humboldt,ground,45
Humboldt,herschel,45
Humboldt,length,45
Humboldt,pendulum,45
Humboldt,seas,45
Humboldt,sphere,45
Humboldt,variations,45
Khaldun,caused,45
Khaldun,days,45
Khaldun,eloquence,45
Khaldun,happened,45
Khaldun,house,45
Khaldun,intellectual,45
Khaldun,west,45
Somerville,ascertained,45
Somerville,inversely,45
Somerville,makes,45
Somerville,numerous,45
Somerville,photographic,45
Somerville,shown,45
Somerville,size,45
Somerville,structure,45
Somerville,systems,45
Goethe,air,44
Goethe,art,44
Goethe,conditions,44
Goethe,immediately,44
Goethe,observation,44
Goethe,painter,44
Goethe,sense,44
Humboldt,acid,44
Humboldt,deep,44
Humboldt,falls,44
Humboldt,frequently,44
Humboldt,hitherto,44
Humboldt,pressure,44
Humboldt,process,44
Humboldt,processes,44
Humboldt,special,44
Humboldt,supposed,44
Humboldt,vast,44
Khaldun,basis,44
Khaldun,belong,44
Khaldun,combinations,44
Khaldun,destroyed,44
Khaldun,difference,44
Khaldun,fall,44
Khaldun,legal,44
Khaldun,north,44
Khaldun,prices,44
Khaldun,stars,44
Khaldun,vision,44
Somerville,amount,44
Somerville,bar,44
Somerville,central,44
Somerville,clouds,44
Somerville,distinct,44
Somerville,divided,44
Somerville,energy,44
Somerville,existence,44
Somerville,produces,44
Somerville,resistance,44
Somerville,satellite,44
Goethe,appeared,43
Goethe,contrast,43
Goethe,eyes,43
Goethe,mode,43
Goethe,portion,43
Goethe,quality,43
Goethe,remarkable,43
Humboldt,atmospheric,43
Humboldt,attraction,43
Humboldt,climate,43
Humboldt,consequence,43
Humboldt,heaven,43
Humboldt,himalaya,43
Humboldt,internal,43
Humboldt,narrow,43
Humboldt,note,43
Humboldt,opinion,43
Humboldt,opposite,43
Humboldt,powerful,43
Humboldt,scientific,43
Humboldt,vapors,43
Khaldun,act,43
Khaldun,animal,43
Khaldun,bad,43
Khaldun,brought,43
Khaldun,evidence,43
Khaldun,generations,43
Khaldun,learn,43
Khaldun,prophecy,43
Khaldun,taxes,43
Khaldun,understand,43
Somerville,absorbed,43
Somerville,determining,43
Somerville,horizon,43
Somerville,left,43
Somerville,natural,43
Somerville,nearer,43
Somerville,nucleus,43
Somerville,steam,43
Somerville,united,43
Somerville,vary,43
Goethe,exhibited,42
Goethe,physiological,42
Humboldt,asie,42
Humboldt,investigation,42
Humboldt,needle,42
Humboldt,parallel,42
Humboldt,paris,42
Humboldt,peculiar,42
Humboldt,result,42
Humboldt,scarcely,42
Khaldun,achieved,42
Khaldun,master,42
Khaldun,prosperity,42
Khaldun,relationship,42
Khaldun,type,42
Khaldun,wealth,42
Somerville,crystal,42
Somerville,eclipse,42
Somerville,latitudes,42
Somerville,original,42
Somerville,planes,42
Somerville,remain,42
Somerville,spot,42
Somerville,uniform,42
Humboldt,actual,41
Humboldt,days,41
Humboldt,eastern,41
Humboldt,journal,41
Humboldt,orbit,41
Humboldt,philosophy,41
Humboldt,striking,41
Khaldun,appearance,41
Khaldun,continued,41
Khaldun,faith,41
Khaldun,glory,41
Khaldun,left,41
Khaldun,necessities,41
Khaldun,organization,41
Khaldun,senility,41
Khaldun,social,41
Khaldun,sound,41
Khaldun,species,41
Khaldun,written,41
Somerville,ages,41
Somerville,defined,41
Somerville,disturbed,41
Somerville,equinoctial,41
Somerville,increasing,41
Somerville,lengths,41
Somerville,rapidly,41
Somerville,refrangibility,41
Somerville,species,41
Somerville,varying,41
Somerville,zinc,41
Goethe,class,40
Goethe,elementary,40
Goethe,glasses,40
Goethe,natural,40
Goethe,plate,40
Goethe,series,40
Humboldt,buch,40
Humboldt,center,40
Humboldt,common,40
Humboldt,considerable,40
Humboldt,differences,40
Humboldt,electric,40
Humboldt,importance,40
Humboldt,primitive,40
Humboldt,races,40
Humboldt,respect,40
Humboldt,series,40
Humboldt,stratum,40
Humboldt,stream,40
Humboldt,terms,40
Khaldun,abbâsids,40
Khaldun,houses,40
Khaldun,low,40
Khaldun,military,40
Khaldun,necessity,40
Khaldun,norms,40
Khaldun,original,40
Khaldun,pictures,40
Khaldun,umayyads,40
Somerville,angular,40
Somerville,changed,40
Somerville,circuit,40
Somerville,gradually,40
Somerville,images,40
Somerville,origin,40
Somerville,oxygen,40
Somerville,perturbations,40
Somerville,science,40
Somerville,viewed,40
Goethe,brightness,39
Goethe,law,39
Goethe,pictures,39
Humboldt,appeared,39
Humboldt,basalt,39
Humboldt,composition,39
Humboldt,conditions,39
Humboldt,elements,39
Humboldt,eruptions,39
Humboldt,hot,39
Humboldt,idea,39
Humboldt,limited,39
Humboldt,local,39
Humboldt,meteorological,39
Humboldt,revolution,39
Humboldt,shores,39
Khaldun,achieve,39
Khaldun,berbers,39
Khaldun,completely,39
Khaldun,countries,39
Khaldun,explained,39
Khaldun,express,39
Khaldun,fourth,39
Khaldun,grain,39
Khaldun,method,39
Khaldun,nobility,39
Khaldun,period,39
Khaldun,protection,39
Khaldun,restraining,39
Khaldun,servants,39
Khaldun,story,39
Khaldun,sun,39
Khaldun,tribe,39
Khaldun,worldly,39
Somerville,absorption,39
Somerville,altogether,39
Somerville,constitution,39
Somerville,equatorial,39
Somerville,fahrenheit,39
Somerville,hot,39
Somerville,liquids,39
Somerville,media,39
Somerville,metal,39
Somerville,mode,39
Somerville,molecular,39
Somerville,owing,39
Somerville,periodical,39
Somerville,results,39
Somerville,revolves,39
Somerville,solution,39
Somerville,spar,39
Somerville,spots,39
Somerville,undulatory,39
Goethe,alluded,38
Goethe,beautiful,38
Goethe,centre,38
Goethe,complete,38
Goethe,examples,38
Goethe,luminous,38
Goethe,observer,38
Goethe,original,38
Goethe,principle,38
Goethe,principles,38
Goethe,scale,38
Goethe,square,38
Goethe,venetian,38
Humboldt,apparent,38
Humboldt,current,38
Humboldt,geognostic,38
Humboldt,lat,38
Humboldt,periodic,38
Humboldt,porphyry,38
Humboldt,progress,38
Humboldt,rain,38
Humboldt,sedimentary,38
Humboldt,shown,38
Humboldt,theory,38
Humboldt,words,38
Khaldun,attack,38
Khaldun,buildings,38
Khaldun,cultivated,38
Khaldun,distinguished,38
Khaldun,functions,38
Khaldun,idea,38
Khaldun,level,38
Khaldun,likewise,38
Khaldun,market,38
Khaldun,perfect,38
Khaldun,rashîd,38
Khaldun,sounds,38
Khaldun,speculative,38
Somerville,arising,38
Somerville,brilliant,38
Somerville,deep,38
Somerville,exposed,38
Somerville,extremities,38
Somerville,farther,38
Somerville,occasions,38
Somerville,permanent,38
Somerville,perpetual,38
Somerville,rise,38
Somerville,sand,38
Somerville,simple,38
Somerville,tables,38
Somerville,ten,38
Somerville,twenty,38
Somerville,vegetation,38
Somerville,venus,38
Goethe,double,37
Humboldt,amount,37
Humboldt,beds,37
Humboldt,centrale,37
Humboldt,change,37
Humboldt,contemplation,37
Humboldt,distances,37
Humboldt,effect,37
Humboldt,nebulae,37
Humboldt,nucleus,37
Humboldt,passage,37
Humboldt,probable,37
Humboldt,quito,37
Humboldt,regard,37
Humboldt,separate,37
Khaldun,existing,37
Khaldun,father,37
Khaldun,history,37
Khaldun,injustice,37
Khaldun,letters,37
Khaldun,object,37
Khaldun,pay,37
Khaldun,supervision,37
Somerville,appeared,37
Somerville,breadth,37
Somerville,diamagnetic,37
Somerville,exist,37
Somerville,impossible,37
Somerville,mountains,37
Somerville,newton,37
Somerville,orange,37
Somerville,paramagnetic,37
Somerville,path,37
Somerville,radiant,37
Somerville,reason,37
Somerville,tropical,37
Goethe,half,36
Goethe,hues,36
Goethe,regard,36
Goethe,space,36
Humboldt,admirable,36
Humboldt,chinese,36
Humboldt,compared,36
Humboldt,distant,36
Humboldt,france,36
Humboldt,half,36
Humboldt,ideas,36
Humboldt,intellectual,36
Humboldt,occurrence,36
Humboldt,organisms,36
Humboldt,perpetual,36
Humboldt,poles,36
Humboldt,professor,36
Humboldt,sky,36
Humboldt,waters,36
Humboldt,wholly,36
Khaldun,affected,36
Khaldun,appointed,36
Khaldun,belongs,36
Khaldun,call,36
Khaldun,formation,36
Khaldun,hold,36
Khaldun,income,36
Khaldun,line,36
Khaldun,observed,36
Khaldun,perfection,36
Khaldun,purposes,36
Khaldun,recent,36
Khaldun,resulting,36
Khaldun,south,36
Khaldun,traditions,36
Khaldun,umar,36
Khaldun,view,36
Somerville,accomplished,36
Somerville,alternately,36
Somerville,approach,36
Somerville,creation,36
Somerville,discoveries,36
Somerville,extends,36
Somerville,extensive,36
Somerville,ground,36
Somerville,horizontal,36
Somerville,induced,36
Somerville,level,36
Somerville,metals,36
Somerville,method,36
Somerville,neptune,36
Somerville,particle,36
Somerville,received,36
Somerville,remote,36
Somerville,steel,36
Somerville,stratum,36
Somerville,sum,36
Somerville,transparent,36
Somerville,vast,36
Somerville,west,36
Somerville,william,36
Goethe,acquainted,35
Goethe,aristotle,35
Goethe,character,35
Goethe,figure,35
Goethe,mere,35
Goethe,perceive,35
Goethe,substance,35
Goethe,union,35
Humboldt,annuaire,35
Humboldt,compare,35
Humboldt,composed,35
Humboldt,elevations,35
Humboldt,epochs,35
Humboldt,erupted,35
Humboldt,free,35
Humboldt,imagination,35
Humboldt,inclination,35
Humboldt,numerical,35
Humboldt,oscillations,35
Humboldt,rose,35
Humboldt,sandstone,35
Humboldt,trace,35
Humboldt,visible,35
Humboldt,winter,35
Khaldun,accordance,35
Khaldun,acts,35
Khaldun,alchemy,35
Khaldun,bring,35
Khaldun,circumstances,35
Khaldun,death,35
Khaldun,degrees,35
Khaldun,doorkeeper,35
Khaldun,interpretation,35
Khaldun,irâq,35
Khaldun,light,35
Khaldun,mediterranean,35
Khaldun,scholarship,35
Khaldun,silver,35
Khaldun,teachers,35
Khaldun,understanding,35
Somerville,accuracy,35
Somerville,astronomy,35
Somerville,bismuth,35
Somerville,circumstance,35
Somerville,determine,35
Somerville,edge,35
Somerville,equivalent,35
Somerville,gas,35
Somerville,ice,35
Somerville,islands,35
Somerville,kinds,35
Somerville,possess,35
Somerville,requisite,35
Somerville,shadow,35
Somerville,tidal,35
Somerville,unequal,35
Goethe,powerful,34
Goethe,reference,34
Goethe,reflected,34
Goethe,titian,34
Humboldt,aetna,34
Humboldt,andes,34
Humboldt,annales,34
Humboldt,beautiful,34
Humboldt,brilliant,34
Humboldt,celebrated,34
Humboldt,double,34
Humboldt,families,34
Humboldt,fixed,34
Humboldt,fluid,34
Humboldt,foundation,34
Humboldt,heavens,34
Humboldt,liquid,34
Humboldt,mica,34
Humboldt,middle,34
Humboldt,notice,34
Humboldt,power,34
Humboldt,transition,34
Humboldt,uranus,34
Khaldun,accepted,34
Khaldun,agriculture,34
Khaldun,bodies,34
Khaldun,constitute,34
Khaldun,depends,34
Khaldun,derived,34
Khaldun,goal,34
Khaldun,grow,34
Khaldun,luxuries,34
Khaldun,prepared,34
Khaldun,produce,34
Khaldun,reality,34
Khaldun,secretary,34
Khaldun,souls,34
Khaldun,teaching,34
Khaldun,unable,34
Khaldun,urban,34
Somerville,assumed,34
Somerville,calorific,34
Somerville,centauri,34
Somerville,close,34
Somerville,comparison,34
Somerville,depend,34
Somerville,disturbances,34
Somerville,elastic,34
Somerville,elevation,34
Somerville,instances,34
Somerville,lightning,34
Somerville,piece,34
Somerville,powers,34
Somerville,question,34
Somerville,regarded,34
Somerville,stability,34
Somerville,summer,34
Somerville,surrounding,34
Somerville,winter,34
Goethe,connected,33
Goethe,disk,33
Goethe,gradually,33
Goethe,lights,33
Goethe,organ,33
Goethe,reflection,33
Goethe,science,33
Humboldt,account,33
Humboldt,bessel,33
Humboldt,cape,33
Humboldt,captain,33
Humboldt,coasts,33
Humboldt,constitute,33
Humboldt,earlier,33
Humboldt,larger,33
Humboldt,mode,33
Humboldt,mount,33
Humboldt,recently,33
Humboldt,saturn,33
Humboldt,simultaneously,33
Humboldt,soil,33
Humboldt,unknown,33
Humboldt,vicinity,33
Khaldun,consequence,33
Khaldun,elements,33
Khaldun,entrusted,33
Khaldun,existed,33
Khaldun,hands,33
Khaldun,increases,33
Khaldun,inferior,33
Khaldun,mention,33
Khaldun,obedience,33
Khaldun,origin,33
Khaldun,ranks,33
Khaldun,strong,33
Khaldun,style,33
Somerville,acting,33
Somerville,actual,33
Somerville,atlantic,33
Somerville,comparative,33
Somerville,continually,33
Somerville,cross,33
Somerville,elasticity,33
Somerville,enormous,33
Somerville,expansion,33
Somerville,hundred,33
Somerville,intense,33
Somerville,precession,33
Somerville,reciprocal,33
Somerville,retrograde,33
Somerville,singular,33
Somerville,sky,33
Somerville,tendency,33
Somerville,vibrating,33
Goethe,bodies,32
Goethe,change,32
Goethe,circumstances,32
Goethe,darker,32
Goethe,laws,32
Goethe,mind,32
Goethe,partly,32
Goethe,united,32
Humboldt,alexander,32
Humboldt,astron,32
Humboldt,based,32
Humboldt,delineation,32
Humboldt,exercised,32
Humboldt,expression,32
Humboldt,finally,32
Humboldt,gaseous,32
Humboldt,geology,32
Humboldt,granular,32
Humboldt,investigations,32
Humboldt,mere,32
Humboldt,night,32
Humboldt,notes,32
Humboldt,rotation,32
Humboldt,situated,32
Humboldt,united,32
Khaldun,analogical,32
Khaldun,change,32
Khaldun,claims,32
Khaldun,corporeal,32
Khaldun,descendants,32
Khaldun,effect,32
Khaldun,free,32
Khaldun,jurisprudence,32
Khaldun,lack,32
Khaldun,learned,32
Khaldun,mass,32
Khaldun,medicine,32
Khaldun,monuments,32
Khaldun,peculiar,32
Khaldun,possess,32
Khaldun,prestige,32
Khaldun,principles,32
Khaldun,remains,32
Khaldun,ruin,32
Khaldun,sustenance,32
Khaldun,umayyad,32
Khaldun,worship,32
Somerville,acid,32
Somerville,combined,32
Somerville,connexion,32
Somerville,considered,32
Somerville,directly,32
Somerville,discharge,32
Somerville,due,32
Somerville,immediately,32
Somerville,impressions,32
Somerville,invisible,32
Somerville,irregular,32
Somerville,moved,32
Somerville,moves,32
Somerville,principal,32
Somerville,probable,32
Somerville,relation,32
Somerville,remains,32
Somerville,sudden,32
Goethe,altogether,31
Goethe,circles,31
Goethe,della,31
Goethe,description,31
Goethe,orange,31
Goethe,perfectly,31
Goethe,prepared,31
Goethe,prismatic,31
Goethe,sufficiently,31
Humboldt,aspect,31
Humboldt,comparison,31
Humboldt,diameter,31
Humboldt,die,31
Humboldt,direct,31
Humboldt,domain,31
Humboldt,electro,31
Humboldt,isolated,31
Humboldt,magnitude,31
Humboldt,occasionally,31
Humboldt,poggend,31
Humboldt,sense,31
Humboldt,twenty,31
Khaldun,attention,31
Khaldun,built,31
Khaldun,defence,31
Khaldun,demand,31
Khaldun,developed,31
Khaldun,disappeared,31
Khaldun,divided,31
Khaldun,exercises,31
Khaldun,forced,31
Khaldun,heart,31
Khaldun,letter,31
Khaldun,meant,31
Khaldun,politics,31
Khaldun,public,31
Khaldun,reach,31
Khaldun,reasons,31
Khaldun,require,31
Khaldun,revenue,31
Khaldun,studies,31
Khaldun,superior,31
Khaldun,turks,31
Khaldun,wrote,31
Somerville,acts,31
Somerville,arises,31
Somerville,conditions,31
Somerville,continued,31
Somerville,cut,31
Somerville,difficult,31
Somerville,dimensions,31
Somerville,dispersion,31
Somerville,drawn,31
Somerville,dry,31
Somerville,ear,31
Somerville,falling,31
Somerville,gases,31
Somerville,highly,31
Somerville,hole,31
Somerville,homogeneous,31
Somerville,hypothesis,31
Somerville,idea,31
Somerville,identity,31
Somerville,incident,31
Somerville,inequality,31
Somerville,instrument,31
Somerville,lower,31
Somerville,nutation,31
Somerville,occasion,31
Somerville,proof,31
Somerville,raised,31
Somerville,reduced,31
Somerville,refracting,31
Somerville,spring,31
Somerville,storms,31
Somerville,suppose,31
Somerville,tangent,31
Somerville,trade,31
Somerville,vertical,31
Somerville,volcanic,31
Goethe,illumined,30
Goethe,leonardo,30
Goethe,remarked,30
Goethe,spectrum,30
Goethe,treatise,30
Goethe,varnish,30
Humboldt,astronomical,30
Humboldt,august,30
Humboldt,country,30
Humboldt,derived,30
Humboldt,dry,30
Humboldt,falling,30
Humboldt,hypothesis,30
Humboldt,language,30
Humboldt,moving,30
Humboldt,numerous,30
Humboldt,occur,30
Humboldt,question,30
Humboldt,remote,30
Humboldt,researches,30
Humboldt,shocks,30
Humboldt,slate,30
Humboldt,summer,30
Humboldt,systems,30
Khaldun,account,30
Khaldun,allowances,30
Khaldun,avoid,30
Khaldun,cold,30
Khaldun,commerce,30
Khaldun,desires,30
Khaldun,employed,30
Khaldun,eyes,30
Khaldun,famous,30
Khaldun,figures,30
Khaldun,harm,30
Khaldun,historical,30
Khaldun,importance,30
Khaldun,increased,30
Khaldun,intended,30
Khaldun,israelites,30
Khaldun,limit,30
Khaldun,occur,30
Khaldun,possessed,30
Khaldun,sort,30
Khaldun,veil,30
Khaldun,verses,30
Khaldun,zone,30
Somerville,acceleration,30
Somerville,america,30
Somerville,arcs,30
Somerville,astronomers,30
Somerville,attract,30
Somerville,barometer,30
Somerville,character,30
Somerville,coincide,30
Somerville,combustion,30
Somerville,conductor,30
Somerville,darkness,30
Somerville,decomposition,30
Somerville,developed,30
Somerville,extraordinary,30
Somerville,extremity,30
Somerville,flow,30
Somerville,heavenly,30
Somerville,held,30
Somerville,human,30
Somerville,mines,30
Somerville,opposition,30
Somerville,perigee,30
Somerville,polarity,30
Somerville,radii,30
Somerville,region,30
Somerville,snow,30
Somerville,tension,30
Somerville,terms,30
Somerville,thousand,30
Goethe,accessory,29
Goethe,augmentation,29
Goethe,call,29
Goethe,direction,29
Goethe,distinct,29
Goethe,foundation,29
Goethe,history,29
Goethe,lighter,29
Goethe,oxydation,29
Goethe,shade,29
Goethe,substances,29
Goethe,vision,29
Humboldt,aërolites,29
Humboldt,balls,29
Humboldt,berlin,29
Humboldt,celestial,29
Humboldt,considerations,29
Humboldt,developed,29
Humboldt,hemisphere,29
Humboldt,hope,29
Humboldt,impression,29
Humboldt,intimate,29
Humboldt,john,29
Humboldt,mineral,29
Humboldt,notwithstanding,29
Humboldt,permanent,29
Humboldt,products,29
Humboldt,simple,29
Humboldt,simultaneous,29
Humboldt,starry,29
Humboldt,structure,29
Humboldt,translator,29
Humboldt,vertical,29
Humboldt,vesuvius,29
Khaldun,abd,29
Khaldun,ancient,29
Khaldun,angels,29
Khaldun,decrease,29
Khaldun,european,29
Khaldun,feelings,29
Khaldun,justice,29
Khaldun,leader,29
Khaldun,merchants,29
Khaldun,mutual,29
Khaldun,oneness,29
Khaldun,operation,29
Khaldun,scholarly,29
Khaldun,seal,29
Khaldun,single,29
Khaldun,stories,29
Somerville,apparatus,29
Somerville,combination,29
Somerville,data,29
Somerville,decreases,29
Somerville,dense,29
Somerville,duration,29
Somerville,encke,29
Somerville,evolved,29
Somerville,foundation,29
Somerville,helix,29
Somerville,instruments,29
Somerville,measures,29
Somerville,mica,29
Somerville,node,29
Somerville,notes,29
Somerville,polished,29
Somerville,resolved,29
Somerville,solids,29
Somerville,thermometer,29
Goethe,application,28
Goethe,artist,28
Goethe,difference,28
Goethe,dioptrical,28
Goethe,distinctly,28
Goethe,hitherto,28
Goethe,method,28
Goethe,observes,28
Goethe,single,28
Humboldt,absolute,28
Humboldt,carbonic,28
Humboldt,chalk,28
Humboldt,chimie,28
Humboldt,climates,28
Humboldt,compression,28
Humboldt,continued,28
Humboldt,dense,28
Humboldt,determined,28
Humboldt,district,28
Humboldt,extinct,28
Humboldt,fell,28
Humboldt,horizon,28
Humboldt,hours,28
Humboldt,inhabitants,28
Humboldt,instances,28
Humboldt,mankind,28
Humboldt,milky,28
Humboldt,noise,28
Humboldt,perfect,28
Humboldt,physique,28
Humboldt,rays,28
Humboldt,regular,28
Humboldt,short,28
Humboldt,thunder,28
Khaldun,accustomed,28
Khaldun,attempt,28
Khaldun,brings,28
Khaldun,centre,28
Khaldun,compared,28
Khaldun,disciplines,28
Khaldun,expression,28
Khaldun,external,28
Khaldun,grows,28
Khaldun,happiness,28
Khaldun,identical,28
Khaldun,leaders,28
Khaldun,lines,28
Khaldun,mahdî,28
Khaldun,mankind,28
Khaldun,obvious,28
Khaldun,perceive,28
Khaldun,provinces,28
Khaldun,rarely,28
Khaldun,revenues,28
Khaldun,scholar,28
Khaldun,speculation,28
Khaldun,temperate,28
Khaldun,weakness,28
Khaldun,wiped,28
Khaldun,women,28
Somerville,affect,28
Somerville,alternate,28
Somerville,applied,28
Somerville,attracted,28
Somerville,begins,28
Somerville,bottom,28
Somerville,brightness,28
Somerville,caused,28
Somerville,clusters,28
Somerville,column,28
Somerville,conductors,28
Somerville,conjunction,28
Somerville,constructed,28
Somerville,curve,28
Somerville,equally,28
Somerville,galvanic,28
Somerville,heights,28
Somerville,identical,28
Somerville,including,28
Somerville,low,28
Somerville,modes,28
Somerville,night,28
Somerville,occupied,28
Somerville,repulsion,28
Somerville,rises,28
Somerville,single,28
Somerville,spark,28
Somerville,surrounded,28
Somerville,suspended,28
Somerville,totally,28
Somerville,unknown,28
Somerville,view,28
Goethe,borders,27
Goethe,combination,27
Goethe,contrary,27
Goethe,distinguished,27
Goethe,electronic,27
Goethe,experience,27
Goethe,picture,27
Goethe,proceed,27
Goethe,remain,27
Goethe,remains,27
Goethe,simple,27
Goethe,speak,27
Goethe,vivid,27
Humboldt,accurate,27
Humboldt,branches,27
Humboldt,certainty,27
Humboldt,crystals,27
Humboldt,determine,27
Humboldt,electronic,27
Humboldt,enjoyment,27
Humboldt,identical,27
Humboldt,indian,27
Humboldt,laplace,27
Humboldt,lib,27
Humboldt,maximum,27
Humboldt,modern,27
Humboldt,movements,27
Humboldt,mutual,27
Humboldt,object,27
Humboldt,remarked,27
Humboldt,size,27
Humboldt,storms,27
Humboldt,summits,27
Humboldt,tail,27
Humboldt,temperate,27
Humboldt,vault,27
Humboldt,vital,27
Humboldt,waves,27
Khaldun,adopt,27
Khaldun,astrology,27
Khaldun,bakr,27
Khaldun,battle,27
Khaldun,byzantines,27
Khaldun,camels,27
Khaldun,contemporary,27
Khaldun,disposition,27
Khaldun,education,27
Khaldun,governmental,27
Khaldun,holy,27
Khaldun,impossible,27
Khaldun,intention,27
Khaldun,jurists,27
Khaldun,logical,27
Khaldun,mûn,27
Khaldun,officials,27
Khaldun,opinions,27
Khaldun,perceived,27
Khaldun,proof,27
Khaldun,reaches,27
Khaldun,relatives,27
Khaldun,seat,27
Khaldun,sign,27
Khaldun,spanish,27
Khaldun,spheres,27
Khaldun,verse,27
Khaldun,visions,27
Somerville,accelerated,27
Somerville,analogous,27
Somerville,annually,27
Somerville,beginning,27
Somerville,calculated,27
Somerville,communicated,27
Somerville,complete,27
Somerville,condensation,27
Somerville,curved,27
Somerville,east,27
Somerville,electronic,27
Somerville,equation,27
Somerville,equinoxes,27
Somerville,exhibited,27
Somerville,experience,27
Somerville,falls,27
Somerville,friction,27
Somerville,impulse,27
Somerville,leagues,27
Somerville,local,27
Somerville,measurement,27
Somerville,observes,27
Somerville,prove,27
Somerville,rare,27
Somerville,regular,27
Somerville,salt,27
Somerville,seas,27
Somerville,sine,27
Somerville,sounds,27
Somerville,storm,27
Somerville,string,27
Somerville,tails,27
Somerville,traced,27
Somerville,ultimately,27
Goethe,extent,26
Goethe,figures,26
Goethe,increased,26
Goethe,operation,26
Goethe,pass,26
Goethe,relations,26
Goethe,striking,26
Goethe,subdued,26
Goethe,visible,26
Goethe,writers,26
Humboldt,belong,26
Humboldt,cap,26
Humboldt,cordilleras,26
Humboldt,craters,26
Humboldt,cultivation,26
Humboldt,districts,26
Humboldt,edition,26
Humboldt,enormous,26
Humboldt,exist,26
Humboldt,fishes,26
Humboldt,foot,26
Humboldt,fragments,26
Humboldt,halley,26
Humboldt,heavenly,26
Humboldt,horary,26
Humboldt,horizontal,26
Humboldt,isothermal,26
Humboldt,lying,26
Humboldt,objects,26
Humboldt,observer,26
Humboldt,race,26
Humboldt,secondary,26
Humboldt,sound,26
Humboldt,sudden,26
Humboldt,termed,26
Humboldt,varied,26
Khaldun,approach,26
Khaldun,assumed,26
Khaldun,child,26
Khaldun,composition,26
Khaldun,confused,26
Khaldun,correspondence,26
Khaldun,effort,26
Khaldun,greek,26
Khaldun,humanity,26
Khaldun,imam,26
Khaldun,institution,26
Khaldun,killed,26
Khaldun,kitâb,26
Khaldun,leading,26
Khaldun,leave,26
Khaldun,militia,26
Khaldun,motions,26
Khaldun,music,26
Khaldun,official,26
Khaldun,opposite,26
Khaldun,plants,26
Khaldun,practice,26
Khaldun,protect,26
Khaldun,simple,26
Khaldun,task,26
Somerville,accidental,26
Somerville,beautiful,26
Somerville,centres,26
Somerville,confirmed,26
Somerville,deviation,26
Somerville,diminish,26
Somerville,edges,26
Somerville,equinox,26
Somerville,excess,26
Somerville,heard,26
Somerville,impression,26
Somerville,inches,26
Somerville,intermediate,26
Somerville,lens,26
Somerville,lime,26
Somerville,limits,26
Somerville,material,26
Somerville,occasioned,26
Somerville,rotatory,26
Somerville,source,26
Somerville,succession,26
Somerville,successively,26
Somerville,sulphate,26
Somerville,sunbeam,26
Somerville,tangential,26
Somerville,universal,26
Somerville,vanish,26
Goethe,act,25
Goethe,circumscribed,25
Goethe,circumstance,25
Goethe,direct,25
Goethe,halos,25
Goethe,harmony,25
Goethe,instances,25
Goethe,italian,25
Goethe,pittura,25
Goethe,specific,25
Goethe,squares,25
Goethe,till,25
Humboldt,alike,25
Humboldt,animated,25
Humboldt,author,25
Humboldt,bottom,25
Humboldt,british,25
Humboldt,climatic,25
Humboldt,conjecture,25
Humboldt,contained,25
Humboldt,continental,25
Humboldt,declivity,25
Humboldt,dependent,25
Humboldt,distributed,25
Humboldt,epoch,25
Humboldt,exercise,25
Humboldt,experience,25
Humboldt,experienced,25
Humboldt,forming,25
Humboldt,gas,25
Humboldt,increased,25
Humboldt,limit,25
Humboldt,meridian,25
Humboldt,mexico,25
Humboldt,passed,25
Humboldt,picture,25
Humboldt,reason,25
Humboldt,remarks,25
Humboldt,ring,25
Humboldt,schist,25
Humboldt,separated,25
Humboldt,society,25
Humboldt,source,25
Humboldt,storm,25
Humboldt,tertiary,25
Khaldun,adopted,25
Khaldun,altogether,25
Khaldun,aristotle,25
Khaldun,articles,25
Khaldun,assume,25
Khaldun,christian,25
Khaldun,continues,25
Khaldun,disintegration,25
Khaldun,distinguish,25
Khaldun,efforts,25
Khaldun,fixed,25
Khaldun,governing,25
Khaldun,independent,25
Khaldun,individuals,25
Khaldun,influences,25
Khaldun,judgment,25
Khaldun,miracles,25
Khaldun,motion,25
Khaldun,ordinary,25
Khaldun,realized,25
Khaldun,reference,25
Khaldun,related,25
Khaldun,remarkable,25
Khaldun,sleep,25
Khaldun,starts,25
Khaldun,statements,25
Khaldun,students,25
Khaldun,substance,25
Khaldun,theology,25
Khaldun,tongue,25
Khaldun,turkish,25
Khaldun,wrong,25
Somerville,absolute,25
Somerville,annular,25
Somerville,arise,25
Somerville,ascertaining,25
Somerville,attributed,25
Somerville,climate,25
Somerville,deduced,25
Somerville,easily,25
Somerville,established,25
Somerville,europe,25
Somerville,exact,25
Somerville,external,25
Somerville,finding,25
Somerville,fine,25
Somerville,formation,25
Somerville,fourth,25
Somerville,galvanometer,25
Somerville,insulated,25
Somerville,knowledge,25
Somerville,larger,25
Somerville,months,25
Somerville,obliquity,25
Somerville,possibly,25
Somerville,prepared,25
Somerville,rain,25
Somerville,render,25
Somerville,represented,25
Somerville,required,25
Somerville,sensibly,25
Somerville,sidereal,25
Somerville,spiral,25
Somerville,squares,25
Somerville,transit,25
Somerville,transmit,25
Goethe,active,24
Goethe,condition,24
Goethe,consideration,24
Goethe,day,24
Goethe,excited,24
Goethe,follow,24
Goethe,force,24
Goethe,frequently,24
Goethe,larger,24
Goethe,modes,24
Goethe,moved,24
Goethe,opaque,24
Goethe,passes,24
Goethe,plates,24
Goethe,power,24
Goethe,real,24
Goethe,reddish,24
Goethe,splendour,24
Goethe,tendency,24
Goethe,variety,24
Goethe,world,24
Humboldt,american,24
Humboldt,ancients,24
Humboldt,belongs,24
Humboldt,biot,24
Humboldt,cloud,24
Humboldt,decrease,24
Humboldt,definite,24
Humboldt,directed,24
Humboldt,divided,24
Humboldt,exposition,24
Humboldt,gradual,24
Humboldt,low,24
Humboldt,meteors,24
Humboldt,method,24
Humboldt,noticed,24
Humboldt,occurring,24
Humboldt,powers,24
Humboldt,previously,24
Humboldt,propagation,24
Humboldt,purely,24
Humboldt,reise,24
Humboldt,surrounding,24
Humboldt,telescopic,24
Humboldt,tension,24
Humboldt,tree,24
Humboldt,ueber,24
Humboldt,unity,24
Humboldt,upward,24
Humboldt,valley,24
Khaldun,accept,24
Khaldun,active,24
Khaldun,alî,24
Khaldun,branch,24
Khaldun,chief,24
Khaldun,conformity,24
Khaldun,creation,24
Khaldun,customary,24
Khaldun,defend,24
Khaldun,details,24
Khaldun,differs,24
Khaldun,direct,24
Khaldun,enjoy,24
Khaldun,essential,24
Khaldun,familiar,24
Khaldun,fear,24
Khaldun,fighting,24
Khaldun,gradually,24
Khaldun,historians,24
Khaldun,hunger,24
Khaldun,lies,24
Khaldun,loss,24
Khaldun,middle,24
Khaldun,mixed,24
Khaldun,observation,24
Khaldun,operations,24
Khaldun,perceives,24
Khaldun,philosophy,24
Khaldun,poet,24
Khaldun,police,24
Khaldun,produces,24
Khaldun,propaganda,24
Khaldun,provide,24
Khaldun,reported,24
Khaldun,serve,24
Khaldun,short,24
Khaldun,speak,24
Khaldun,territory,24
Khaldun,treated,24
Khaldun,ubaydid,24
Khaldun,understood,24
Khaldun,âwiyah,24
Somerville,affinity,24
Somerville,arago,24
Somerville,arrive,24
Somerville,beam,24
Somerville,brilliancy,24
Somerville,concluded,24
Somerville,confined,24
Somerville,constellation,24
Somerville,continents,24
Somerville,definite,24
Somerville,destroy,24
Somerville,difficulty,24
Somerville,excited,24
Somerville,halley,24
Somerville,head,24
Somerville,hitherto,24
Somerville,hollow,24
Somerville,lead,24
Somerville,measuring,24
Somerville,precisely,24
Somerville,provided,24
Somerville,removed,24
Somerville,sources,24
Somerville,spaces,24
Somerville,suddenly,24
Somerville,total,24
Somerville,ultimate,24
Somerville,universe,24
Somerville,velocities,24
Goethe,arrested,23
Goethe,characteristic,23
Goethe,chromatic,23
Goethe,common,23
Goethe,explanation,23
Goethe,fig,23
Goethe,flesh,23
Goethe,increase,23
Goethe,intermediate,23
Goethe,mass,23
Goethe,mentioned,23
Goethe,mixed,23
Goethe,occasion,23
Goethe,pressure,23
Goethe,producing,23
Goethe,proportion,23
Goethe,results,23
Goethe,window,23
Humboldt,altitude,23
Humboldt,analogous,23
Humboldt,application,23
Humboldt,applied,23
Humboldt,ascribed,23
Humboldt,asteroids,23
Humboldt,beaumont,23
Humboldt,brought,23
Humboldt,coniferae,23
Humboldt,cooling,23
Humboldt,diversity,23
Humboldt,elie,23
Humboldt,frequent,23
Humboldt,gulf,23
Humboldt,heard,23
Humboldt,ice,23
Humboldt,instruments,23
Humboldt,labors,23
Humboldt,lie,23
Humboldt,olbers,23
Humboldt,particles,23
Humboldt,radiation,23
Humboldt,recognized,23
Humboldt,revolving,23
Humboldt,shore,23
Humboldt,sketch,23
Humboldt,thickness,23
Khaldun,abundant,23
Khaldun,aspects,23
Khaldun,claim,23
Khaldun,class,23
Khaldun,constant,23
Khaldun,constitutes,23
Khaldun,construction,23
Khaldun,cultivation,23
Khaldun,enemy,23
Khaldun,establish,23
Khaldun,existentia,23
Khaldun,fellow,23
Khaldun,greatly,23
Khaldun,hear,23
Khaldun,joy,23
Khaldun,larger,23
Khaldun,lived,23
Khaldun,mystical,23
Khaldun,ocean,23
Khaldun,personal,23
Khaldun,pre,23
Khaldun,pure,23
Khaldun,sufi,23
Khaldun,sword,23
Khaldun,temper,23
Khaldun,term,23
Khaldun,theologians,23
Khaldun,titles,23
Khaldun,treasure,23
Khaldun,waste,23
Somerville,analogy,23
Somerville,base,23
Somerville,carried,23
Somerville,cluster,23
Somerville,coming,23
Somerville,completely,23
Somerville,consist,23
Somerville,curves,23
Somerville,diameters,23
Somerville,diminution,23
Somerville,disturbance,23
Somerville,effected,23
Somerville,frequently,23
Somerville,fringes,23
Somerville,globular,23
Somerville,heated,23
Somerville,hydrogen,23
Somerville,iceland,23
Somerville,lost,23
Somerville,maintained,23
Somerville,mars,23
Somerville,neutral,23
Somerville,occasionally,23
Somerville,occur,23
Somerville,phosphorescent,23
Somerville,pitch,23
Somerville,preceding,23
Somerville,proving,23
Somerville,seasons,23
Somerville,slow,23
Somerville,strong,23
Somerville,sufficiently,23
Somerville,telescopic,23
Somerville,upper,23
Somerville,world,23
Goethe,chapter,22
Goethe,combinations,22
Goethe,del,22
Goethe,evident,22
Goethe,explained,22
Goethe,external,22
Goethe,gradations,22
Goethe,harmonious,22
Goethe,influence,22
Goethe,intended,22
Goethe,methods,22
Goethe,minus,22
Goethe,operations,22
Goethe,outline,22
Goethe,parallel,22
Goethe,passage,22
Goethe,perfect,22
Goethe,scientific,22
Goethe,size,22
Goethe,steel,22
Goethe,word,22
Humboldt,absence,22
Humboldt,accordance,22
Humboldt,aerolites,22
Humboldt,afford,22
Humboldt,africa,22
Humboldt,amber,22
Humboldt,aqueous,22
Humboldt,argillaceous,22
Humboldt,assumption,22
Humboldt,beginning,22
Humboldt,black,22
Humboldt,circumstance,22
Humboldt,civilization,22
Humboldt,depend,22
Humboldt,discoveries,22
Humboldt,distinguished,22
Humboldt,disturbances,22
Humboldt,ehrenberg,22
Humboldt,encke,22
Humboldt,enter,22
Humboldt,excellent,22
Humboldt,extended,22
Humboldt,filled,22
Humboldt,flow,22
Humboldt,fluids,22
Humboldt,genera,22
Humboldt,gradually,22
Humboldt,highly,22
Humboldt,historical,22
Humboldt,measurement,22
Humboldt,movement,22
Humboldt,obtained,22
Humboldt,occurred,22
Humboldt,oceanic,22
Humboldt,pass,22
Humboldt,perfectly,22
Humboldt,principal,22
Humboldt,raised,22
Humboldt,scoriae,22
Humboldt,seasons,22
Humboldt,singular,22
Humboldt,strabo,22
Humboldt,travels,22
Humboldt,universal,22
Humboldt,voyage,22
Khaldun,abundance,22
Khaldun,acquisition,22
Khaldun,affect,22
Khaldun,apply,22
Khaldun,arithmetic,22
Khaldun,blood,22
Khaldun,border,22
Khaldun,changed,22
Khaldun,closed,22
Khaldun,consists,22
Khaldun,creatures,22
Khaldun,die,22
Khaldun,emblems,22
Khaldun,equator,22
Khaldun,essences,22
Khaldun,estate,22
Khaldun,falls,22
Khaldun,fleet,22
Khaldun,forbidden,22
Khaldun,grew,22
Khaldun,highly,22
Khaldun,hundred,22
Khaldun,intentions,22
Khaldun,islamic,22
Khaldun,literary,22
Khaldun,mas,22
Khaldun,objects,22
Khaldun,philosophical,22
Khaldun,practise,22
Khaldun,prevent,22
Khaldun,previous,22
Khaldun,products,22
Khaldun,profits,22
Khaldun,proud,22
Khaldun,remain,22
Khaldun,revealed,22
Khaldun,secretaries,22
Khaldun,signs,22
Khaldun,studied,22
Khaldun,taste,22
Khaldun,terminology,22
Khaldun,title,22
Somerville,absorbs,22
Somerville,act,22
Somerville,application,22
Somerville,bent,22
Somerville,circumference,22
Somerville,coal,22
Somerville,coast,22
Somerville,cohesion,22
Somerville,condensed,22
Somerville,construction,22
Somerville,era,22
Somerville,follow,22
Somerville,incapable,22
Somerville,incidence,22
Somerville,inclined,22
Somerville,interval,22
Somerville,machine,22
Somerville,mentioned,22
Somerville,middle,22
Somerville,minutes,22
Somerville,mixed,22
Somerville,obscure,22
Somerville,opaque,22
Somerville,perpetually,22
Somerville,photography,22
Somerville,primitive,22
Somerville,process,22
Somerville,propagated,22
Somerville,propagation,22
Somerville,rapidity,22
Somerville,renders,22
Somerville,represents,22
Somerville,resulting,22
Somerville,sirius,22
Somerville,slowly,22
Somerville,spherical,22
Somerville,thirty,22
Somerville,transmitting,22
Somerville,tropics,22
Goethe,assume,21
Goethe,che,21
Goethe,combined,21
Goethe,consequence,21
Goethe,contact,21
Goethe,cross,21
Goethe,lastly,21
Goethe,leading,21
Goethe,modern,21
Goethe,newton,21
Goethe,ordinary,21
Goethe,paroptical,21
Goethe,qualities,21
Goethe,respecting,21
Goethe,spectator,21
Goethe,times,21
Goethe,tints,21
Goethe,views,21
Goethe,words,21
Humboldt,analogy,21
Humboldt,atlantic,21
Humboldt,axis,21
Humboldt,centuries,21
Humboldt,closed,21
Humboldt,creation,21
Humboldt,depression,21
Humboldt,determination,21
Humboldt,discover,21
Humboldt,draw,21
Humboldt,earliest,21
Humboldt,european,21
Humboldt,floras,21
Humboldt,gravity,21
Humboldt,hydrogen,21
Humboldt,increasing,21
Humboldt,lake,21
Humboldt,languages,21
Humboldt,learned,21
Humboldt,leop,21
Humboldt,magnet,21
Humboldt,main,21
Humboldt,mathematical,21
Humboldt,october,21
Humboldt,pliny,21
Humboldt,plutonic,21
Humboldt,red,21
Humboldt,reflected,21
Humboldt,revealed,21
Humboldt,rings,21
Humboldt,silurian,21
Humboldt,spots,21
Humboldt,spring,21
Humboldt,stone,21
Humboldt,suddenly,21
Humboldt,tails,21
Humboldt,uber,21
Humboldt,varying,21
Humboldt,veins,21
Humboldt,ºdegrees,21
Khaldun,added,21
Khaldun,administration,21
Khaldun,armies,21
Khaldun,build,21
Khaldun,depend,21
Khaldun,discussed,21
Khaldun,distance,21
Khaldun,domination,21
Khaldun,due,21
Khaldun,element,21
Khaldun,enemies,21
Khaldun,extent,21
Khaldun,fight,21
Khaldun,future,21
Khaldun,harmful,21
Khaldun,heard,21
Khaldun,illness,21
Khaldun,imamate,21
Khaldun,lower,21
Khaldun,merchandise,21
Khaldun,offer,21
Khaldun,pleasure,21
Khaldun,poems,21
Khaldun,powerful,21
Khaldun,price,21
Khaldun,quickly,21
Khaldun,realize,21
Khaldun,rest,21
Khaldun,rhymed,21
Khaldun,secret,21
Khaldun,sensibilia,21
Khaldun,serves,21
Khaldun,settled,21
Khaldun,shared,21
Khaldun,taxation,21
Khaldun,teach,21
Khaldun,teacher,21
Khaldun,technique,21
Khaldun,throne,21
Khaldun,transmitted,21
Khaldun,trouble,21
Khaldun,twenty,21
Khaldun,universal,21
Khaldun,wazirs,21
Khaldun,wonders,21
Khaldun,yemen,21
Somerville,ancient,21
Somerville,assume,21
Somerville,balance,21
Somerville,capillary,21
Somerville,coasts,21
Somerville,covered,21
Somerville,curvature,21
Somerville,cygni,21
Somerville,cylinder,21
Somerville,division,21
Somerville,dynamic,21
Somerville,exceed,21
Somerville,exception,21
Somerville,exerted,21
Somerville,exists,21
Somerville,explained,21
Somerville,extending,21
Somerville,figures,21
Somerville,fluids,21
Somerville,fluorescence,21
Somerville,forming,21
Somerville,fundamental,21
Somerville,immense,21
Somerville,limit,21
Somerville,melloni,21
Somerville,nodal,21
Somerville,possesses,21
Somerville,proves,21
Somerville,rendered,21
Somerville,rock,21
Somerville,sciences,21
Somerville,separate,21
Somerville,static,21
Somerville,successive,21
Somerville,transmits,21
Somerville,vacuum,21
Somerville,zenith,21
Goethe,acts,20
Goethe,agreeable,20
Goethe,apparatus,20
Goethe,assumed,20
Goethe,boschini,20
Goethe,candle,20
Goethe,completeness,20
Goethe,copyright,20
Goethe,dazzling,20
Goethe,derived,20
Goethe,elements,20
Goethe,express,20
Goethe,grounds,20
Goethe,head,20
Goethe,historical,20
Goethe,idea,20
Goethe,increases,20
Goethe,opinion,20
Goethe,presently,20
Goethe,short,20
Goethe,speaking,20
Goethe,strong,20
Goethe,writer,20
Humboldt,accompanied,20
Humboldt,analogies,20
Humboldt,analysis,20
Humboldt,astronomy,20
Humboldt,augite,20
Humboldt,banks,20
Humboldt,belief,20
Humboldt,boussingault,20
Humboldt,burning,20
Humboldt,cit,20
Humboldt,city,20
Humboldt,collected,20
Humboldt,colored,20
Humboldt,comptes,20
Humboldt,copyright,20
Humboldt,depends,20
Humboldt,difficult,20
Humboldt,entertained,20
Humboldt,examen,20
Humboldt,exhibit,20
Humboldt,extending,20
Humboldt,extremely,20
Humboldt,faint,20
Humboldt,field,20
Humboldt,figure,20
Humboldt,geological,20
Humboldt,german,20
Humboldt,gneiss,20
Humboldt,inclined,20
Humboldt,lead,20
Humboldt,leads,20
Humboldt,les,20
Humboldt,letter,20
Humboldt,mars,20
Humboldt,meteor,20
Humboldt,nachr,20
Humboldt,named,20
Humboldt,native,20
Humboldt,necessity,20
Humboldt,occasion,20
Humboldt,occupied,20
Humboldt,palms,20
Humboldt,past,20
Humboldt,perceptible,20
Humboldt,produce,20
Humboldt,remained,20
Humboldt,rendus,20
Humboldt,rest,20
Humboldt,rises,20
Humboldt,river,20
Humboldt,thermal,20
Humboldt,trans,20
Humboldt,valleys,20
Humboldt,vii,20
Khaldun,almohad,20
Khaldun,amirs,20
Khaldun,ancestors,20
Khaldun,assumption,20
Khaldun,aware,20
Khaldun,conform,20
Khaldun,corruption,20
Khaldun,desired,20
Khaldun,disappear,20
Khaldun,discuss,20
Khaldun,doubt,20
Khaldun,errors,20
Khaldun,excessive,20
Khaldun,finally,20
Khaldun,forgotten,20
Khaldun,gifts,20
Khaldun,home,20
Khaldun,hope,20
Khaldun,intelligence,20
Khaldun,king,20
Khaldun,limbs,20
Khaldun,livelihood,20
Khaldun,lose,20
Khaldun,magic,20
Khaldun,moses,20
Khaldun,move,20
Khaldun,past,20
Khaldun,pen,20
Khaldun,poor,20
Khaldun,preceding,20
Khaldun,punishment,20
Khaldun,ready,20
Khaldun,received,20
Khaldun,sufficient,20
Khaldun,told,20
Khaldun,tranquillity,20
Khaldun,victory,20
Khaldun,ḥijâz,20
Somerville,adjacent,20
Somerville,binary,20
Somerville,branches,20
Somerville,brewster,20
Somerville,cloud,20
Somerville,compressed,20
Somerville,copyright,20
Somerville,error,20
Somerville,extend,20
Somerville,focus,20
Somerville,footnote,20
Somerville,freely,20
Somerville,gravitating,20
Somerville,heavy,20
Somerville,innumerable,20
Somerville,mere,20
Somerville,modified,20
Somerville,notwithstanding,20
Somerville,performed,20
Somerville,person,20
Somerville,portions,20
Somerville,quarter,20
Somerville,quartz,20
Somerville,reaction,20
Somerville,refractive,20
Somerville,relations,20
Somerville,rising,20
Somerville,screen,20
Somerville,starry,20
Somerville,thin,20
Somerville,vanished,20
Goethe,constant,19
Goethe,enabled,19
Goethe,foregoing,19
Goethe,life,19
Goethe,materials,19
Goethe,moon,19
Goethe,nay,19
Goethe,passing,19
Goethe,plane,19
Goethe,practical,19
Goethe,process,19
Goethe,reader,19
Goethe,secondary,19
Goethe,speaks,19
Goethe,strictly,19
Goethe,sufficient,19
Goethe,term,19
Goethe,tint,19
Goethe,tone,19
Goethe,warmth,19
Humboldt,acad,19
Humboldt,advanced,19
Humboldt,alpine,19
Humboldt,attempt,19
Humboldt,barometer,19
Humboldt,classification,19
Humboldt,close,19
Humboldt,countries,19
Humboldt,disturbance,19
Humboldt,elastic,19
Humboldt,english,19
Humboldt,equilibrium,19
Humboldt,est,19
Humboldt,exact,19
Humboldt,excited,19
Humboldt,eye,19
Humboldt,hand,19
Humboldt,hemispheres,19
Humboldt,hundred,19
Humboldt,impressions,19
Humboldt,intellect,19
Humboldt,lies,19
Humboldt,living,19
Humboldt,measures,19
Humboldt,metamorphic,19
Humboldt,microscopic,19
Humboldt,mines,19
Humboldt,mitscherlich,19
Humboldt,necessarily,19
Humboldt,observatory,19
Humboldt,passing,19
Humboldt,peninsula,19
Humboldt,peru,19
Humboldt,philos,19
Humboldt,plain,19
Humboldt,published,19
Humboldt,return,19
Humboldt,scattered,19
Humboldt,single,19
Humboldt,subsequently,19
Humboldt,thousands,19
Humboldt,trachyte,19
Humboldt,traveler,19
Humboldt,trees,19
Humboldt,unequal,19
Humboldt,uniformity,19
Humboldt,william,19
Khaldun,actual,19
Khaldun,advice,19
Khaldun,allegiance,19
Khaldun,aspirations,19
Khaldun,attained,19
Khaldun,attribute,19
Khaldun,auxiliary,19
Khaldun,belonged,19
Khaldun,brain,19
Khaldun,century,19
Khaldun,client,19
Khaldun,conventional,19
Khaldun,corrupt,19
Khaldun,criticism,19
Khaldun,decisions,19
Khaldun,duty,19
Khaldun,eager,19
Khaldun,endings,19
Khaldun,energy,19
Khaldun,enter,19
Khaldun,entourage,19
Khaldun,events,19
Khaldun,explain,19
Khaldun,field,19
Khaldun,financial,19
Khaldun,fine,19
Khaldun,foodstuffs,19
Khaldun,function,19
Khaldun,grown,19
Khaldun,guidance,19
Khaldun,included,19
Khaldun,institutions,19
Khaldun,jews,19
Khaldun,lives,19
Khaldun,names,19
Khaldun,night,19
Khaldun,occurs,19
Khaldun,patriarch,19
Khaldun,permitted,19
Khaldun,poem,19
Khaldun,poetical,19
Khaldun,preserved,19
Khaldun,rare,19
Khaldun,removal,19
Khaldun,return,19
Khaldun,seasonings,19
Khaldun,shares,19
Khaldun,station,19
Khaldun,stronger,19
Khaldun,succeeded,19
Khaldun,sultan,19
Khaldun,upper,19
Khaldun,walls,19
Khaldun,weapons,19
Khaldun,write,19
Khaldun,zenith,19
Somerville,aberration,19
Somerville,affects,19
Somerville,agreement,19
Somerville,apparently,19
Somerville,ascending,19
Somerville,atoms,19
Somerville,captain,19
Somerville,class,19
Somerville,clock,19
Somerville,composition,19
Somerville,computation,19
Somerville,development,19
Somerville,ellipsoid,19
Somerville,epoch,19
Somerville,facility,19
Somerville,feeble,19
Somerville,hand,19
Somerville,hemispheres,19
Somerville,hour,19
Somerville,hurricanes,19
Somerville,isothermal,19
Somerville,leaves,19
Somerville,maintain,19
Somerville,marked,19
Somerville,meet,19
Somerville,moisture,19
Somerville,necessarily,19
Somerville,paramagnetism,19
Somerville,projected,19
Somerville,pure,19
Somerville,requires,19
Somerville,restored,19
Somerville,scarcely,19
Somerville,tint,19
Somerville,truth,19
Somerville,uniformly,19
Somerville,values,19
Somerville,vegetable,19
Somerville,vivid,19
Somerville,weights,19
Somerville,wonderful,19
Goethe,actual,18
Goethe,agreement,18
Goethe,angle,18
Goethe,arrived,18
Goethe,beauty,18
Goethe,chiefly,18
Goethe,conclusion,18
Goethe,connexion,18
Goethe,contrasts,18
Goethe,convince,18
Goethe,exhibiting,18
Goethe,heat,18
Goethe,intermixture,18
Goethe,iron,18
Goethe,license,18
Goethe,moment,18
Goethe,opacity,18
Goethe,opposed,18
Goethe,painted,18
Goethe,paragraph,18
Goethe,rays,18
Goethe,readily,18
Goethe,received,18
Goethe,refracting,18
Goethe,relieved,18
Goethe,scarcely,18
Goethe,shine,18
Goethe,sight,18
Goethe,slight,18
Goethe,thin,18
Goethe,usual,18
Goethe,warm,18
Humboldt,agreement,18
Humboldt,amid,18
Humboldt,aristotle,18
Humboldt,assumed,18
Humboldt,borealis,18
Humboldt,class,18
Humboldt,color,18
Humboldt,contents,18
Humboldt,curvature,18
Humboldt,december,18
Humboldt,deposited,18
Humboldt,descriptive,18
Humboldt,doubt,18
Humboldt,drawn,18
Humboldt,emanations,18
Humboldt,expedition,18
Humboldt,extension,18
Humboldt,eyes,18
Humboldt,geognosy,18
Humboldt,hour,18
Humboldt,identity,18
Humboldt,including,18
Humboldt,increases,18
Humboldt,june,18
Humboldt,kinds,18
Humboldt,lands,18
Humboldt,leopold,18
Humboldt,license,18
Humboldt,literary,18
Humboldt,london,18
Humboldt,marked,18
Humboldt,materials,18
Humboldt,mediterranean,18
Humboldt,months,18
Humboldt,mysterious,18
Humboldt,organs,18
Humboldt,original,18
Humboldt,partly,18
Humboldt,plateaux,18
Humboldt,proved,18
Humboldt,proximity,18
Humboldt,reach,18
Humboldt,reaction,18
Humboldt,rising,18
Humboldt,salses,18
Humboldt,schum,18
Humboldt,seat,18
Humboldt,senses,18
Humboldt,successive,18
Humboldt,telluric,18
Humboldt,thirty,18
Humboldt,thousand,18
Humboldt,white,18
Humboldt,wind,18
Humboldt,wood,18
Humboldt,yielded,18
Khaldun,acquiring,18
Khaldun,argument,18
Khaldun,arranged,18
Khaldun,arrangement,18
Khaldun,astral,18
Khaldun,branches,18
Khaldun,capable,18
Khaldun,circle,18
Khaldun,colouring,18
Khaldun,combination,18
Khaldun,coming,18
Khaldun,compare,18
Khaldun,concerns,18
Khaldun,consequences,18
Khaldun,dealing,18
Khaldun,decreases,18
Khaldun,directed,18
Khaldun,disregard,18
Khaldun,dumb,18
Khaldun,duration,18
Khaldun,employ,18
Khaldun,expressed,18
Khaldun,fields,18
Khaldun,forty,18
Khaldun,fruits,18
Khaldun,grammar,18
Khaldun,greeks,18
Khaldun,happen,18
Khaldun,held,18
Khaldun,inheritance,18
Khaldun,intelligibilia,18
Khaldun,malik,18
Khaldun,manṣûr,18
Khaldun,materialize,18
Khaldun,materials,18
Khaldun,metaphysics,18
Khaldun,obey,18
Khaldun,originates,18
Khaldun,paid,18
Khaldun,passed,18
Khaldun,path,18
Khaldun,predecessors,18
Khaldun,preparedness,18
Khaldun,preserve,18
Khaldun,prevented,18
Khaldun,probity,18
Khaldun,proofs,18
Khaldun,ptolemy,18
Khaldun,question,18
Khaldun,race,18
Khaldun,seek,18
Khaldun,shown,18
Khaldun,signature,18
Khaldun,singing,18
Khaldun,size,18
Khaldun,stages,18
Khaldun,successor,18
Khaldun,supported,18
Khaldun,transactions,18
Khaldun,virtue,18
Somerville,acquires,18
Somerville,analyzing,18
Somerville,apsides,18
Somerville,attractive,18
Somerville,bands,18
Somerville,bear,18
Somerville,broad,18
Somerville,calculation,18
Somerville,computing,18
Somerville,concentric,18
Somerville,conclusion,18
Somerville,conservation,18
Somerville,continuous,18
Somerville,country,18
Somerville,david,18
Somerville,determination,18
Somerville,diametrically,18
Somerville,distinctly,18
Somerville,eclipsed,18
Somerville,ellipses,18
Somerville,fire,18
Somerville,fish,18
Somerville,flame,18
Somerville,independently,18
Somerville,invented,18
Somerville,liable,18
Somerville,license,18
Somerville,lies,18
Somerville,longitudes,18
Somerville,modern,18
Somerville,monsoons,18
Somerville,naked,18
Somerville,perceptible,18
Somerville,peters,18
Somerville,polarizing,18
Somerville,prismatic,18
Somerville,sheet,18
Somerville,shooting,18
Somerville,splendid,18
Somerville,springs,18
Somerville,stellar,18
Somerville,temporary,18
Somerville,tend,18
Somerville,thermo,18
Somerville,tide,18
Somerville,undulation,18
Somerville,unit,18
Somerville,waters,18
Goethe,changed,17
Goethe,convex,17
Goethe,doubt,17
Goethe,due,17
Goethe,flame,17
Goethe,future,17
Goethe,imitation,17
Goethe,importance,17
Goethe,impressions,17
Goethe,line,17
Goethe,metals,17
Goethe,portions,17
Goethe,positive,17
Goethe,principal,17
Goethe,rendered,17
Goethe,required,17
Goethe,rest,17
Goethe,snow,17
Goethe,solid,17
Goethe,stated,17
Goethe,style,17
Goethe,vinci,17
Humboldt,akad,17
Humboldt,allied,17
Humboldt,arrangement,17
Humboldt,bones,17
Humboldt,branch,17
Humboldt,bright,17
Humboldt,calcareous,17
Humboldt,capable,17
Humboldt,carbon,17
Humboldt,circle,17
Humboldt,columbus,17
Humboldt,constant,17
Humboldt,continues,17
Humboldt,data,17
Humboldt,distinct,17
Humboldt,eccentricity,17
Humboldt,ejected,17
Humboldt,enabled,17
Humboldt,equally,17
Humboldt,exclusively,17
Humboldt,exhibited,17
Humboldt,explain,17
Humboldt,extraordinary,17
Humboldt,fiery,17
Humboldt,forty,17
Humboldt,fur,17
Humboldt,independent,17
Humboldt,insular,17
Humboldt,july,17
Humboldt,left,17
Humboldt,littoral,17
Humboldt,march,17
Humboldt,measured,17
Humboldt,mentioned,17
Humboldt,mercury,17
Humboldt,minerals,17
Humboldt,minutes,17
Humboldt,monde,17
Humboldt,neighboring,17
Humboldt,newton,17
Humboldt,pages,17
Humboldt,pallas,17
Humboldt,partial,17
Humboldt,penetrate,17
Humboldt,poisson,17
Humboldt,proposed,17
Humboldt,rapid,17
Humboldt,rare,17
Humboldt,remain,17
Humboldt,rich,17
Humboldt,social,17
Humboldt,specific,17
Humboldt,spoken,17
Humboldt,succession,17
Humboldt,summit,17
Humboldt,ten,17
Humboldt,variously,17
Khaldun,abî,17
Khaldun,advance,17
Khaldun,affection,17
Khaldun,astronomical,17
Khaldun,attacks,17
Khaldun,attested,17
Khaldun,attributes,17
Khaldun,barmecides,17
Khaldun,calls,17
Khaldun,combined,17
Khaldun,consideration,17
Khaldun,conveniences,17
Khaldun,cut,17
Khaldun,dealings,17
Khaldun,dependent,17
Khaldun,depending,17
Khaldun,exemplified,17
Khaldun,fez,17
Khaldun,fortitude,17
Khaldun,fâṭimids,17
Khaldun,geometry,17
Khaldun,giving,17
Khaldun,growth,17
Khaldun,imaginary,17
Khaldun,india,17
Khaldun,judges,17
Khaldun,languages,17
Khaldun,led,17
Khaldun,miracle,17
Khaldun,moment,17
Khaldun,negroes,17
Khaldun,nourishment,17
Khaldun,oath,17
Khaldun,occasionally,17
Khaldun,occupied,17
Khaldun,occupy,17
Khaldun,originate,17
Khaldun,picture,17
Khaldun,pomp,17
Khaldun,punishments,17
Khaldun,read,17
Khaldun,refuge,17
Khaldun,repeated,17
Khaldun,restrict,17
Khaldun,rhyme,17
Khaldun,ruled,17
Khaldun,save,17
Khaldun,section,17
Khaldun,settle,17
Khaldun,skill,17
Khaldun,specific,17
Khaldun,sphere,17
Khaldun,spoken,17
Khaldun,stomach,17
Khaldun,stop,17
Khaldun,subdivision,17
Khaldun,subordinate,17
Khaldun,treatment,17
Khaldun,tribal,17
Khaldun,wide,17
Khaldun,ṭirâz,17
Somerville,absorb,17
Somerville,absorbing,17
Somerville,accomplish,17
Somerville,added,17
Somerville,advance,17
Somerville,afford,17
Somerville,age,17
Somerville,agitated,17
Somerville,agree,17
Somerville,atmospheres,17
Somerville,band,17
Somerville,brown,17
Somerville,combine,17
Somerville,condition,17
Somerville,consecutive,17
Somerville,contained,17
Somerville,continues,17
Somerville,declination,17
Somerville,decreasing,17
Somerville,definition,17
Somerville,depending,17
Somerville,depression,17
Somerville,describe,17
Somerville,diamagnetism,17
Somerville,doubly,17
Somerville,elevated,17
Somerville,existing,17
Somerville,film,17
Somerville,grove,17
Somerville,inferred,17
Somerville,investigation,17
Somerville,leaving,17
Somerville,lord,17
Somerville,met,17
Somerville,mountain,17
Somerville,paths,17
Somerville,perpendicularly,17
Somerville,platinum,17
Somerville,possessing,17
Somerville,primary,17
Somerville,probability,17
Somerville,raise,17
Somerville,range,17
Somerville,recede,17
Somerville,reflecting,17
Somerville,returns,17
Somerville,rosse,17
Somerville,rotate,17
Somerville,scale,17
Somerville,sets,17
Somerville,sounding,17
Somerville,standard,17
Somerville,superior,17
Somerville,supposing,17
Somerville,warm,17
Goethe,addition,16
Goethe,adduced,16
Goethe,admit,16
Goethe,affinity,16
Goethe,ancient,16
Goethe,boundary,16
Goethe,chiaro,16
Goethe,colori,16
Goethe,complemental,16
Goethe,composed,16
Goethe,depth,16
Goethe,details,16
Goethe,directions,16
Goethe,distinguish,16
Goethe,earlier,16
Goethe,expression,16
Goethe,extreme,16
Goethe,flemish,16
Goethe,inquiry,16
Goethe,internal,16
Goethe,knowledge,16
Goethe,lead,16
Goethe,middle,16
Goethe,newtonian,16
Goethe,persons,16
Goethe,piece,16
Goethe,pigments,16
Goethe,plants,16
Goethe,reason,16
Goethe,require,16
Goethe,respects,16
Goethe,set,16
Goethe,suffered,16
Goethe,system,16
Goethe,technical,16
Goethe,trace,16
Goethe,translation,16
Goethe,treated,16
Goethe,vasari,16
Goethe,vol,16
Goethe,wall,16
Humboldt,admit,16
Humboldt,aristot,16
Humboldt,ascending,16
Humboldt,association,16
Humboldt,assume,16
Humboldt,attended,16
Humboldt,careful,16
Humboldt,cavities,16
Humboldt,characteristic,16
Humboldt,colossal,16
Humboldt,combination,16
Humboldt,compact,16
Humboldt,cone,16
Humboldt,constantly,16
Humboldt,daubeney,16
Humboldt,defined,16
Humboldt,deposits,16
Humboldt,destruction,16
Humboldt,diffused,16
Humboldt,distinguish,16
Humboldt,division,16
Humboldt,effects,16
Humboldt,employed,16
Humboldt,england,16
Humboldt,exhalations,16
Humboldt,exists,16
Humboldt,explanation,16
Humboldt,expressed,16
Humboldt,fauna,16
Humboldt,frequency,16
Humboldt,fusion,16
Humboldt,glance,16
Humboldt,information,16
Humboldt,ingenious,16
Humboldt,intervals,16
Humboldt,introduction,16
Humboldt,investigated,16
Humboldt,jura,16
Humboldt,largest,16
Humboldt,lastly,16
Humboldt,longitude,16
Humboldt,manifest,16
Humboldt,millions,16
Humboldt,molten,16
Humboldt,neighborhood,16
Humboldt,nights,16
Humboldt,observe,16
Humboldt,occurs,16
Humboldt,optical,16
Humboldt,path,16
Humboldt,phases,16
Humboldt,presence,16
Humboldt,preserved,16
Humboldt,primary,16
Humboldt,principles,16
Humboldt,proportion,16
Humboldt,relat,16
Humboldt,remotest,16
Humboldt,removed,16
Humboldt,richness,16
Humboldt,satellite,16
Humboldt,separation,16
Humboldt,set,16
Humboldt,shoals,16
Humboldt,slight,16
Humboldt,stations,16
Humboldt,studies,16
Humboldt,sulphur,16
Humboldt,transformation,16
Humboldt,travelers,16
Humboldt,types,16
Humboldt,venus,16
Humboldt,writers,16
Khaldun,acquires,16
Khaldun,aid,16
Khaldun,appears,16
Khaldun,astronomy,16
Khaldun,berber,16
Khaldun,civilized,16
Khaldun,classes,16
Khaldun,closer,16
Khaldun,colour,16
Khaldun,commander,16
Khaldun,community,16
Khaldun,conjunction,16
Khaldun,copts,16
Khaldun,deals,16
Khaldun,description,16
Khaldun,directly,16
Khaldun,dispense,16
Khaldun,easy,16
Khaldun,empty,16
Khaldun,enables,16
Khaldun,equal,16
Khaldun,escape,16
Khaldun,experiences,16
Khaldun,explanation,16
Khaldun,farms,16
Khaldun,flows,16
Khaldun,foreign,16
Khaldun,gains,16
Khaldun,gradual,16
Khaldun,guided,16
Khaldun,horizon,16
Khaldun,ignorant,16
Khaldun,indian,16
Khaldun,intelligent,16
Khaldun,learning,16
Khaldun,memory,16
Khaldun,minerals,16
Khaldun,observe,16
Khaldun,occupation,16
Khaldun,orderly,16
Khaldun,physics,16
Khaldun,production,16
Khaldun,referred,16
Khaldun,removed,16
Khaldun,representative,16
Khaldun,ruined,16
Khaldun,savage,16
Khaldun,script,16
Khaldun,shadow,16
Khaldun,sixth,16
Khaldun,source,16
Khaldun,spent,16
Khaldun,substances,16
Khaldun,talismans,16
Khaldun,unknown,16
Khaldun,vowel,16
Khaldun,wars,16
Khaldun,wazirate,16
Khaldun,wheat,16
Khaldun,workers,16
Somerville,accompanied,16
Somerville,airy,16
Somerville,altered,16
Somerville,augmented,16
Somerville,becquerel,16
Somerville,carbonate,16
Somerville,catalogue,16
Somerville,causing,16
Somerville,century,16
Somerville,charged,16
Somerville,circles,16
Somerville,cohesive,16
Somerville,corn,16
Somerville,cosine,16
Somerville,crown,16
Somerville,date,16
Somerville,disturbs,16
Somerville,dual,16
Somerville,electricities,16
Somerville,ellipticity,16
Somerville,errors,16
Somerville,exciting,16
Somerville,extended,16
Somerville,extinguished,16
Somerville,faint,16
Somerville,field,16
Somerville,fifty,16
Somerville,forty,16
Somerville,fraunhofer,16
Somerville,free,16
Somerville,giving,16
Somerville,gold,16
Somerville,impressed,16
Somerville,insensible,16
Somerville,irregularities,16
Somerville,joining,16
Somerville,life,16
Somerville,loss,16
Somerville,lustre,16
Somerville,lyræ,16
Somerville,meteors,16
Somerville,methods,16
Somerville,obliquely,16
Somerville,observer,16
Somerville,pencils,16
Somerville,perceived,16
Somerville,pound,16
Somerville,proper,16
Somerville,proportions,16
Somerville,require,16
Somerville,stream,16
Somerville,streams,16
Somerville,strongly,16
Somerville,struck,16
Somerville,superficial,16
Somerville,temperatures,16
Somerville,thick,16
Somerville,thousands,16
Somerville,thrown,16
Somerville,trace,16
Somerville,vanishes,16
Somerville,vessel,16
Somerville,vicissitudes,16
Somerville,violent,16
Somerville,wheatstone,16
Goethe,affected,15
Goethe,approaches,15
Goethe,attentive,15
Goethe,century,15
Goethe,covered,15
Goethe,define,15
Goethe,defined,15
Goethe,delicate,15
Goethe,desirable,15
Goethe,donations,15
Goethe,dry,15
Goethe,equal,15
Goethe,extremes,15
Goethe,fixed,15
Goethe,halo,15
Goethe,held,15
Goethe,information,15
Goethe,lines,15
Goethe,lively,15
Goethe,looked,15
Goethe,person,15
Goethe,powerfully,15
Goethe,preparation,15
Goethe,prisms,15
Goethe,remarks,15
Goethe,scuro,15
Goethe,senses,15
Goethe,separated,15
Goethe,shown,15
Goethe,simplest,15
Goethe,succession,15
Goethe,upper,15
Goethe,upwards,15
Goethe,varied,15
Goethe,varieties,15
Goethe,venetians,15
Goethe,venice,15
Humboldt,abhandl,15
Humboldt,accuracy,15
Humboldt,accurately,15
Humboldt,advance,15
Humboldt,aerial,15
Humboldt,agree,15
Humboldt,alps,15
Humboldt,apparently,15
Humboldt,arise,15
Humboldt,attained,15
Humboldt,beneath,15
Humboldt,carboniferous,15
Humboldt,cassini,15
Humboldt,circles,15
Humboldt,classes,15
Humboldt,commotion,15
Humboldt,comparative,15
Humboldt,comprised,15
Humboldt,conjectures,15
Humboldt,considerably,15
Humboldt,converted,15
Humboldt,copy,15
Humboldt,crystalline,15
Humboldt,dark,15
Humboldt,darwin,15
Humboldt,deeply,15
Humboldt,disk,15
Humboldt,donations,15
Humboldt,dove,15
Humboldt,ebook,15
Humboldt,empirical,15
Humboldt,extend,15
Humboldt,extreme,15
Humboldt,flame,15
Humboldt,follow,15
Humboldt,forests,15
Humboldt,french,15
Humboldt,future,15
Humboldt,generalization,15
Humboldt,germany,15
Humboldt,gravitation,15
Humboldt,head,15
Humboldt,hills,15
Humboldt,himalayas,15
Humboldt,imbedded,15
Humboldt,instrument,15
Humboldt,intimately,15
Humboldt,james,15
Humboldt,january,15
Humboldt,jasper,15
Humboldt,kepler,15
Humboldt,lunar,15
Humboldt,major,15
Humboldt,manifestation,15
Humboldt,mantell,15
Humboldt,medium,15
Humboldt,olivine,15
Humboldt,ordinary,15
Humboldt,outlines,15
Humboldt,people,15
Humboldt,perturbations,15
Humboldt,phil,15
Humboldt,phys,15
Humboldt,physics,15
Humboldt,polarization,15
Humboldt,possess,15
Humboldt,producing,15
Humboldt,rational,15
Humboldt,recurrence,15
Humboldt,rendered,15
Humboldt,september,15
Humboldt,siberia,15
Humboldt,sicily,15
Humboldt,sidereal,15
Humboldt,smoke,15
Humboldt,solely,15
Humboldt,solution,15
Humboldt,sources,15
Humboldt,structures,15
Humboldt,thermometer,15
Humboldt,total,15
Humboldt,traces,15
Humboldt,translation,15
Humboldt,uniform,15
Humboldt,vague,15
Humboldt,varenius,15
Humboldt,walls,15
Humboldt,widely,15
Humboldt,yield,15
Khaldun,affects,15
Khaldun,age,15
Khaldun,alexandria,15
Khaldun,almohads,15
Khaldun,ancients,15
Khaldun,appeared,15
Khaldun,astrologers,15
Khaldun,author,15
Khaldun,avicenna,15
Khaldun,black,15
Khaldun,byzantine,15
Khaldun,cairo,15
Khaldun,calculation,15
Khaldun,chapter,15
Khaldun,clothing,15
Khaldun,coast,15
Khaldun,comparison,15
Khaldun,constantly,15
Khaldun,controlled,15
Khaldun,cover,15
Khaldun,cultural,15
Khaldun,danger,15
Khaldun,definition,15
Khaldun,deprived,15
Khaldun,difficulties,15
Khaldun,dinars,15
Khaldun,earn,15
Khaldun,eastern,15
Khaldun,error,15
Khaldun,extends,15
Khaldun,eye,15
Khaldun,families,15
Khaldun,grace,15
Khaldun,harmony,15
Khaldun,imposts,15
Khaldun,impression,15
Khaldun,include,15
Khaldun,mint,15
Khaldun,mould,15
Khaldun,offices,15
Khaldun,pastures,15
Khaldun,permits,15
Khaldun,personalities,15
Khaldun,practised,15
Khaldun,rely,15
Khaldun,rivers,15
Khaldun,roman,15
Khaldun,rome,15
Khaldun,search,15
Khaldun,secondary,15
Khaldun,seeks,15
Khaldun,separate,15
Khaldun,service,15
Khaldun,solid,15
Khaldun,sources,15
Khaldun,success,15
Khaldun,successive,15
Khaldun,sunnah,15
Khaldun,tents,15
Khaldun,traditional,15
Khaldun,tubba,15
Somerville,agent,15
Somerville,alum,15
Somerville,animals,15
Somerville,aphelion,15
Somerville,appearances,15
Somerville,arrangement,15
Somerville,ascertain,15
Somerville,aspect,15
Somerville,assigned,15
Somerville,christian,15
Somerville,compass,15
Somerville,compensation,15
Somerville,complicated,15
Somerville,compound,15
Somerville,continue,15
Somerville,crossing,15
Somerville,differs,15
Somerville,donations,15
Somerville,emitted,15
Somerville,england,15
Somerville,essential,15
Somerville,estimation,15
Somerville,evidence,15
Somerville,flattened,15
Somerville,flowing,15
Somerville,greenwich,15
Somerville,happened,15
Somerville,inductive,15
Somerville,inferior,15
Somerville,instantaneous,15
Somerville,interposed,15
Somerville,joule,15
Somerville,led,15
Somerville,limited,15
Somerville,loses,15
Somerville,lowest,15
Somerville,mine,15
Somerville,minimum,15
Somerville,multiplied,15
Somerville,occurred,15
Somerville,october,15
Somerville,optical,15
Somerville,pale,15
Somerville,placing,15
Somerville,plains,15
Somerville,polarised,15
Somerville,regulating,15
Somerville,repel,15
Somerville,respect,15
Somerville,ship,15
Somerville,shorter,15
Somerville,specific,15
Somerville,struve,15
Somerville,volume,15
Somerville,zones,15
Goethe,accomplished,14
Goethe,admitted,14
Goethe,adopted,14
Goethe,agree,14
Goethe,applicable,14
Goethe,archive,14
Goethe,arises,14
Goethe,begin,14
Goethe,brilliant,14
Goethe,catoptrical,14
Goethe,communication,14
Goethe,complicated,14
Goethe,confined,14
Goethe,conveniently,14
Goethe,describe,14
Goethe,division,14
Goethe,duration,14
Goethe,dyeing,14
Goethe,entire,14
Goethe,equally,14
Goethe,examination,14
Goethe,examine,14
Goethe,expressed,14
Goethe,faint,14
Goethe,fine,14
Goethe,fire,14
Goethe,increasing,14
Goethe,infinite,14
Goethe,juice,14
Goethe,kinds,14
Goethe,leaves,14
Goethe,lighted,14
Goethe,metallic,14
Goethe,night,14
Goethe,origin,14
Goethe,philosopher,14
Goethe,position,14
Goethe,purpose,14
Goethe,receive,14
Goethe,recommended,14
Goethe,reduced,14
Goethe,removed,14
Goethe,shines,14
Goethe,silver,14
Goethe,slightest,14
Goethe,strongly,14
Goethe,thrown,14
Goethe,trademark,14
Goethe,treatment,14
Goethe,underneath,14
Humboldt,abundance,14
Humboldt,access,14
Humboldt,acquainted,14
Humboldt,acting,14
Humboldt,aid,14
Humboldt,approach,14
Humboldt,attains,14
Humboldt,base,14
Humboldt,broken,14
Humboldt,calculation,14
Humboldt,calculations,14
Humboldt,changed,14
Humboldt,condensation,14
Humboldt,confirmed,14
Humboldt,consist,14
Humboldt,consisting,14
Humboldt,constituting,14
Humboldt,critique,14
Humboldt,cycadeae,14
Humboldt,del,14
Humboldt,delicate,14
Humboldt,dependence,14
Humboldt,depending,14
Humboldt,designate,14
Humboldt,determinations,14
Humboldt,devonian,14
Humboldt,earths,14
Humboldt,enumeration,14
Humboldt,equatorial,14
Humboldt,erman,14
Humboldt,error,14
Humboldt,essai,14
Humboldt,estimate,14
Humboldt,events,14
Humboldt,evolution,14
Humboldt,existed,14
Humboldt,extensive,14
Humboldt,feldspar,14
Humboldt,gilbert,14
Humboldt,gustav,14
Humboldt,igneous,14
Humboldt,improbable,14
Humboldt,included,14
Humboldt,inconsiderable,14
Humboldt,inequalities,14
Humboldt,influences,14
Humboldt,inorganic,14
Humboldt,jahrb,14
Humboldt,lightning,14
Humboldt,links,14
Humboldt,marble,14
Humboldt,measure,14
Humboldt,midst,14
Humboldt,mine,14
Humboldt,modifications,14
Humboldt,moons,14
Humboldt,northwest,14
Humboldt,openings,14
Humboldt,operations,14
Humboldt,opposed,14
Humboldt,penetrated,14
Humboldt,physik,14
Humboldt,physiognomy,14
Humboldt,plateau,14
Humboldt,probability,14
Humboldt,progressive,14
Humboldt,projected,14
Humboldt,properties,14
Humboldt,quae,14
Humboldt,quam,14
Humboldt,radiance,14
Humboldt,read,14
Humboldt,received,14
Humboldt,recognize,14
Humboldt,regularity,14
Humboldt,render,14
Humboldt,sabine,14
Humboldt,salt,14
Humboldt,scale,14
Humboldt,sight,14
Humboldt,signification,14
Humboldt,silicious,14
Humboldt,sole,14
Humboldt,sought,14
Humboldt,spontaneous,14
Humboldt,spot,14
Humboldt,strongly,14
Humboldt,subjects,14
Humboldt,sunt,14
Humboldt,tendency,14
Humboldt,testimony,14
Humboldt,thrown,14
Humboldt,title,14
Humboldt,trademark,14
Humboldt,translated,14
Humboldt,transparency,14
Humboldt,twelve,14
Humboldt,uninterrupted,14
Humboldt,variation,14
Humboldt,voyages,14
Humboldt,warm,14
Khaldun,absurd,14
Khaldun,acquainted,14
Khaldun,actuality,14
Khaldun,amir,14
Khaldun,applied,14
Khaldun,astrological,14
Khaldun,attain,14
Khaldun,authorities,14
Khaldun,baghdad,14
Khaldun,begins,14
Khaldun,bookkeeping,14
Khaldun,category,14
Khaldun,characteristic,14
Khaldun,coins,14
Khaldun,commit,14
Khaldun,conclusions,14
Khaldun,cultivate,14
Khaldun,dead,14
Khaldun,definite,14
Khaldun,dirhams,14
Khaldun,distributed,14
Khaldun,documents,14
Khaldun,dominated,14
Khaldun,dynastic,14
Khaldun,dîwân,14
Khaldun,ease,14
Khaldun,easily,14
Khaldun,excellent,14
Khaldun,exercised,14
Khaldun,existent,14
Khaldun,extend,14
Khaldun,faithful,14
Khaldun,favour,14
Khaldun,flags,14
Khaldun,fleets,14
Khaldun,hot,14
Khaldun,improve,14
Khaldun,inclined,14
Khaldun,includes,14
Khaldun,jerusalem,14
Khaldun,keeping,14
Khaldun,khaldûn,14
Khaldun,kings,14
Khaldun,largest,14
Khaldun,levels,14
Khaldun,lie,14
Khaldun,limb,14
Khaldun,maintain,14
Khaldun,meanings,14
Khaldun,medina,14
Khaldun,northern,14
Khaldun,numerical,14
Khaldun,obtains,14
Khaldun,pass,14
Khaldun,perish,14
Khaldun,pillars,14
Khaldun,pleasures,14
Khaldun,poets,14
Khaldun,primary,14
Khaldun,principal,14
Khaldun,prove,14
Khaldun,reyes,14
Khaldun,rhetorical,14
Khaldun,satisfied,14
Khaldun,shape,14
Khaldun,significance,14
Khaldun,solomon,14
Khaldun,spaniards,14
Khaldun,stops,14
Khaldun,succession,14
Khaldun,systematic,14
Khaldun,taught,14
Khaldun,taïfas,14
Khaldun,transferred,14
Khaldun,transformed,14
Khaldun,translated,14
Khaldun,unavoidable,14
Khaldun,undertake,14
Khaldun,western,14
Khaldun,withdrawal,14
Somerville,active,14
Somerville,agency,14
Somerville,approaching,14
Somerville,archive,14
Somerville,assumes,14
Somerville,attractions,14
Somerville,author,14
Somerville,average,14
Somerville,beauty,14
Somerville,biela,14
Somerville,blow,14
Somerville,boiling,14
Somerville,broken,14
Somerville,calms,14
Somerville,cape,14
Somerville,changing,14
Somerville,cleavage,14
Somerville,computations,14
Somerville,concludes,14
Somerville,cone,14
Somerville,convey,14
Somerville,copy,14
Somerville,corrected,14
Somerville,crystalline,14
Somerville,densities,14
Somerville,deserts,14
Somerville,exceeds,14
Somerville,exterior,14
Somerville,filled,14
Somerville,flames,14
Somerville,france,14
Somerville,future,14
Somerville,greatly,14
Somerville,information,14
Somerville,interfere,14
Somerville,lamp,14
Somerville,latent,14
Somerville,meteoric,14
Somerville,minor,14
Somerville,overcome,14
Somerville,parabolic,14
Somerville,partial,14
Somerville,progress,14
Somerville,remarks,14
Somerville,retained,14
Somerville,retarded,14
Somerville,root,14
Somerville,scattered,14
Somerville,sections,14
Somerville,separately,14
Somerville,situate,14
Somerville,splendour,14
Somerville,telegraph,14
Somerville,thunder,14
Somerville,trademark,14
Somerville,twelve,14
Somerville,varied,14
Somerville,vernal,14
Goethe,add,13
Goethe,admits,13
Goethe,alkalis,13
Goethe,allied,13
Goethe,analogous,13
Goethe,assumes,13
Goethe,authorities,13
Goethe,authority,13
Goethe,belong,13
Goethe,body,13
Goethe,brown,13
Goethe,conformity,13
Goethe,copy,13
Goethe,directly,13
Goethe,displacement,13
Goethe,dress,13
Goethe,ebook,13
Goethe,feathers,13
Goethe,forced,13
Goethe,forms,13
Goethe,giorgione,13
Goethe,gradation,13
Goethe,iridescent,13
Goethe,language,13
Goethe,literary,13
Goethe,material,13
Goethe,mention,13
Goethe,naturally,13
Goethe,nearer,13
Goethe,necessity,13
Goethe,observable,13
Goethe,observers,13
Goethe,opposition,13
Goethe,organic,13
Goethe,page,13
Goethe,peculiar,13
Goethe,perceptible,13
Goethe,polished,13
Goethe,primordial,13
Goethe,published,13
Goethe,purple,13
Goethe,raphael,13
Goethe,remark,13
Goethe,represent,13
Goethe,section,13
Goethe,shining,13
Goethe,transition,13
Goethe,transparence,13
Goethe,vapours,13
Humboldt,accumulation,13
Humboldt,acquired,13
Humboldt,archive,13
Humboldt,ascertained,13
Humboldt,astr,13
Humboldt,axes,13
Humboldt,ball,13
Humboldt,begin,13
Humboldt,belonging,13
Humboldt,boundaries,13
Humboldt,bravais,13
Humboldt,carl,13
Humboldt,characteristics,13
Humboldt,characterized,13
Humboldt,charm,13
Humboldt,chemistry,13
Humboldt,chimborazo,13
Humboldt,combinations,13
Humboldt,compressed,13
Humboldt,conclusions,13
Humboldt,confounded,13
Humboldt,conical,13
Humboldt,contrary,13
Humboldt,contrast,13
Humboldt,contrasts,13
Humboldt,cosmography,13
Humboldt,cygni,13
Humboldt,declivities,13
Humboldt,deduced,13
Humboldt,dem,13
Humboldt,devoid,13
Humboldt,diminished,13
Humboldt,divisions,13
Humboldt,due,13
Humboldt,element,13
Humboldt,entire,13
Humboldt,entitled,13
Humboldt,exceeds,13
Humboldt,exercises,13
Humboldt,explained,13
Humboldt,exposed,13
Humboldt,extends,13
Humboldt,exterior,13
Humboldt,friend,13
Humboldt,gay,13
Humboldt,generation,13
Humboldt,gerard,13
Humboldt,gradations,13
Humboldt,greeks,13
Humboldt,historique,13
Humboldt,iceland,13
Humboldt,ideal,13
Humboldt,image,13
Humboldt,inches,13
Humboldt,irregular,13
Humboldt,layers,13
Humboldt,lights,13
Humboldt,lima,13
Humboldt,maintained,13
Humboldt,marine,13
Humboldt,memoir,13
Humboldt,met,13
Humboldt,minds,13
Humboldt,moisture,13
Humboldt,moved,13
Humboldt,northeast,13
Humboldt,obtain,13
Humboldt,occasioned,13
Humboldt,oxygen,13
Humboldt,paper,13
Humboldt,philosophical,13
Humboldt,physicist,13
Humboldt,plut,13
Humboldt,possessed,13
Humboldt,possibility,13
Humboldt,properly,13
Humboldt,province,13
Humboldt,public,13
Humboldt,pure,13
Humboldt,quantities,13
Humboldt,quartz,13
Humboldt,radiating,13
Humboldt,range,13
Humboldt,recorded,13
Humboldt,reflection,13
Humboldt,resistance,13
Humboldt,respecting,13
Humboldt,revolutions,13
Humboldt,royal,13
Humboldt,schumacher,13
Humboldt,section,13
Humboldt,semi,13
Humboldt,seneca,13
Humboldt,serpentine,13
Humboldt,shaped,13
Humboldt,shock,13
Humboldt,sixteenth,13
Humboldt,spectacle,13
Humboldt,spirit,13
Humboldt,suppose,13
Humboldt,table,13
Humboldt,teneriffe,13
Humboldt,terra,13
Humboldt,text,13
Humboldt,tides,13
Humboldt,torrid,13
Humboldt,tracts,13
Humboldt,traverse,13
Humboldt,truth,13
Humboldt,viii,13
Humboldt,worthy,13
Khaldun,additional,13
Khaldun,address,13
Khaldun,affecting,13
Khaldun,aforementioned,13
Khaldun,afraid,13
Khaldun,agree,13
Khaldun,ash,13
Khaldun,authors,13
Khaldun,belief,13
Khaldun,buried,13
Khaldun,buy,13
Khaldun,comprises,13
Khaldun,consensus,13
Khaldun,considers,13
Khaldun,continue,13
Khaldun,copper,13
Khaldun,corresponds,13
Khaldun,corrupted,13
Khaldun,court,13
Khaldun,craftsmen,13
Khaldun,data,13
Khaldun,deeply,13
Khaldun,destroy,13
Khaldun,direction,13
Khaldun,disappears,13
Khaldun,distinction,13
Khaldun,easier,13
Khaldun,equinoctial,13
Khaldun,exclusively,13
Khaldun,expected,13
Khaldun,expert,13
Khaldun,expressions,13
Khaldun,foundation,13
Khaldun,geometrical,13
Khaldun,guard,13
Khaldun,hearing,13
Khaldun,hearts,13
Khaldun,heirs,13
Khaldun,impressed,13
Khaldun,insight,13
Khaldun,jealousy,13
Khaldun,kill,13
Khaldun,laid,13
Khaldun,lands,13
Khaldun,leaves,13
Khaldun,mathematical,13
Khaldun,mercy,13
Khaldun,mere,13
Khaldun,moulds,13
Khaldun,muḍar,13
Khaldun,originally,13
Khaldun,outstanding,13
Khaldun,permission,13
Khaldun,personally,13
Khaldun,possessions,13
Khaldun,pride,13
Khaldun,prior,13
Khaldun,produced,13
Khaldun,progress,13
Khaldun,proportion,13
Khaldun,provided,13
Khaldun,report,13
Khaldun,represent,13
Khaldun,representatives,13
Khaldun,research,13
Khaldun,school,13
Khaldun,sections,13
Khaldun,seized,13
Khaldun,seventh,13
Khaldun,soil,13
Khaldun,starting,13
Khaldun,status,13
Khaldun,stupid,13
Khaldun,successful,13
Khaldun,taking,13
Khaldun,terminologies,13
Khaldun,torah,13
Khaldun,types,13
Khaldun,united,13
Khaldun,wealthy,13
Khaldun,ûdî,13
Somerville,absolutely,13
Somerville,accumulation,13
Somerville,accurate,13
Somerville,admit,13
Somerville,advancing,13
Somerville,affords,13
Somerville,ampère,13
Somerville,animal,13
Somerville,approximate,13
Somerville,ascribed,13
Somerville,assuming,13
Somerville,attained,13
Somerville,begin,13
Somerville,bessel,13
Somerville,blueish,13
Somerville,board,13
Somerville,british,13
Somerville,ceases,13
Somerville,coincidence,13
Somerville,comparing,13
Somerville,complementary,13
Somerville,conveyed,13
Somerville,corresponds,13
Somerville,cube,13
Somerville,dependent,13
Somerville,describes,13
Somerville,dew,13
Somerville,directed,13
Somerville,disturb,13
Somerville,diurnal,13
Somerville,ebook,13
Somerville,eighth,13
Somerville,evaporation,13
Somerville,expansive,13
Somerville,flash,13
Somerville,flat,13
Somerville,foot,13
Somerville,fox,13
Somerville,generated,13
Somerville,happen,13
Somerville,insects,13
Somerville,island,13
Somerville,leave,13
Somerville,literary,13
Somerville,marine,13
Somerville,mixture,13
Somerville,molecule,13
Somerville,moment,13
Somerville,november,13
Somerville,observatory,13
Somerville,operation,13
Somerville,opinion,13
Somerville,perturbation,13
Somerville,phosphorescence,13
Somerville,picture,13
Somerville,previously,13
Somerville,productions,13
Somerville,qualities,13
Somerville,quality,13
Somerville,savart,13
Somerville,shock,13
Somerville,soda,13
Somerville,soil,13
Somerville,speed,13
Somerville,stone,13
Somerville,strings,13
Somerville,sympathetic,13
Somerville,temperate,13
Somerville,torrid,13
Somerville,vice,13
Somerville,whilst,13
Somerville,window,13
Goethe,acting,12
Goethe,ancients,12
Goethe,approach,12
Goethe,arranged,12
Goethe,attained,12
Goethe,bottom,12
Goethe,capable,12
Goethe,circumstantially,12
Goethe,communicated,12
Goethe,compared,12
Goethe,definite,12
Goethe,depends,12
Goethe,describing,12
Goethe,displays,12
Goethe,earths,12
Goethe,edition,12
Goethe,endeavoured,12
Goethe,equivalent,12
Goethe,evening,12
Goethe,french,12
Goethe,german,12
Goethe,hold,12
Goethe,intense,12
Goethe,introduction,12
Goethe,investigated,12
Goethe,investigator,12
Goethe,lower,12
Goethe,mathematician,12
Goethe,meet,12
Goethe,mirror,12
Goethe,mutable,12
Goethe,notion,12
Goethe,occur,12
Goethe,occurs,12
Goethe,openings,12
Goethe,passive,12
Goethe,people,12
Goethe,precisely,12
Goethe,refracted,12
Goethe,relates,12
Goethe,remaining,12
Goethe,repeated,12
Goethe,return,12
Goethe,statements,12
Goethe,stripes,12
Goethe,traced,12
Goethe,trattato,12
Goethe,treating,12
Goethe,undoubtedly,12
Goethe,varnishes,12
Goethe,versâ,12
Goethe,vice,12
Humboldt,accessible,12
Humboldt,accumulated,12
Humboldt,adopt,12
Humboldt,agglomerated,12
Humboldt,angles,12
Humboldt,animalcules,12
Humboldt,appearing,12
Humboldt,archipelago,12
Humboldt,arrive,12
Humboldt,attached,12
Humboldt,attain,12
Humboldt,aut,12
Humboldt,basin,12
Humboldt,bed,12
Humboldt,birds,12
Humboldt,blended,12
Humboldt,botany,12
Humboldt,brothers,12
Humboldt,communication,12
Humboldt,composing,12
Humboldt,conception,12
Humboldt,constitutes,12
Humboldt,continue,12
Humboldt,continuous,12
Humboldt,correct,12
Humboldt,cumana,12
Humboldt,daily,12
Humboldt,danger,12
Humboldt,descent,12
Humboldt,detritus,12
Humboldt,dimensions,12
Humboldt,diminution,12
Humboldt,directions,12
Humboldt,doubts,12
Humboldt,endogenous,12
Humboldt,envelopes,12
Humboldt,examples,12
Humboldt,excite,12
Humboldt,february,12
Humboldt,fish,12
Humboldt,fresh,12
Humboldt,furnished,12
Humboldt,geognostical,12
Humboldt,geogr,12
Humboldt,geographie,12
Humboldt,glacial,12
Humboldt,greatly,12
Humboldt,greenland,12
Humboldt,heated,12
Humboldt,heterogeneous,12
Humboldt,imperfect,12
Humboldt,inclosed,12
Humboldt,inquiry,12
Humboldt,italy,12
Humboldt,jorullo,12
Humboldt,journey,12
Humboldt,limitation,12
Humboldt,lofty,12
Humboldt,lussac,12
Humboldt,mechanical,12
Humboldt,melaphyre,12
Humboldt,mem,12
Humboldt,mention,12
Humboldt,metallic,12
Humboldt,mont,12
Humboldt,month,12
Humboldt,nearer,12
Humboldt,organized,12
Humboldt,otte,12
Humboldt,pacific,12
Humboldt,page,12
Humboldt,peak,12
Humboldt,penetration,12
Humboldt,perceive,12
Humboldt,perceived,12
Humboldt,plato,12
Humboldt,questions,12
Humboldt,reached,12
Humboldt,referred,12
Humboldt,remaining,12
Humboldt,required,12
Humboldt,resembling,12
Humboldt,rivers,12
Humboldt,romans,12
Humboldt,sand,12
Humboldt,scenery,12
Humboldt,shells,12
Humboldt,sinking,12
Humboldt,speaking,12
Humboldt,stated,12
Humboldt,stellar,12
Humboldt,subsequent,12
Humboldt,substance,12
Humboldt,sufficiently,12
Humboldt,sweden,12
Humboldt,totally,12
Humboldt,translatory,12
Humboldt,treatise,12
Humboldt,van,12
Humboldt,violent,12
Humboldt,vivid,12
Humboldt,writings,12
Khaldun,abdallâh,12
Khaldun,admit,12
Khaldun,agreeable,12
Khaldun,alchemists,12
Khaldun,appointment,12
Khaldun,aspire,12
Khaldun,assessments,12
Khaldun,attainment,12
Khaldun,behaviour,12
Khaldun,blameworthy,12
Khaldun,bordered,12
Khaldun,born,12
Khaldun,camel,12
Khaldun,carry,12
Khaldun,ceased,12
Khaldun,censure,12
Khaldun,characteristics,12
Khaldun,collection,12
Khaldun,continuous,12
Khaldun,deficient,12
Khaldun,dialect,12
Khaldun,disease,12
Khaldun,domestic,12
Khaldun,earlier,12
Khaldun,ecstatic,12
Khaldun,emperor,12
Khaldun,establishing,12
Khaldun,estates,12
Khaldun,executive,12
Khaldun,fame,12
Khaldun,feared,12
Khaldun,finances,12
Khaldun,firm,12
Khaldun,fit,12
Khaldun,formed,12
Khaldun,founded,12
Khaldun,freedom,12
Khaldun,friends,12
Khaldun,fruit,12
Khaldun,fulfil,12
Khaldun,handwriting,12
Khaldun,honour,12
Khaldun,identity,12
Khaldun,ignorance,12
Khaldun,improved,12
Khaldun,including,12
Khaldun,indication,12
Khaldun,inherent,12
Khaldun,inspiration,12
Khaldun,investigate,12
Khaldun,jesus,12
Khaldun,judgments,12
Khaldun,jurisdiction,12
Khaldun,main,12
Khaldun,masters,12
Khaldun,medium,12
Khaldun,memorized,12
Khaldun,merchant,12
Khaldun,minds,12
Khaldun,necessarily,12
Khaldun,neglect,12
Khaldun,obligation,12
Khaldun,opportunity,12
Khaldun,originated,12
Khaldun,planned,12
Khaldun,possesses,12
Khaldun,possibility,12
Khaldun,prevents,12
Khaldun,procedure,12
Khaldun,proportionate,12
Khaldun,proportions,12
Khaldun,qualified,12
Khaldun,receive,12
Khaldun,relation,12
Khaldun,replaced,12
Khaldun,respects,12
Khaldun,rhetoric,12
Khaldun,river,12
Khaldun,roots,12
Khaldun,schools,12
Khaldun,shelter,12
Khaldun,shore,12
Khaldun,shores,12
Khaldun,sicily,12
Khaldun,skilled,12
Khaldun,span,12
Khaldun,speaker,12
Khaldun,standard,12
Khaldun,standing,12
Khaldun,stones,12
Khaldun,straight,12
Khaldun,strange,12
Khaldun,subdivisions,12
Khaldun,submit,12
Khaldun,suffer,12
Khaldun,supporters,12
Khaldun,surplus,12
Khaldun,talk,12
Khaldun,teaches,12
Khaldun,texts,12
Khaldun,trusted,12
Khaldun,trustworthy,12
Khaldun,truthfulness,12
Khaldun,usefulness,12
Khaldun,wall,12
Khaldun,wisdom,12
Khaldun,wise,12
Khaldun,wood,12
Somerville,addition,12
Somerville,arrives,12
Somerville,brings,12
Somerville,bulk,12
Somerville,cable,12
Somerville,card,12
Somerville,ceased,12
Somerville,charles,12
Somerville,closed,12
Somerville,collected,12
Somerville,component,12
Somerville,connection,12
Somerville,consisting,12
Somerville,constellations,12
Somerville,contraction,12
Somerville,cord,12
Somerville,crust,12
Somerville,crystallization,12
Somerville,cup,12
Somerville,daily,12
Somerville,decided,12
Somerville,decomposed,12
Somerville,depths,12
Somerville,descent,12
Somerville,destruction,12
Somerville,dip,12
Somerville,disposed,12
Somerville,distributed,12
Somerville,electrics,12
Somerville,energetic,12
Somerville,flint,12
Somerville,fraction,12
Somerville,fresnel,12
Somerville,hearing,12
Somerville,herculis,12
Somerville,hope,12
Somerville,hunt,12
Somerville,illustrated,12
Somerville,indian,12
Somerville,infinite,12
Somerville,james,12
Somerville,lastly,12
Somerville,lexel,12
Somerville,london,12
Somerville,magneto,12
Somerville,measurements,12
Somerville,modifying,12
Somerville,narrow,12
Somerville,originally,12
Somerville,parathermic,12
Somerville,partly,12
Somerville,patches,12
Somerville,penetrate,12
Somerville,perform,12
Somerville,perihelia,12
Somerville,phases,12
Somerville,pictures,12
Somerville,prevent,12
Somerville,production,12
Somerville,purple,12
Somerville,quiescent,12
Somerville,radiated,12
Somerville,readily,12
Somerville,receive,12
Somerville,receives,12
Somerville,receiving,12
Somerville,reflect,12
Somerville,respective,12
Somerville,reversed,12
Somerville,rose,12
Somerville,sensation,12
Somerville,shell,12
Somerville,shine,12
Somerville,shores,12
Somerville,simultaneous,12
Somerville,sines,12
Somerville,soft,12
Somerville,spectra,12
Somerville,spheres,12
Somerville,stated,12
Somerville,stretched,12
Somerville,striking,12
Somerville,stroke,12
Somerville,symmetrical,12
Somerville,table,12
Somerville,theories,12
Somerville,undulating,12
Somerville,unison,12
Somerville,unite,12
Somerville,varieties,12
Somerville,versâ,12
Somerville,vibrates,12
Somerville,violence,12
Somerville,vision,12
Goethe,abstract,11
Goethe,acids,11
Goethe,added,11
Goethe,advantage,11
Goethe,adverted,11
Goethe,applied,11
Goethe,attributed,11
Goethe,belongs,11
Goethe,carried,11
Goethe,compensatory,11
Goethe,completely,11
Goethe,considerable,11
Goethe,constantly,11
Goethe,copied,11
Goethe,decided,11
Goethe,displaced,11
Goethe,displayed,11
Goethe,dolce,11
Goethe,exhibition,11
Goethe,exists,11
Goethe,explain,11
Goethe,expressions,11
Goethe,extend,11
Goethe,fourth,11
Goethe,glazing,11
Goethe,hope,11
Goethe,horizontal,11
Goethe,impressed,11
Goethe,individual,11
Goethe,keeping,11
Goethe,left,11
Goethe,limited,11
Goethe,living,11
Goethe,local,11
Goethe,lodovico,11
Goethe,lost,11
Goethe,masters,11
Goethe,matter,11
Goethe,metal,11
Goethe,mixing,11
Goethe,modifications,11
Goethe,moral,11
Goethe,necessarily,11
Goethe,notice,11
Goethe,optics,11
Goethe,passed,11
Goethe,placing,11
Goethe,prove,11
Goethe,provided,11
Goethe,purity,11
Goethe,referred,11
Goethe,reflections,11
Goethe,rose,11
Goethe,sea,11
Goethe,separate,11
Goethe,sort,11
Goethe,source,11
Goethe,spread,11
Goethe,statement,11
Goethe,stronger,11
Goethe,suffer,11
Goethe,supposed,11
Goethe,susceptible,11
Goethe,terminology,11
Goethe,utmost,11
Goethe,vegetable,11
Goethe,yellowish,11
Goethe,æsthetic,11
Humboldt,advantage,11
Humboldt,advantages,11
Humboldt,affect,11
Humboldt,affected,11
Humboldt,afterward,11
Humboldt,agency,11
Humboldt,apparatus,11
Humboldt,apply,11
Humboldt,april,11
Humboldt,arctic,11
Humboldt,artesian,11
Humboldt,ashes,11
Humboldt,attractive,11
Humboldt,augitic,11
Humboldt,begins,11
Humboldt,bischof,11
Humboldt,brandes,11
Humboldt,calculated,11
Humboldt,caused,11
Humboldt,cellular,11
Humboldt,combined,11
Humboldt,comprehend,11
Humboldt,constellation,11
Humboldt,continually,11
Humboldt,cooled,11
Humboldt,definition,11
Humboldt,den,11
Humboldt,denser,11
Humboldt,designated,11
Humboldt,directly,11
Humboldt,doctrine,11
Humboldt,dolomite,11
Humboldt,drops,11
Humboldt,escape,11
Humboldt,esse,11
Humboldt,established,11
Humboldt,expansion,11
Humboldt,extinction,11
Humboldt,familiar,11
Humboldt,family,11
Humboldt,favor,11
Humboldt,feeling,11
Humboldt,ferns,11
Humboldt,fissure,11
Humboldt,focus,11
Humboldt,fourth,11
Humboldt,franklin,11
Humboldt,harper,11
Humboldt,hill,11
Humboldt,historia,11
Humboldt,hutton,11
Humboldt,independently,11
Humboldt,india,11
Humboldt,inhabited,11
Humboldt,innermost,11
Humboldt,innumerable,11
Humboldt,intersecting,11
Humboldt,investigate,11
Humboldt,invisible,11
Humboldt,italian,11
Humboldt,lakes,11
Humboldt,learn,11
Humboldt,los,11
Humboldt,magnitudes,11
Humboldt,meet,11
Humboldt,mental,11
Humboldt,metamorphism,11
Humboldt,meteorologie,11
Humboldt,mixture,11
Humboldt,modes,11
Humboldt,move,11
Humboldt,muller,11
Humboldt,mythical,11
Humboldt,narrative,11
Humboldt,nat,11
Humboldt,nearest,11
Humboldt,nocturnal,11
Humboldt,observers,11
Humboldt,oct,11
Humboldt,org,11
Humboldt,originated,11
Humboldt,orinoco,11
Humboldt,paragraph,11
Humboldt,periodical,11
Humboldt,poggendorf,11
Humboldt,popular,11
Humboldt,positive,11
Humboldt,pour,11
Humboldt,previous,11
Humboldt,proceed,11
Humboldt,prove,11
Humboldt,rapidly,11
Humboldt,reciprocal,11
Humboldt,recurring,11
Humboldt,remark,11
Humboldt,rocky,11
Humboldt,school,11
Humboldt,speak,11
Humboldt,spread,11
Humboldt,steam,11
Humboldt,sufficient,11
Humboldt,superficial,11
Humboldt,temperatures,11
Humboldt,transactions,11
Humboldt,twilight,11
Humboldt,ultimate,11
Humboldt,undoubtedly,11
Humboldt,upheaved,11
Humboldt,ural,11
Humboldt,valuable,11
Humboldt,variety,11
Humboldt,vel,11
Humboldt,venture,11
Humboldt,weather,11
Humboldt,wilhelm,11
Humboldt,written,11
Humboldt,xii,11
Humboldt,xiv,11
Khaldun,addressed,11
Khaldun,adjacent,11
Khaldun,ambiguous,11
Khaldun,analogy,11
Khaldun,arise,11
Khaldun,ascribed,11
Khaldun,beauty,11
Khaldun,believed,11
Khaldun,belonging,11
Khaldun,bodily,11
Khaldun,caliphal,11
Khaldun,chance,11
Khaldun,choose,11
Khaldun,christianity,11
Khaldun,clay,11
Khaldun,cola,11
Khaldun,commentators,11
Khaldun,concealed,11
Khaldun,conquest,11
Khaldun,decay,11
Khaldun,decays,11
Khaldun,decreased,11
Khaldun,derive,11
Khaldun,derives,11
Khaldun,detail,11
Khaldun,detrimental,11
Khaldun,doubts,11
Khaldun,eat,11
Khaldun,eloquent,11
Khaldun,entered,11
Khaldun,exchange,11
Khaldun,farmers,11
Khaldun,farther,11
Khaldun,forget,11
Khaldun,fought,11
Khaldun,garments,11
Khaldun,ground,11
Khaldun,gulf,11
Khaldun,hears,11
Khaldun,horses,11
Khaldun,instruments,11
Khaldun,intemperate,11
Khaldun,invented,11
Khaldun,iram,11
Khaldun,kindness,11
Khaldun,literature,11
Khaldun,lord,11
Khaldun,love,11
Khaldun,manners,11
Khaldun,miles,11
Khaldun,ministry,11
Khaldun,mosque,11
Khaldun,mosques,11
Khaldun,mother,11
Khaldun,neglected,11
Khaldun,novice,11
Khaldun,objective,11
Khaldun,obligations,11
Khaldun,obtaining,11
Khaldun,oneself,11
Khaldun,opposition,11
Khaldun,parties,11
Khaldun,periods,11
Khaldun,permit,11
Khaldun,physical,11
Khaldun,pilgrimage,11
Khaldun,planning,11
Khaldun,praiseworthy,11
Khaldun,private,11
Khaldun,professional,11
Khaldun,properly,11
Khaldun,quantities,11
Khaldun,questions,11
Khaldun,realities,11
Khaldun,realms,11
Khaldun,receives,11
Khaldun,recognized,11
Khaldun,red,11
Khaldun,reprehensible,11
Khaldun,represented,11
Khaldun,restriction,11
Khaldun,returned,11
Khaldun,reward,11
Khaldun,romans,11
Khaldun,salaries,11
Khaldun,secrets,11
Khaldun,sorcerer,11
Khaldun,spending,11
Khaldun,spread,11
Khaldun,strangers,11
Khaldun,successors,11
Khaldun,suitable,11
Khaldun,tear,11
Khaldun,terms,11
Khaldun,toughness,11
Khaldun,travel,11
Khaldun,treasures,11
Khaldun,utensils,11
Khaldun,vessels,11
Khaldun,villages,11
Khaldun,weaving,11
Khaldun,widely,11
Khaldun,zanâtah,11
Khaldun,ḥimyar,11
Khaldun,ṣinhâjah,11
Somerville,accumulated,11
Somerville,atom,11
Somerville,balls,11
Somerville,belong,11
Somerville,brightest,11
Somerville,calculations,11
Somerville,cease,11
Somerville,characters,11
Somerville,classes,11
Somerville,climates,11
Somerville,collision,11
Somerville,combinations,11
Somerville,communicates,11
Somerville,communication,11
Somerville,comparatively,11
Somerville,completed,11
Somerville,concerned,11
Somerville,conic,11
Somerville,constantly,11
Somerville,constituent,11
Somerville,constitute,11
Somerville,converted,11
Somerville,cubes,11
Somerville,december,11
Somerville,deeper,11
Somerville,deflection,11
Somerville,delicate,11
Somerville,descending,11
Somerville,description,11
Somerville,destroyed,11
Somerville,differing,11
Somerville,dissolved,11
Somerville,distinguished,11
Somerville,divides,11
Somerville,donati,11
Somerville,eastern,11
Somerville,easy,11
Somerville,envelopes,11
Somerville,estimate,11
Somerville,examined,11
Somerville,explanation,11
Somerville,exposure,11
Somerville,farthest,11
Somerville,fifteen,11
Somerville,fires,11
Somerville,flows,11
Somerville,fluorescent,11
Somerville,furnishes,11
Somerville,furnishing,11
Somerville,geographical,11
Somerville,geological,11
Somerville,harmonics,11
Somerville,humphry,11
Somerville,illuminated,11
Somerville,imaginary,11
Somerville,impetus,11
Somerville,importance,11
Somerville,inclinations,11
Somerville,indigo,11
Somerville,instantaneously,11
Somerville,instantly,11
Somerville,january,11
Somerville,kepler,11
Somerville,maintains,11
Somerville,mechanics,11
Somerville,morning,11
Somerville,observing,11
Somerville,obtain,11
Somerville,obtaining,11
Somerville,oval,11
Somerville,oxide,11
Somerville,pacific,11
Somerville,pane,11
Somerville,paragraph,11
Somerville,perfection,11
Somerville,pieces,11
Somerville,pipe,11
Somerville,potash,11
Somerville,presumed,11
Somerville,principles,11
Somerville,prisms,11
Somerville,proceeds,11
Somerville,radial,11
Somerville,rayless,11
Somerville,reckoned,11
Somerville,record,11
Somerville,recorded,11
Somerville,referred,11
Somerville,remaining,11
Somerville,repeated,11
Somerville,resisting,11
Somerville,retain,11
Somerville,retains,11
Somerville,september,11
Somerville,simultaneously,11
Somerville,sinks,11
Somerville,solstice,11
Somerville,solstices,11
Somerville,sparks,11
Somerville,study,11
Somerville,sugar,11
Somerville,suggested,11
Somerville,telescopes,11
Somerville,thread,11
Somerville,tints,11
Somerville,transfer,11
Somerville,transferred,11
Somerville,triangle,11
Somerville,tropic,11
Somerville,unity,11
Somerville,wet,11
Somerville,wollaston,11
Somerville,www,11
Goethe,access,10
Goethe,accident,10
Goethe,acid,10
Goethe,acted,10
Goethe,artists,10
Goethe,ascribed,10
Goethe,attain,10
Goethe,aware,10
Goethe,blood,10
Goethe,borghini,10
Goethe,bubble,10
Goethe,bubbles,10
Goethe,carefully,10
Goethe,cast,10
Goethe,colorific,10
Goethe,comparative,10
Goethe,comparatively,10
Goethe,compare,10
Goethe,condensed,10
Goethe,considerations,10
Goethe,consists,10
Goethe,crown,10
Goethe,culmination,10
Goethe,deepening,10
Goethe,demands,10
Goethe,detail,10
Goethe,diagram,10
Goethe,discovered,10
Goethe,dyer,10
Goethe,earth,10
Goethe,exciting,10
Goethe,extraordinary,10
Goethe,extremely,10
Goethe,feeling,10
Goethe,flint,10
Goethe,flowers,10
Goethe,free,10
Goethe,glowing,10
Goethe,infinitely,10
Goethe,ingredients,10
Goethe,introduced,10
Goethe,italians,10
Goethe,labours,10
Goethe,landscape,10
Goethe,led,10
Goethe,lesser,10
Goethe,moisture,10
Goethe,music,10
Goethe,observing,10
Goethe,org,10
Goethe,organisation,10
Goethe,pathological,10
Goethe,philosophers,10
Goethe,proceeds,10
Goethe,property,10
Goethe,quoted,10
Goethe,refund,10
Goethe,researches,10
Goethe,rings,10
Goethe,rome,10
Goethe,rubens,10
Goethe,secret,10
Goethe,seldom,10
Goethe,slightly,10
Goethe,spirit,10
Goethe,suggested,10
Goethe,supposes,10
Goethe,tend,10
Goethe,translated,10
Goethe,translator,10
Goethe,venezia,10
Goethe,verde,10
Goethe,vessel,10
Goethe,written,10
Goethe,www,10
Humboldt,accidental,10
Humboldt,act,10
Humboldt,actions,10
Humboldt,afforded,10
Humboldt,aggregation,10
Humboldt,aim,10
Humboldt,amounts,10
Humboldt,antiquity,10
Humboldt,appreciable,10
Humboldt,arch,10
Humboldt,ascribe,10
Humboldt,astonishment,10
Humboldt,astronomer,10
Humboldt,astronomers,10
Humboldt,average,10
Humboldt,awakened,10
Humboldt,baltic,10
Humboldt,bands,10
Humboldt,bay,10
Humboldt,biela,10
Humboldt,bring,10
Humboldt,calm,10
Humboldt,cambridge,10
Humboldt,caspian,10
Humboldt,charge,10
Humboldt,charles,10
Humboldt,chili,10
Humboldt,cinders,10
Humboldt,closely,10
Humboldt,clusters,10
Humboldt,college,10
Humboldt,compass,10
Humboldt,complicated,10
Humboldt,conclusion,10
Humboldt,condensed,10
Humboldt,cones,10
Humboldt,conformation,10
Humboldt,conglomerates,10
Humboldt,conjectured,10
Humboldt,constituents,10
Humboldt,contested,10
Humboldt,correspond,10
Humboldt,dead,10
Humboldt,destroyed,10
Humboldt,determining,10
Humboldt,diameters,10
Humboldt,diemen,10
Humboldt,diffusion,10
Humboldt,diminish,10
Humboldt,disturbing,10
Humboldt,duration,10
Humboldt,dynamic,10
Humboldt,eleven,10
Humboldt,endeavored,10
Humboldt,establishment,10
Humboldt,evaporation,10
Humboldt,exactness,10
Humboldt,exalted,10
Humboldt,exceed,10
Humboldt,experimental,10
Humboldt,favorable,10
Humboldt,features,10
Humboldt,feelings,10
Humboldt,fifty,10
Humboldt,fragmentary,10
Humboldt,friction,10
Humboldt,gauss,10
Humboldt,germ,10
Humboldt,gigantic,10
Humboldt,green,10
Humboldt,happy,10
Humboldt,heights,10
Humboldt,holland,10
Humboldt,humidity,10
Humboldt,immense,10
Humboldt,impart,10
Humboldt,imparted,10
Humboldt,impregnated,10
Humboldt,indicating,10
Humboldt,induction,10
Humboldt,inexhaustible,10
Humboldt,infusoria,10
Humboldt,invariability,10
Humboldt,involved,10
Humboldt,landscape,10
Humboldt,las,10
Humboldt,late,10
Humboldt,lawrence,10
Humboldt,leading,10
Humboldt,lime,10
Humboldt,lyell,10
Humboldt,meteorology,10
Humboldt,minute,10
Humboldt,mist,10
Humboldt,mixed,10
Humboldt,morning,10
Humboldt,naked,10
Humboldt,names,10
Humboldt,passages,10
Humboldt,permitted,10
Humboldt,pine,10
Humboldt,plane,10
Humboldt,plantarum,10
Humboldt,play,10
Humboldt,preceding,10
Humboldt,principle,10
Humboldt,production,10
Humboldt,purpose,10
Humboldt,pyramidal,10
Humboldt,refund,10
Humboldt,rel,10
Humboldt,repeated,10
Humboldt,report,10
Humboldt,revolve,10
Humboldt,rotating,10
Humboldt,saurians,10
Humboldt,seek,10
Humboldt,similarity,10
Humboldt,sixth,10
Humboldt,slopes,10
Humboldt,solidification,10
Humboldt,stand,10
Humboldt,starless,10
Humboldt,steppes,10
Humboldt,submarine,10
Humboldt,sulphureted,10
Humboldt,superposition,10
Humboldt,syenite,10
Humboldt,syst,10
Humboldt,thomas,10
Humboldt,till,10
Humboldt,transmission,10
Humboldt,tribes,10
Humboldt,understood,10
Humboldt,universality,10
Humboldt,varies,10
Humboldt,vision,10
Humboldt,wide,10
Humboldt,wonders,10
Humboldt,www,10
Humboldt,xvi,10
Khaldun,absolutely,10
Khaldun,abstraction,10
Khaldun,accompanied,10
Khaldun,administrative,10
Khaldun,advantage,10
Khaldun,alexander,10
Khaldun,application,10
Khaldun,aspect,10
Khaldun,assembled,10
Khaldun,attached,10
Khaldun,attempts,10
Khaldun,avoided,10
Khaldun,banû,10
Khaldun,bare,10
Khaldun,broken,10
Khaldun,carpentry,10
Khaldun,cast,10
Khaldun,china,10
Khaldun,clothes,10
Khaldun,coastal,10
Khaldun,command,10
Khaldun,commanded,10
Khaldun,commands,10
Khaldun,conquests,10
Khaldun,contrast,10
Khaldun,convey,10
Khaldun,correctness,10
Khaldun,courage,10
Khaldun,crimes,10
Khaldun,critical,10
Khaldun,defeated,10
Khaldun,deny,10
Khaldun,dialects,10
Khaldun,died,10
Khaldun,disappearance,10
Khaldun,dissolution,10
Khaldun,distinct,10
Khaldun,dreams,10
Khaldun,dwellings,10
Khaldun,effective,10
Khaldun,eighth,10
Khaldun,envy,10
Khaldun,exceptions,10
Khaldun,extraordinary,10
Khaldun,false,10
Khaldun,favourable,10
Khaldun,flourishing,10
Khaldun,flow,10
Khaldun,founder,10
Khaldun,frequently,10
Khaldun,grains,10
Khaldun,handle,10
Khaldun,heraclius,10
Khaldun,hills,10
Khaldun,hostility,10
Khaldun,imitate,10
Khaldun,inability,10
Khaldun,incentive,10
Khaldun,indicating,10
Khaldun,innate,10
Khaldun,insane,10
Khaldun,intermediary,10
Khaldun,intuitive,10
Khaldun,investigation,10
Khaldun,involved,10
Khaldun,isḥâq,10
Khaldun,kûfah,10
Khaldun,lay,10
Khaldun,length,10
Khaldun,lexicography,10
Khaldun,measurements,10
Khaldun,meekness,10
Khaldun,metre,10
Khaldun,milk,10
Khaldun,mission,10
Khaldun,moves,10
Khaldun,norm,10
Khaldun,occasion,10
Khaldun,occupations,10
Khaldun,occurrence,10
Khaldun,peoples,10
Khaldun,permissible,10
Khaldun,physicians,10
Khaldun,plenty,10
Khaldun,potentiality,10
Khaldun,praise,10
Khaldun,prayers,10
Khaldun,predictions,10
Khaldun,preservation,10
Khaldun,press,10
Khaldun,previously,10
Khaldun,prey,10
Khaldun,principle,10
Khaldun,proceeds,10
Khaldun,prophetic,10
Khaldun,psychic,10
Khaldun,putrefaction,10
Khaldun,raid,10
Khaldun,rays,10
Khaldun,recourse,10
Khaldun,refer,10
Khaldun,rejected,10
Khaldun,remarks,10
Khaldun,remove,10
Khaldun,repetition,10
Khaldun,resurrection,10
Khaldun,rich,10
Khaldun,rights,10
Khaldun,road,10
Khaldun,safe,10
Khaldun,sand,10
Khaldun,scarcely,10
Khaldun,sheep,10
Khaldun,silk,10
Khaldun,simplicity,10
Khaldun,situations,10
Khaldun,slaves,10
Khaldun,sole,10
Khaldun,soundness,10
Khaldun,speaking,10
Khaldun,spell,10
Khaldun,spend,10
Khaldun,springs,10
Khaldun,star,10
Khaldun,suspect,10
Khaldun,ten,10
Khaldun,theory,10
Khaldun,topic,10
Khaldun,total,10
Khaldun,training,10
Khaldun,traits,10
Khaldun,truthful,10
Khaldun,unbelievers,10
Khaldun,units,10
Khaldun,universals,10
Khaldun,usage,10
Khaldun,white,10
Khaldun,worlds,10
Khaldun,zayd,10
Khaldun,ḥasan,10
Somerville,access,10
Somerville,additional,10
Somerville,afforded,10
Somerville,africa,10
Somerville,aid,10
Somerville,allowed,10
Somerville,anomalies,10
Somerville,anomaly,10
Somerville,approximation,10
Somerville,april,10
Somerville,argelander,10
Somerville,arranged,10
Somerville,ascent,10
Somerville,balanced,10
Somerville,bars,10
Somerville,biot,10
Somerville,blackened,10
Somerville,carry,10
Somerville,chain,10
Somerville,coated,10
Somerville,concur,10
Somerville,conduction,10
Somerville,corona,10
Somerville,cosines,10
Somerville,curious,10
Somerville,davy,10
Somerville,decimal,10
Somerville,decisive,10
Somerville,deflected,10
Somerville,derived,10
Somerville,detected,10
Somerville,deviate,10
Somerville,diversity,10
Somerville,dynamical,10
Somerville,dynamics,10
Somerville,engraving,10
Somerville,evection,10
Somerville,examples,10
Somerville,forests,10
Somerville,formulæ,10
Somerville,founded,10
Somerville,freezing,10
Somerville,frequent,10
Somerville,fusion,10
Somerville,gum,10
Somerville,harmony,10
Somerville,hind,10
Somerville,humboldt,10
Somerville,hundreds,10
Somerville,imagined,10
Somerville,immersed,10
Somerville,indefinitely,10
Somerville,inducing,10
Somerville,intervening,10
Somerville,investigations,10
Somerville,laid,10
Somerville,lesser,10
Somerville,longitudinal,10
Somerville,magellanic,10
Somerville,maxima,10
Somerville,mile,10
Somerville,mind,10
Somerville,mirror,10
Somerville,nebulosity,10
Somerville,nickel,10
Somerville,nitrate,10
Somerville,occupies,10
Somerville,occupy,10
Somerville,org,10
Somerville,organ,10
Somerville,orion,10
Somerville,orionis,10
Somerville,oscillate,10
Somerville,permanently,10
Somerville,pounds,10
Somerville,proceeding,10
Somerville,profound,10
Somerville,purpose,10
Somerville,rarefied,10
Somerville,rarely,10
Somerville,rarity,10
Somerville,refund,10
Somerville,remained,10
Somerville,repelled,10
Somerville,researches,10
Somerville,retina,10
Somerville,returning,10
Somerville,rich,10
Somerville,rod,10
Somerville,salts,10
Somerville,segments,10
Somerville,shadows,10
Somerville,silk,10
Somerville,slower,10
Somerville,spontaneously,10
Somerville,standards,10
Somerville,stopped,10
Somerville,superposed,10
Somerville,text,10
Somerville,thomson,10
Somerville,top,10
Somerville,trees,10
Somerville,tribes,10
Somerville,unstable,10
Somerville,usual,10
Somerville,vector,10
Somerville,vectores,10
Somerville,verrier,10
Somerville,vibrate,10
Somerville,virginis,10
Somerville,void,10
Somerville,wheel,10
Goethe,achromatic,9
Goethe,acute,9
Goethe,adapted,9
Goethe,additional,9
Goethe,age,9
Goethe,animal,9
Goethe,atmosphere,9
Goethe,avoid,9
Goethe,bassan,9
Goethe,beginning,9
Goethe,bluish,9
Goethe,boundaries,9
Goethe,brought,9
Goethe,chief,9
Goethe,clearness,9
Goethe,cold,9
Goethe,commonly,9
Goethe,comprehend,9
Goethe,conclude,9
Goethe,contrived,9
Goethe,correct,9
Goethe,correspond,9
Goethe,deepened,9
Goethe,detached,9
Goethe,development,9
Goethe,entered,9
Goethe,fainter,9
Goethe,fall,9
Goethe,false,9
Goethe,familiar,9
Goethe,hands,9
Goethe,human,9
Goethe,hyperchromatism,9
Goethe,included,9
Goethe,including,9
Goethe,inferred,9
Goethe,interposed,9
Goethe,junction,9
Goethe,leave,9
Goethe,letter,9
Goethe,liquid,9
Goethe,literally,9
Goethe,makes,9
Goethe,masses,9
Goethe,meaning,9
Goethe,mix,9
Goethe,moderately,9
Goethe,modified,9
Goethe,nations,9
Goethe,notes,9
Goethe,occasioned,9
Goethe,ocular,9
Goethe,pale,9
Goethe,period,9
Goethe,permanent,9
Goethe,perspective,9
Goethe,pleasing,9
Goethe,practised,9
Goethe,preface,9
Goethe,pressed,9
Goethe,productions,9
Goethe,proved,9
Goethe,provide,9
Goethe,quickly,9
Goethe,recipient,9
Goethe,repeat,9
Goethe,represented,9
Goethe,satisfactory,9
Goethe,scarlet,9
Goethe,serve,9
Goethe,shutter,9
Goethe,smooth,9
Goethe,solution,9
Goethe,sooner,9
Goethe,structure,9
Goethe,suppose,9
Goethe,surrounded,9
Goethe,susceptibility,9
Goethe,symbolical,9
Goethe,transmitted,9
Goethe,transmitting,9
Goethe,treat,9
Goethe,understand,9
Goethe,understood,9
Goethe,vermilion,9
Goethe,weak,9
Humboldt,acquaintance,9
Humboldt,additional,9
Humboldt,adjacent,9
Humboldt,advancement,9
Humboldt,affinity,9
Humboldt,ago,9
Humboldt,altered,9
Humboldt,appertains,9
Humboldt,argelander,9
Humboldt,art,9
Humboldt,asiatic,9
Humboldt,assuming,9
Humboldt,attested,9
Humboldt,aware,9
Humboldt,azores,9
Humboldt,barometrical,9
Humboldt,basaltic,9
Humboldt,basins,9
Humboldt,bays,9
Humboldt,bear,9
Humboldt,bearing,9
Humboldt,believed,9
Humboldt,breaking,9
Humboldt,brightness,9
Humboldt,broad,9
Humboldt,casaub,9
Humboldt,changing,9
Humboldt,characters,9
Humboldt,clay,9
Humboldt,colder,9
Humboldt,confines,9
Humboldt,connecticut,9
Humboldt,contiguous,9
Humboldt,deepest,9
Humboldt,department,9
Humboldt,descend,9
Humboldt,describe,9
Humboldt,determines,9
Humboldt,difficulty,9
Humboldt,dissimilar,9
Humboldt,distributing,9
Humboldt,disturbed,9
Humboldt,dust,9
Humboldt,earnest,9
Humboldt,easily,9
Humboldt,edinburgh,9
Humboldt,edward,9
Humboldt,efforts,9
Humboldt,elongated,9
Humboldt,embraces,9
Humboldt,emitting,9
Humboldt,entering,9
Humboldt,exception,9
Humboldt,explosion,9
Humboldt,feel,9
Humboldt,firmament,9
Humboldt,flames,9
Humboldt,forbes,9
Humboldt,foreign,9
Humboldt,fused,9
Humboldt,gases,9
Humboldt,giving,9
Humboldt,goppert,9
Humboldt,grand,9
Humboldt,growing,9
Humboldt,guide,9
Humboldt,hypotheses,9
Humboldt,hypsometrical,9
Humboldt,immediately,9
Humboldt,indented,9
Humboldt,intense,9
Humboldt,intermediate,9
Humboldt,intersect,9
Humboldt,issuing,9
Humboldt,juno,9
Humboldt,labor,9
Humboldt,laborious,9
Humboldt,leaves,9
Humboldt,lettre,9
Humboldt,live,9
Humboldt,lost,9
Humboldt,makes,9
Humboldt,manifests,9
Humboldt,manifold,9
Humboldt,margin,9
Humboldt,metals,9
Humboldt,methods,9
Humboldt,modified,9
Humboldt,molecular,9
Humboldt,motions,9
Humboldt,mouth,9
Humboldt,moves,9
Humboldt,national,9
Humboldt,natur,9
Humboldt,neptune,9
Humboldt,noble,9
Humboldt,nobler,9
Humboldt,organization,9
Humboldt,oscillation,9
Humboldt,outer,9
Humboldt,outermost,9
Humboldt,parallax,9
Humboldt,physicists,9
Humboldt,picturesque,9
Humboldt,political,9
Humboldt,potamos,9
Humboldt,proofs,9
Humboldt,propagated,9
Humboldt,proper,9
Humboldt,publication,9
Humboldt,radius,9
Humboldt,rarity,9
Humboldt,rate,9
Humboldt,refer,9
Humboldt,remarkably,9
Humboldt,repose,9
Humboldt,requirements,9
Humboldt,ridges,9
Humboldt,riobamba,9
Humboldt,robert,9
Humboldt,ross,9
Humboldt,rotatory,9
Humboldt,saussure,9
Humboldt,season,9
Humboldt,secular,9
Humboldt,shine,9
Humboldt,shining,9
Humboldt,shortly,9
Humboldt,siberian,9
Humboldt,slow,9
Humboldt,southwest,9
Humboldt,stage,9
Humboldt,stages,9
Humboldt,stratified,9
Humboldt,strikingly,9
Humboldt,strong,9
Humboldt,sulphurous,9
Humboldt,supposition,9
Humboldt,surrounded,9
Humboldt,theoretical,9
Humboldt,thermic,9
Humboldt,throw,9
Humboldt,town,9
Humboldt,type,9
Humboldt,unable,9
Humboldt,vail,9
Humboldt,vaporous,9
Humboldt,variegated,9
Humboldt,varieties,9
Humboldt,vibrations,9
Humboldt,visited,9
Humboldt,weight,9
Humboldt,wrangel,9
Khaldun,abstract,9
Khaldun,access,9
Khaldun,achieves,9
Khaldun,achieving,9
Khaldun,aggression,9
Khaldun,agricultural,9
Khaldun,alike,9
Khaldun,amounts,9
Khaldun,anarchy,9
Khaldun,apperception,9
Khaldun,appoint,9
Khaldun,approaches,9
Khaldun,architecture,9
Khaldun,arrange,9
Khaldun,attaining,9
Khaldun,averroës,9
Khaldun,base,9
Khaldun,bravery,9
Khaldun,cancer,9
Khaldun,castles,9
Khaldun,causing,9
Khaldun,cavity,9
Khaldun,choice,9
Khaldun,commercial,9
Khaldun,commonly,9
Khaldun,competent,9
Khaldun,competition,9
Khaldun,completed,9
Khaldun,composite,9
Khaldun,comprehensive,9
Khaldun,concepts,9
Khaldun,confusion,9
Khaldun,conjunctions,9
Khaldun,constructed,9
Khaldun,constructions,9
Khaldun,contemporaries,9
Khaldun,contents,9
Khaldun,counted,9
Khaldun,covered,9
Khaldun,creator,9
Khaldun,crossed,9
Khaldun,destined,9
Khaldun,determines,9
Khaldun,development,9
Khaldun,devotion,9
Khaldun,difficulty,9
Khaldun,distinguishing,9
Khaldun,divides,9
Khaldun,draw,9
Khaldun,dress,9
Khaldun,drink,9
Khaldun,enterprise,9
Khaldun,entire,9
Khaldun,evolved,9
Khaldun,excellence,9
Khaldun,extremes,9
Khaldun,feel,9
Khaldun,fell,9
Khaldun,fertile,9
Khaldun,fire,9
Khaldun,firmament,9
Khaldun,frequent,9
Khaldun,front,9
Khaldun,fâṭimid,9
Khaldun,genus,9
Khaldun,gospel,9
Khaldun,governor,9
Khaldun,growing,9
Khaldun,guides,9
Khaldun,hard,9
Khaldun,heaven,9
Khaldun,hidden,9
Khaldun,humiliation,9
Khaldun,imitation,9
Khaldun,implies,9
Khaldun,indications,9
Khaldun,influenced,9
Khaldun,involves,9
Khaldun,levied,9
Khaldun,lineage,9
Khaldun,loom,9
Khaldun,maghribî,9
Khaldun,magical,9
Khaldun,mark,9
Khaldun,masses,9
Khaldun,mecca,9
Khaldun,mental,9
Khaldun,moisture,9
Khaldun,motive,9
Khaldun,mountain,9
Khaldun,mountains,9
Khaldun,moved,9
Khaldun,môbedhân,9
Khaldun,naval,9
Khaldun,obscure,9
Khaldun,observations,9
Khaldun,passes,9
Khaldun,payment,9
Khaldun,peninsula,9
Khaldun,personality,9
Khaldun,phrase,9
Khaldun,pieces,9
Khaldun,pious,9
Khaldun,plan,9
Khaldun,planets,9
Khaldun,pole,9
Khaldun,pope,9
Khaldun,prefatory,9
Khaldun,putrid,9
Khaldun,races,9
Khaldun,reject,9
Khaldun,relationships,9
Khaldun,requiring,9
Khaldun,residence,9
Khaldun,resulted,9
Khaldun,retains,9
Khaldun,reverts,9
Khaldun,rivals,9
Khaldun,savagery,9
Khaldun,senile,9
Khaldun,servant,9
Khaldun,services,9
Khaldun,shî,9
Khaldun,similarly,9
Khaldun,sons,9
Khaldun,soothsayers,9
Khaldun,southern,9
Khaldun,stand,9
Khaldun,start,9
Khaldun,strongly,9
Khaldun,submission,9
Khaldun,submissiveness,9
Khaldun,subservience,9
Khaldun,subservient,9
Khaldun,succeed,9
Khaldun,sudden,9
Khaldun,suffers,9
Khaldun,supply,9
Khaldun,surface,9
Khaldun,surrounding,9
Khaldun,syrian,9
Khaldun,thousands,9
Khaldun,tigris,9
Khaldun,transformation,9
Khaldun,transmitters,9
Khaldun,trees,9
Khaldun,unbelief,9
Khaldun,utterances,9
Khaldun,vast,9
Khaldun,veils,9
Khaldun,vice,9
Khaldun,views,9
Khaldun,visible,9
Khaldun,weakens,9
Khaldun,weight,9
Khaldun,wider,9
Khaldun,wild,9
Khaldun,woven,9
Khaldun,wrathfulness,9
Khaldun,yaḥyâ,9
Khaldun,ûdi,9
Khaldun,ḥajjâj,9
Somerville,abundance,9
Somerville,accomplishes,9
Somerville,accomplishing,9
Somerville,accurately,9
Somerville,acquired,9
Somerville,aggregation,9
Somerville,ago,9
Somerville,alters,9
Somerville,antarctic,9
Somerville,aqueous,9
Somerville,argûs,9
Somerville,artificial,9
Somerville,asia,9
Somerville,astonishing,9
Somerville,attempts,9
Somerville,audible,9
Somerville,august,9
Somerville,aërial,9
Somerville,ball,9
Somerville,belonging,9
Somerville,blowing,9
Somerville,borders,9
Somerville,bore,9
Somerville,candle,9
Somerville,centuries,9
Somerville,charcoal,9
Somerville,chemically,9
Somerville,cloudy,9
Somerville,coercive,9
Somerville,colder,9
Somerville,compensated,9
Somerville,composed,9
Somerville,consideration,9
Somerville,covering,9
Somerville,crosses,9
Somerville,crowded,9
Somerville,crystallized,9
Somerville,descend,9
Somerville,diamond,9
Somerville,differences,9
Somerville,diminishing,9
Somerville,diverging,9
Somerville,divisions,9
Somerville,drawing,9
Somerville,ears,9
Somerville,electrified,9
Somerville,emanating,9
Somerville,english,9
Somerville,entering,9
Somerville,equatorially,9
Somerville,eruptions,9
Somerville,escape,9
Somerville,european,9
Somerville,evidently,9
Somerville,excellent,9
Somerville,exhibiting,9
Somerville,exhibits,9
Somerville,explosion,9
Somerville,fathoms,9
Somerville,favour,9
Somerville,favourable,9
Somerville,fell,9
Somerville,flora,9
Somerville,fly,9
Somerville,forbes,9
Somerville,fork,9
Somerville,french,9
Somerville,glow,9
Somerville,gulf,9
Somerville,heating,9
Somerville,henderson,9
Somerville,imagine,9
Somerville,imperfect,9
Somerville,indigenous,9
Somerville,individual,9
Somerville,inertia,9
Somerville,influences,9
Somerville,influencing,9
Somerville,invariably,9
Somerville,inverse,9
Somerville,lateral,9
Somerville,libration,9
Somerville,lyell,9
Somerville,mankind,9
Somerville,march,9
Somerville,mathematical,9
Somerville,mediterranean,9
Somerville,minuteness,9
Somerville,momentary,9
Somerville,momentum,9
Somerville,multitudes,9
Somerville,music,9
Somerville,ninety,9
Somerville,noon,9
Somerville,noticed,9
Somerville,oblique,9
Somerville,opposed,9
Somerville,pallas,9
Somerville,parallels,9
Somerville,paris,9
Somerville,penetrating,9
Somerville,previous,9
Somerville,primaries,9
Somerville,prodigious,9
Somerville,radiating,9
Somerville,raising,9
Somerville,reach,9
Somerville,reflects,9
Somerville,regularly,9
Somerville,regulated,9
Somerville,representing,9
Somerville,repulsive,9
Somerville,research,9
Somerville,resist,9
Somerville,rivers,9
Somerville,rods,9
Somerville,running,9
Somerville,senses,9
Somerville,separates,9
Somerville,separation,9
Somerville,shower,9
Somerville,sink,9
Somerville,sixth,9
Somerville,solely,9
Somerville,stratifications,9
Somerville,subsequently,9
Somerville,succeeded,9
Somerville,suggesting,9
Somerville,terminals,9
Somerville,test,9
Somerville,testing,9
Somerville,thermic,9
Somerville,traversed,9
Somerville,undergo,9
Somerville,undergone,9
Somerville,vapours,9
Somerville,views,9
Somerville,volta,9
Somerville,warmth,9
Somerville,washing,9
Somerville,wide,9
Somerville,wood,9
Somerville,words,9
Goethe,abstractedly,8
Goethe,accidental,8
Goethe,accomplish,8
Goethe,accordance,8
Goethe,accurate,8
Goethe,accurately,8
Goethe,achromatism,8
Goethe,adds,8
Goethe,alberti,8
Goethe,alludes,8
Goethe,animals,8
Goethe,appreciable,8
Goethe,arise,8
Goethe,arrive,8
Goethe,ascertain,8
Goethe,associations,8
Goethe,assuming,8
Goethe,atmospheric,8
Goethe,balance,8
Goethe,belonging,8
Goethe,book,8
Goethe,breath,8
Goethe,breathing,8
Goethe,brilliancy,8
Goethe,bring,8
Goethe,central,8
Goethe,classed,8
Goethe,classes,8
Goethe,combine,8
Goethe,comparison,8
Goethe,confirmed,8
Goethe,contrivance,8
Goethe,convinced,8
Goethe,copies,8
Goethe,corresponds,8
Goethe,curious,8
Goethe,cut,8
Goethe,deep,8
Goethe,designations,8
Goethe,destroy,8
Goethe,diagrams,8
Goethe,difficult,8
Goethe,difficulty,8
Goethe,distant,8
Goethe,distemper,8
Goethe,divided,8
Goethe,duly,8
Goethe,ebooks,8
Goethe,editions,8
Goethe,employing,8
Goethe,english,8
Goethe,entoptic,8
Goethe,epoptical,8
Goethe,evidence,8
Goethe,existence,8
Goethe,extracts,8
Goethe,farbenlehre,8
Goethe,fee,8
Goethe,giallo,8
Goethe,gold,8
Goethe,heated,8
Goethe,heterogeneous,8
Goethe,homogeneous,8
Goethe,impossible,8
Goethe,inclines,8
Goethe,indicating,8
Goethe,intensity,8
Goethe,investigation,8
Goethe,invite,8
Goethe,lacca,8
Goethe,lens,8
Goethe,lomazzo,8
Goethe,measure,8
Goethe,met,8
Goethe,mineral,8
Goethe,minute,8
Goethe,minutes,8
Goethe,move,8
Goethe,named,8
Goethe,narrower,8
Goethe,nomenclature,8
Goethe,notwithstanding,8
Goethe,occupied,8
Goethe,oils,8
Goethe,outlines,8
Goethe,paid,8
Goethe,paint,8
Goethe,palomino,8
Goethe,paragraphs,8
Goethe,passages,8
Goethe,physics,8
Goethe,preserved,8
Goethe,progressive,8
Goethe,province,8
Goethe,rancio,8
Goethe,refer,8
Goethe,relative,8
Goethe,requires,8
Goethe,respect,8
Goethe,reversed,8
Goethe,reynolds,8
Goethe,ruby,8
Goethe,school,8
Goethe,schools,8
Goethe,sensation,8
Goethe,spectra,8
Goethe,splendid,8
Goethe,spreads,8
Goethe,step,8
Goethe,tin,8
Goethe,tinge,8
Goethe,variously,8
Goethe,visionary,8
Goethe,wine,8
Goethe,worthy,8
Goethe,zanetti,8
Humboldt,accustomed,8
Humboldt,acute,8
Humboldt,admiral,8
Humboldt,affords,8
Humboldt,agassiz,8
Humboldt,alluded,8
Humboldt,alterations,8
Humboldt,alternately,8
Humboldt,altogether,8
Humboldt,angle,8
Humboldt,antarctic,8
Humboldt,antilles,8
Humboldt,arisen,8
Humboldt,arts,8
Humboldt,attempts,8
Humboldt,attending,8
Humboldt,attentive,8
Humboldt,autumn,8
Humboldt,benzenberg,8
Humboldt,beob,8
Humboldt,blending,8
Humboldt,bogota,8
Humboldt,bold,8
Humboldt,brightest,8
Humboldt,brightly,8
Humboldt,brown,8
Humboldt,canada,8
Humboldt,capt,8
Humboldt,carefully,8
Humboldt,ceres,8
Humboldt,circular,8
Humboldt,circumference,8
Humboldt,comparing,8
Humboldt,concealed,8
Humboldt,consists,8
Humboldt,constitution,8
Humboldt,convinced,8
Humboldt,correctly,8
Humboldt,cotopaxi,8
Humboldt,covering,8
Humboldt,cross,8
Humboldt,cultivated,8
Humboldt,cum,8
Humboldt,curves,8
Humboldt,cuvier,8
Humboldt,date,8
Humboldt,dechen,8
Humboldt,deeper,8
Humboldt,deposit,8
Humboldt,derive,8
Humboldt,descending,8
Humboldt,describes,8
Humboldt,descriptions,8
Humboldt,details,8
Humboldt,difficulties,8
Humboldt,diminishes,8
Humboldt,diorite,8
Humboldt,disappeared,8
Humboldt,discussion,8
Humboldt,disposed,8
Humboldt,dryness,8
Humboldt,dufrenoy,8
Humboldt,eastward,8
Humboldt,ebooks,8
Humboldt,elliptic,8
Humboldt,empire,8
Humboldt,endowed,8
Humboldt,enveloped,8
Humboldt,era,8
Humboldt,erroneous,8
Humboldt,evening,8
Humboldt,express,8
Humboldt,expressions,8
Humboldt,extremes,8
Humboldt,extremest,8
Humboldt,fallen,8
Humboldt,faraday,8
Humboldt,fee,8
Humboldt,fertility,8
Humboldt,fifteen,8
Humboldt,forest,8
Humboldt,forster,8
Humboldt,fossiles,8
Humboldt,fossils,8
Humboldt,fragment,8
Humboldt,freely,8
Humboldt,friedrich,8
Humboldt,fruit,8
Humboldt,fundamental,8
Humboldt,george,8
Humboldt,gypsum,8
Humboldt,highlands,8
Humboldt,hoffmann,8
Humboldt,hollow,8
Humboldt,horizontally,8
Humboldt,hornblende,8
Humboldt,host,8
Humboldt,impulse,8
Humboldt,indications,8
Humboldt,influenced,8
Humboldt,inherent,8
Humboldt,inland,8
Humboldt,insight,8
Humboldt,interval,8
Humboldt,isogonic,8
Humboldt,jahrbuch,8
Humboldt,justly,8
Humboldt,keuper,8
Humboldt,kämtz,8
Humboldt,laid,8
Humboldt,lesser,8
Humboldt,leverrier,8
Humboldt,lias,8
Humboldt,linear,8
Humboldt,luxuriance,8
Humboldt,magnificent,8
Humboldt,martins,8
Humboldt,mexican,8
Humboldt,minor,8
Humboldt,monsoons,8
Humboldt,mountainous,8
Humboldt,myriads,8
Humboldt,nach,8
Humboldt,natives,8
Humboldt,naturelles,8
Humboldt,negative,8
Humboldt,nickel,8
Humboldt,nisi,8
Humboldt,obscure,8
Humboldt,observes,8
Humboldt,occupy,8
Humboldt,offer,8
Humboldt,originally,8
Humboldt,oxyd,8
Humboldt,paid,8
Humboldt,parallaxes,8
Humboldt,parallelism,8
Humboldt,parallels,8
Humboldt,passes,8
Humboldt,paths,8
Humboldt,persons,8
Humboldt,peruvian,8
Humboldt,philosophers,8
Humboldt,plan,8
Humboldt,pleasure,8
Humboldt,plin,8
Humboldt,preceded,8
Humboldt,precise,8
Humboldt,prepared,8
Humboldt,prior,8
Humboldt,problematical,8
Humboldt,proceeds,8
Humboldt,property,8
Humboldt,protected,8
Humboldt,purity,8
Humboldt,quarter,8
Humboldt,quartzose,8
Humboldt,raise,8
Humboldt,ranged,8
Humboldt,rarely,8
Humboldt,reality,8
Humboldt,reasoning,8
Humboldt,reich,8
Humboldt,require,8
Humboldt,rests,8
Humboldt,review,8
Humboldt,rio,8
Humboldt,root,8
Humboldt,santorino,8
Humboldt,scales,8
Humboldt,seeks,8
Humboldt,shade,8
Humboldt,shaken,8
Humboldt,simplicity,8
Humboldt,soft,8
Humboldt,southeast,8
Humboldt,sporadic,8
Humboldt,statement,8
Humboldt,stratification,8
Humboldt,structural,8
Humboldt,subjected,8
Humboldt,succeeded,8
Humboldt,superior,8
Humboldt,superposed,8
Humboldt,support,8
Humboldt,suspended,8
Humboldt,tissues,8
Humboldt,traced,8
Humboldt,transformed,8
Humboldt,traversed,8
Humboldt,treating,8
Humboldt,understand,8
Humboldt,uniformly,8
Humboldt,upheaval,8
Humboldt,uplifted,8
Humboldt,wild,8
Humboldt,wiss,8
Humboldt,zealand,8
Khaldun,abandon,8
Khaldun,absolute,8
Khaldun,accidental,8
Khaldun,accomplished,8
Khaldun,adherents,8
Khaldun,aggressiveness,8
Khaldun,agreed,8
Khaldun,alive,8
Khaldun,amalekites,8
Khaldun,amounted,8
Khaldun,angelicality,8
Khaldun,angles,8
Khaldun,arabian,8
Khaldun,aḥmad,8
Khaldun,baṣrah,8
Khaldun,beginnings,8
Khaldun,behalf,8
Khaldun,borders,8
Khaldun,bringing,8
Khaldun,builder,8
Khaldun,carefully,8
Khaldun,cease,8
Khaldun,celestial,8
Khaldun,censures,8
Khaldun,challenge,8
Khaldun,chosen,8
Khaldun,climate,8
Khaldun,competence,8
Khaldun,composed,8
Khaldun,concept,8
Khaldun,confirmed,8
Khaldun,conforms,8
Khaldun,conjectures,8
Khaldun,constantinople,8
Khaldun,contrary,8
Khaldun,correspondingly,8
Khaldun,create,8
Khaldun,creates,8
Khaldun,damage,8
Khaldun,david,8
Khaldun,daylam,8
Khaldun,deeds,8
Khaldun,defect,8
Khaldun,defined,8
Khaldun,delegated,8
Khaldun,deserves,8
Khaldun,develops,8
Khaldun,disapproved,8
Khaldun,discussions,8
Khaldun,disposed,8
Khaldun,dissension,8
Khaldun,division,8
Khaldun,drawn,8
Khaldun,effects,8
Khaldun,elemental,8
Khaldun,emperors,8
Khaldun,engineering,8
Khaldun,engraved,8
Khaldun,enterprises,8
Khaldun,entrust,8
Khaldun,equally,8
Khaldun,euphrates,8
Khaldun,evident,8
Khaldun,exclusion,8
Khaldun,execution,8
Khaldun,expansion,8
Khaldun,expenses,8
Khaldun,expensive,8
Khaldun,expressing,8
Khaldun,extensive,8
Khaldun,factors,8
Khaldun,features,8
Khaldun,flesh,8
Khaldun,flung,8
Khaldun,follower,8
Khaldun,foot,8
Khaldun,forceful,8
Khaldun,forebears,8
Khaldun,forefathers,8
Khaldun,fortune,8
Khaldun,gainful,8
Khaldun,garment,8
Khaldun,geographical,8
Khaldun,goodness,8
Khaldun,governors,8
Khaldun,grant,8
Khaldun,guesswork,8
Khaldun,ham,8
Khaldun,head,8
Khaldun,health,8
Khaldun,heavenly,8
Khaldun,heavy,8
Khaldun,historiography,8
Khaldun,holds,8
Khaldun,hostile,8
Khaldun,illnesses,8
Khaldun,imposes,8
Khaldun,imprint,8
Khaldun,improvement,8
Khaldun,indigent,8
Khaldun,inhabited,8
Khaldun,intellection,8
Khaldun,intends,8
Khaldun,intimates,8
Khaldun,iron,8
Khaldun,journey,8
Khaldun,khosraw,8
Khaldun,khurâsân,8
Khaldun,lacks,8
Khaldun,lasted,8
Khaldun,liver,8
Khaldun,loses,8
Khaldun,maghribîs,8
Khaldun,manliness,8
Khaldun,materializes,8
Khaldun,meat,8
Khaldun,memorizing,8
Khaldun,merinid,8
Khaldun,messenger,8
Khaldun,mistake,8
Khaldun,mounts,8
Khaldun,mufti,8
Khaldun,naturally,8
Khaldun,natures,8
Khaldun,neighbouring,8
Khaldun,noticed,8
Khaldun,organs,8
Khaldun,outlook,8
Khaldun,outlying,8
Khaldun,owl,8
Khaldun,participate,8
Khaldun,particulars,8
Khaldun,passing,8
Khaldun,pedigrees,8
Khaldun,philology,8
Khaldun,piece,8
Khaldun,plain,8
Khaldun,policy,8
Khaldun,poverty,8
Khaldun,practitioners,8
Khaldun,premises,8
Khaldun,procure,8
Khaldun,product,8
Khaldun,promised,8
Khaldun,pronounced,8
Khaldun,prosperous,8
Khaldun,proven,8
Khaldun,pupil,8
Khaldun,qurashite,8
Khaldun,raids,8
Khaldun,rebels,8
Khaldun,recensions,8
Khaldun,refers,8
Khaldun,refinement,8
Khaldun,refrain,8
Khaldun,reign,8
Khaldun,reliability,8
Khaldun,reliance,8
Khaldun,replied,8
Khaldun,reports,8
Khaldun,represents,8
Khaldun,resistance,8
Khaldun,responsibility,8
Khaldun,responsible,8
Khaldun,retain,8
Khaldun,revolt,8
Khaldun,ring,8
Khaldun,root,8
Khaldun,ruins,8
Khaldun,saints,8
Khaldun,sake,8
Khaldun,satisfactory,8
Khaldun,satisfy,8
Khaldun,sealed,8
Khaldun,sealing,8
Khaldun,seas,8
Khaldun,seclusion,8
Khaldun,selected,8
Khaldun,sends,8
Khaldun,served,8
Khaldun,seventy,8
Khaldun,shapes,8
Khaldun,situated,8
Khaldun,speakers,8
Khaldun,spherical,8
Khaldun,spiritualia,8
Khaldun,spreads,8
Khaldun,square,8
Khaldun,subsequent,8
Khaldun,sufism,8
Khaldun,superfluous,8
Khaldun,surrounded,8
Khaldun,suspicion,8
Khaldun,tailoring,8
Khaldun,tenth,8
Khaldun,topics,8
Khaldun,traders,8
Khaldun,trading,8
Khaldun,trait,8
Khaldun,transmit,8
Khaldun,travelled,8
Khaldun,travelling,8
Khaldun,treat,8
Khaldun,trickery,8
Khaldun,ultimate,8
Khaldun,uterus,8
Khaldun,variety,8
Khaldun,wedding,8
Khaldun,wine,8
Khaldun,writings,8
Khaldun,yazîd,8
Somerville,absorptive,8
Somerville,abundant,8
Somerville,accumulate,8
Somerville,achromatic,8
Somerville,acquire,8
Somerville,alcohol,8
Somerville,alike,8
Somerville,antimony,8
Somerville,aperture,8
Somerville,approached,8
Somerville,arrange,8
Somerville,arrival,8
Somerville,art,8
Somerville,astronomer,8
Somerville,attempt,8
Somerville,attention,8
Somerville,attenuated,8
Somerville,attributes,8
Somerville,australia,8
Somerville,aëriform,8
Somerville,bears,8
Somerville,bell,8
Somerville,bleaching,8
Somerville,calm,8
Somerville,capacity,8
Somerville,carbonic,8
Somerville,chains,8
Somerville,charge,8
Somerville,circulation,8
Somerville,civil,8
Somerville,cloth,8
Somerville,coins,8
Somerville,combines,8
Somerville,composing,8
Somerville,conspicuous,8
Somerville,contract,8
Somerville,defect,8
Somerville,depressed,8
Somerville,determines,8
Somerville,diaphanous,8
Somerville,diffusion,8
Somerville,disappear,8
Somerville,discharged,8
Somerville,dispersed,8
Somerville,distributing,8
Somerville,divergent,8
Somerville,divide,8
Somerville,draper,8
Somerville,earthquakes,8
Somerville,ebooks,8
Somerville,elegant,8
Somerville,engine,8
Somerville,enters,8
Somerville,equilibrio,8
Somerville,event,8
Somerville,exhibit,8
Somerville,expands,8
Somerville,expected,8
Somerville,experienced,8
Somerville,exposing,8
Somerville,expressing,8
Somerville,fee,8
Somerville,final,8
Somerville,firmament,8
Somerville,focal,8
Somerville,forced,8
Somerville,foreign,8
Somerville,formula,8
Somerville,forward,8
Somerville,fro,8
Somerville,furnished,8
Somerville,glasses,8
Somerville,grange,8
Somerville,growing,8
Somerville,harmonic,8
Somerville,hipparchus,8
Somerville,holds,8
Somerville,hues,8
Somerville,hurricane,8
Somerville,ignorant,8
Somerville,illumination,8
Somerville,imperceptible,8
Somerville,improved,8
Somerville,indefinite,8
Somerville,index,8
Somerville,infinity,8
Somerville,intensely,8
Somerville,intensities,8
Somerville,interrupted,8
Somerville,inverted,8
Somerville,investigated,8
Somerville,isogeothermal,8
Somerville,labour,8
Somerville,lands,8
Somerville,languages,8
Somerville,lassell,8
Somerville,lava,8
Somerville,lofty,8
Somerville,magnecrystallic,8
Somerville,meridians,8
Somerville,minerals,8
Somerville,multiple,8
Somerville,myriads,8
Somerville,nerves,8
Somerville,nitrogen,8
Somerville,oblate,8
Somerville,obvious,8
Somerville,originate,8
Somerville,oscillation,8
Somerville,oxidation,8
Somerville,peculiarly,8
Somerville,pencil,8
Somerville,penumbra,8
Somerville,people,8
Somerville,permanency,8
Somerville,pervious,8
Somerville,pin,8
Somerville,plain,8
Somerville,pleasure,8
Somerville,plunged,8
Somerville,possessed,8
Somerville,proceed,8
Somerville,progressive,8
Somerville,prolonged,8
Somerville,quadrant,8
Somerville,radiate,8
Somerville,receiver,8
Somerville,reduce,8
Somerville,regularity,8
Somerville,repose,8
Somerville,represent,8
Somerville,resemblance,8
Somerville,resembles,8
Somerville,resolution,8
Somerville,respects,8
Somerville,rome,8
Somerville,semi,8
Somerville,shells,8
Somerville,sixteen,8
Somerville,sixty,8
Somerville,speaking,8
Somerville,spirals,8
Somerville,split,8
Somerville,spread,8
Somerville,stops,8
Somerville,strength,8
Somerville,strongest,8
Somerville,subsequent,8
Somerville,tone,8
Somerville,touch,8
Somerville,touching,8
Somerville,transits,8
Somerville,translation,8
Somerville,travel,8
Somerville,traverse,8
Somerville,union,8
Somerville,upwards,8
Somerville,vacuo,8
Somerville,wall,8
Somerville,warmer,8
Somerville,weather,8
Goethe,accidentally,7
Goethe,accompanied,7
Goethe,accustomed,7
Goethe,afford,7
Goethe,agents,7
Goethe,aim,7
Goethe,alteration,7
Goethe,altered,7
Goethe,aperture,7
Goethe,appropriated,7
Goethe,arrangement,7
Goethe,artificial,7
Goethe,assert,7
Goethe,atomic,7
Goethe,attempt,7
Goethe,attended,7
Goethe,attentively,7
Goethe,background,7
Goethe,basis,7
Goethe,battista,7
Goethe,beautifully,7
Goethe,bounded,7
Goethe,briefly,7
Goethe,broken,7
Goethe,careful,7
Goethe,carta,7
Goethe,castel,7
Goethe,celebrated,7
Goethe,characteristics,7
Goethe,circular,7
Goethe,cloth,7
Goethe,colourists,7
Goethe,compartments,7
Goethe,compelled,7
Goethe,compound,7
Goethe,comprehended,7
Goethe,concave,7
Goethe,conclusions,7
Goethe,connect,7
Goethe,contrasted,7
Goethe,cover,7
Goethe,creatures,7
Goethe,cube,7
Goethe,culminating,7
Goethe,danger,7
Goethe,date,7
Goethe,daylight,7
Goethe,days,7
Goethe,defective,7
Goethe,density,7
Goethe,department,7
Goethe,departments,7
Goethe,determined,7
Goethe,developed,7
Goethe,devoted,7
Goethe,disappear,7
Goethe,distinctness,7
Goethe,distributing,7
Goethe,distribution,7
Goethe,drawn,7
Goethe,dull,7
Goethe,eckermann,7
Goethe,electricity,7
Goethe,elongated,7
Goethe,employ,7
Goethe,energy,7
Goethe,evidently,7
Goethe,examining,7
Goethe,excellent,7
Goethe,excess,7
Goethe,excitation,7
Goethe,excite,7
Goethe,excites,7
Goethe,expected,7
Goethe,exposed,7
Goethe,fairly,7
Goethe,farther,7
Goethe,fastened,7
Goethe,feel,7
Goethe,fit,7
Goethe,fix,7
Goethe,florence,7
Goethe,fluids,7
Goethe,focus,7
Goethe,formed,7
Goethe,formulæ,7
Goethe,giving,7
Goethe,glance,7
Goethe,gradual,7
Goethe,iii,7
Goethe,illusion,7
Goethe,imagine,7
Goethe,immixture,7
Goethe,inclined,7
Goethe,independent,7
Goethe,indications,7
Goethe,indigo,7
Goethe,individuals,7
Goethe,insulated,7
Goethe,intelligible,7
Goethe,intimately,7
Goethe,justly,7
Goethe,kingdom,7
Goethe,lasts,7
Goethe,length,7
Goethe,leon,7
Goethe,located,7
Goethe,manifests,7
Goethe,mathematics,7
Goethe,minerals,7
Goethe,morning,7
Goethe,mutability,7
Goethe,müller,7
Goethe,names,7
Goethe,negative,7
Goethe,numerous,7
Goethe,obscurity,7
Goethe,occupies,7
Goethe,perfection,7
Goethe,permitted,7
Goethe,persuaded,7
Goethe,philosophy,7
Goethe,polemical,7
Goethe,powers,7
Goethe,prepare,7
Goethe,production,7
Goethe,professor,7
Goethe,progress,7
Goethe,proposed,7
Goethe,purposes,7
Goethe,reasons,7
Goethe,recommend,7
Goethe,refined,7
Goethe,regular,7
Goethe,remembered,7
Goethe,repose,7
Goethe,richness,7
Goethe,separation,7
Goethe,shades,7
Goethe,silk,7
Goethe,skin,7
Goethe,sono,7
Goethe,specimen,7
Goethe,spots,7
Goethe,stands,7
Goethe,stripe,7
Goethe,suddenly,7
Goethe,sunshine,7
Goethe,surrounding,7
Goethe,taste,7
Goethe,theoretical,7
Goethe,totally,7
Goethe,truth,7
Goethe,twilight,7
Goethe,ultimate,7
Goethe,undertaken,7
Goethe,unite,7
Goethe,universally,7
Goethe,variegated,7
Goethe,wrote,7
Humboldt,abundant,7
Humboldt,academie,7
Humboldt,academy,7
Humboldt,acquire,7
Humboldt,acts,7
Humboldt,admirably,7
Humboldt,admixture,7
Humboldt,adolph,7
Humboldt,aerolite,7
Humboldt,allowed,7
Humboldt,alluvial,7
Humboldt,altai,7
Humboldt,alteration,7
Humboldt,anaxagoras,7
Humboldt,andromeda,7
Humboldt,ann,7
Humboldt,aphelion,7
Humboldt,applicable,7
Humboldt,argo,7
Humboldt,arising,7
Humboldt,arranged,7
Humboldt,arrived,7
Humboldt,articulated,7
Humboldt,assemblage,7
Humboldt,associations,7
Humboldt,attempted,7
Humboldt,aërolite,7
Humboldt,balance,7
Humboldt,bank,7
Humboldt,berl,7
Humboldt,blanc,7
Humboldt,boiling,7
Humboldt,bokhara,7
Humboldt,bond,7
Humboldt,bordeaux,7
Humboldt,borne,7
Humboldt,botanical,7
Humboldt,bouvard,7
Humboldt,brilliancy,7
Humboldt,buckland,7
Humboldt,capacity,7
Humboldt,carbonate,7
Humboldt,cast,7
Humboldt,causal,7
Humboldt,cells,7
Humboldt,chap,7
Humboldt,chemie,7
Humboldt,chladni,7
Humboldt,chromatic,7
Humboldt,collection,7
Humboldt,colors,7
Humboldt,columns,7
Humboldt,communion,7
Humboldt,complete,7
Humboldt,completed,7
Humboldt,comprehended,7
Humboldt,concave,7
Humboldt,conformity,7
Humboldt,constancy,7
Humboldt,copies,7
Humboldt,coprolites,7
Humboldt,count,7
Humboldt,created,7
Humboldt,creative,7
Humboldt,crit,7
Humboldt,dangerous,7
Humboldt,das,7
Humboldt,davy,7
Humboldt,delambre,7
Humboldt,deprived,7
Humboldt,detected,7
Humboldt,devoted,7
Humboldt,dew,7
Humboldt,dioritic,7
Humboldt,display,7
Humboldt,dissolved,7
Humboldt,diurnal,7
Humboldt,dodo,7
Humboldt,dome,7
Humboldt,dreary,7
Humboldt,dwell,7
Humboldt,earthy,7
Humboldt,easy,7
Humboldt,ecliptic,7
Humboldt,editions,7
Humboldt,eighteen,7
Humboldt,elder,7
Humboldt,elementary,7
Humboldt,embrace,7
Humboldt,empiricism,7
Humboldt,enjoyments,7
Humboldt,enlarged,7
Humboldt,eruptive,7
Humboldt,essential,7
Humboldt,establish,7
Humboldt,estimated,7
Humboldt,eternal,7
Humboldt,examination,7
Humboldt,exceeding,7
Humboldt,explosions,7
Humboldt,extant,7
Humboldt,extremities,7
Humboldt,fail,7
Humboldt,fathoms,7
Humboldt,faunas,7
Humboldt,fear,7
Humboldt,filling,7
Humboldt,finely,7
Humboldt,foci,7
Humboldt,fold,7
Humboldt,food,7
Humboldt,formative,7
Humboldt,fourteen,7
Humboldt,furnish,7
Humboldt,genus,7
Humboldt,geographia,7
Humboldt,geologie,7
Humboldt,germs,7
Humboldt,graywacke,7
Humboldt,greatness,7
Humboldt,happened,7
Humboldt,haven,7
Humboldt,held,7
Humboldt,hellenic,7
Humboldt,humphrey,7
Humboldt,hygrometric,7
Humboldt,illuminated,7
Humboldt,images,7
Humboldt,immeasurable,7
Humboldt,immortal,7
Humboldt,incessantly,7
Humboldt,include,7
Humboldt,indebted,7
Humboldt,ingeniously,7
Humboldt,inhabit,7
Humboldt,inscription,7
Humboldt,intelligent,7
Humboldt,intermittent,7
Humboldt,invariable,7
Humboldt,invariably,7
Humboldt,involuntarily,7
Humboldt,isle,7
Humboldt,isochimenal,7
Humboldt,isodynamic,7
Humboldt,java,7
Humboldt,konigsberg,7
Humboldt,labradorite,7
Humboldt,lay,7
Humboldt,lehrbuch,7
Humboldt,link,7
Humboldt,linked,7
Humboldt,lisbon,7
Humboldt,located,7
Humboldt,lombardy,7
Humboldt,lose,7
Humboldt,loud,7
Humboldt,mairan,7
Humboldt,mammalia,7
Humboldt,map,7
Humboldt,marks,7
Humboldt,midnight,7
Humboldt,mild,7
Humboldt,minimum,7
Humboldt,mining,7
Humboldt,mists,7
Humboldt,modify,7
Humboldt,multiple,7
Humboldt,mundus,7
Humboldt,murchison,7
Humboldt,muschelkalk,7
Humboldt,mutually,7
Humboldt,mystery,7
Humboldt,myth,7
Humboldt,nam,7
Humboldt,nepheline,7
Humboldt,nodes,7
Humboldt,null,7
Humboldt,oaks,7
Humboldt,obscurity,7
Humboldt,olmsted,7
Humboldt,peculiarly,7
Humboldt,pekin,7
Humboldt,peltier,7
Humboldt,peninsulas,7
Humboldt,perihelion,7
Humboldt,permission,7
Humboldt,phanerogamic,7
Humboldt,philosopher,7
Humboldt,pichincha,7
Humboldt,popayan,7
Humboldt,positions,7
Humboldt,possession,7
Humboldt,possibly,7
Humboldt,predilection,7
Humboldt,prevailing,7
Humboldt,primordial,7
Humboldt,proceeding,7
Humboldt,productions,7
Humboldt,prosperity,7
Humboldt,provide,7
Humboldt,pursued,7
Humboldt,pyrenees,7
Humboldt,quaest,7
Humboldt,reader,7
Humboldt,receive,7
Humboldt,recherches,7
Humboldt,recueil,7
Humboldt,reduced,7
Humboldt,reflecting,7
Humboldt,regulate,7
Humboldt,represent,7
Humboldt,requires,7
Humboldt,resemblance,7
Humboldt,resulting,7
Humboldt,reveals,7
Humboldt,rooted,7
Humboldt,russia,7
Humboldt,sanscrit,7
Humboldt,santa,7
Humboldt,seated,7
Humboldt,sed,7
Humboldt,setting,7
Humboldt,shelled,7
Humboldt,silica,7
Humboldt,simply,7
Humboldt,singularly,7
Humboldt,sixty,7
Humboldt,skeletons,7
Humboldt,slightly,7
Humboldt,slowly,7
Humboldt,soc,7
Humboldt,solidified,7
Humboldt,specially,7
Humboldt,speculative,7
Humboldt,spheres,7
Humboldt,spheroid,7
Humboldt,spitzbergen,7
Humboldt,standing,7
Humboldt,statements,7
Humboldt,straits,7
Humboldt,stromboli,7
Humboldt,struve,7
Humboldt,subordinate,7
Humboldt,success,7
Humboldt,suns,7
Humboldt,superimposed,7
Humboldt,surfaces,7
Humboldt,surprise,7
Humboldt,survey,7
Humboldt,swarms,7
Humboldt,tables,7
Humboldt,taking,7
Humboldt,teaches,7
Humboldt,tenth,7
Humboldt,thibet,7
Humboldt,toises,7
Humboldt,trachytic,7
Humboldt,track,7
Humboldt,trade,7
Humboldt,tradition,7
Humboldt,transmitted,7
Humboldt,travertine,7
Humboldt,trias,7
Humboldt,tribe,7
Humboldt,unchanged,7
Humboldt,undergoing,7
Humboldt,unequally,7
Humboldt,universally,7
Humboldt,vary,7
Humboldt,vegetables,7
Humboldt,vine,7
Humboldt,weed,7
Humboldt,wine,7
Humboldt,xxxiii,7
Khaldun,abandoned,7
Khaldun,abbâs,7
Khaldun,abbâsah,7
Khaldun,abstracted,7
Khaldun,abyssinians,7
Khaldun,accumulation,7
Khaldun,achievements,7
Khaldun,acknowledge,7
Khaldun,agents,7
Khaldun,agreement,7
Khaldun,amr,7
Khaldun,apostles,7
Khaldun,apparent,7
Khaldun,appropriated,7
Khaldun,argumentation,7
Khaldun,arose,7
Khaldun,attaches,7
Khaldun,attempted,7
Khaldun,bakrî,7
Khaldun,balance,7
Khaldun,beware,7
Khaldun,bones,7
Khaldun,buying,7
Khaldun,carthage,7
Khaldun,causal,7
Khaldun,chapters,7
Khaldun,closest,7
Khaldun,collectors,7
Khaldun,colours,7
Khaldun,combining,7
Khaldun,committed,7
Khaldun,communication,7
Khaldun,comparable,7
Khaldun,concentrated,7
Khaldun,concentration,7
Khaldun,conquered,7
Khaldun,conscious,7
Khaldun,count,7
Khaldun,critically,7
Khaldun,cured,7
Khaldun,damascus,7
Khaldun,date,7
Khaldun,dealt,7
Khaldun,deceit,7
Khaldun,declines,7
Khaldun,defects,7
Khaldun,delegate,7
Khaldun,deprive,7
Khaldun,destroys,7
Khaldun,differed,7
Khaldun,discussing,7
Khaldun,diseases,7
Khaldun,display,7
Khaldun,distribution,7
Khaldun,districts,7
Khaldun,diverse,7
Khaldun,diviners,7
Khaldun,dry,7
Khaldun,egyptians,7
Khaldun,elders,7
Khaldun,empire,7
Khaldun,enabled,7
Khaldun,enjoyed,7
Khaldun,enjoys,7
Khaldun,entitled,7
Khaldun,erroneous,7
Khaldun,event,7
Khaldun,execute,7
Khaldun,executed,7
Khaldun,exertion,7
Khaldun,expect,7
Khaldun,expects,7
Khaldun,explains,7
Khaldun,expose,7
Khaldun,exposed,7
Khaldun,extension,7
Khaldun,fairness,7
Khaldun,farthest,7
Khaldun,fathers,7
Khaldun,favours,7
Khaldun,fevers,7
Khaldun,fiefs,7
Khaldun,final,7
Khaldun,fitted,7
Khaldun,flourished,7
Khaldun,forgot,7
Khaldun,gaining,7
Khaldun,galen,7
Khaldun,gates,7
Khaldun,ghazzâlî,7
Khaldun,grip,7
Khaldun,hamlets,7
Khaldun,heir,7
Khaldun,helps,7
Khaldun,heretics,7
Khaldun,honoured,7
Khaldun,humble,7
Khaldun,hunting,7
Khaldun,imply,7
Khaldun,imported,7
Khaldun,improper,7
Khaldun,increasing,7
Khaldun,influential,7
Khaldun,inherited,7
Khaldun,innovators,7
Khaldun,interpret,7
Khaldun,interpreter,7
Khaldun,israel,7
Khaldun,issue,7
Khaldun,khâlid,7
Khaldun,knowing,7
Khaldun,lacking,7
Khaldun,lake,7
Khaldun,laudatory,7
Khaldun,lawgiver,7
Khaldun,legend,7
Khaldun,lifted,7
Khaldun,limits,7
Khaldun,loads,7
Khaldun,looked,7
Khaldun,luxurious,7
Khaldun,maritime,7
Khaldun,mastery,7
Khaldun,measure,7
Khaldun,measures,7
Khaldun,mentions,7
Khaldun,messengers,7
Khaldun,metres,7
Khaldun,midwife,7
Khaldun,minded,7
Khaldun,model,7
Khaldun,moon,7
Khaldun,moving,7
Khaldun,nabataeans,7
Khaldun,narrow,7
Khaldun,native,7
Khaldun,nile,7
Khaldun,noted,7
Khaldun,obstacles,7
Khaldun,occurring,7
Khaldun,oil,7
Khaldun,orthodox,7
Khaldun,outward,7
Khaldun,palaces,7
Khaldun,paradise,7
Khaldun,perceiving,7
Khaldun,plunder,7
Khaldun,possibly,7
Khaldun,praised,7
Khaldun,prerogatives,7
Khaldun,priests,7
Khaldun,profession,7
Khaldun,properties,7
Khaldun,propositions,7
Khaldun,protecting,7
Khaldun,purity,7
Khaldun,qayrawân,7
Khaldun,qâdisîyah,7
Khaldun,reading,7
Khaldun,reception,7
Khaldun,refined,7
Khaldun,reflection,7
Khaldun,relations,7
Khaldun,relative,7
Khaldun,render,7
Khaldun,rhymes,7
Khaldun,rise,7
Khaldun,run,7
Khaldun,runs,7
Khaldun,safety,7
Khaldun,sale,7
Khaldun,satan,7
Khaldun,scattered,7
Khaldun,scrutiny,7
Khaldun,sects,7
Khaldun,sell,7
Khaldun,sentences,7
Khaldun,separating,7
Khaldun,ships,7
Khaldun,silly,7
Khaldun,simply,7
Khaldun,skin,7
Khaldun,sperm,7
Khaldun,spirits,7
Khaldun,spirituality,7
Khaldun,splendid,7
Khaldun,split,7
Khaldun,stamp,7
Khaldun,stands,7
Khaldun,steady,7
Khaldun,step,7
Khaldun,stored,7
Khaldun,straits,7
Khaldun,suggested,7
Khaldun,sum,7
Khaldun,suspected,7
Khaldun,symptoms,7
Khaldun,syntax,7
Khaldun,tawqî,7
Khaldun,techniques,7
Khaldun,top,7
Khaldun,touch,7
Khaldun,traces,7
Khaldun,transmission,7
Khaldun,tyranny,7
Khaldun,understands,7
Khaldun,undertaken,7
Khaldun,urge,7
Khaldun,uthmân,7
Khaldun,varied,7
Khaldun,versed,7
Khaldun,vigour,7
Khaldun,virtues,7
Khaldun,wage,7
Khaldun,waking,7
Khaldun,witnesses,7
Khaldun,wool,7
Khaldun,yûsuf,7
Khaldun,zodiac,7
Khaldun,ḥâjib,7
Somerville,adams,7
Somerville,algæ,7
Somerville,alternation,7
Somerville,altitude,7
Somerville,andes,7
Somerville,antiquity,7
Somerville,antithesis,7
Somerville,arctic,7
Somerville,attain,7
Somerville,attended,7
Somerville,attracting,7
Somerville,augments,7
Somerville,aurora,7
Somerville,backwards,7
Somerville,balloon,7
Somerville,barometrical,7
Somerville,bay,7
Somerville,beams,7
Somerville,blast,7
Somerville,bond,7
Somerville,bow,7
Somerville,branch,7
Somerville,brighter,7
Somerville,bringing,7
Somerville,cambridge,7
Somerville,carbon,7
Somerville,chiefly,7
Somerville,chronology,7
Somerville,clocks,7
Somerville,coincided,7
Somerville,collodion,7
Somerville,colourless,7
Somerville,coma,7
Somerville,companion,7
Somerville,compensate,7
Somerville,concentrated,7
Somerville,condensations,7
Somerville,conjunctions,7
Somerville,connecting,7
Somerville,consequences,7
Somerville,considerably,7
Somerville,constituting,7
Somerville,continual,7
Somerville,contrasted,7
Somerville,convex,7
Somerville,conveying,7
Somerville,conveys,7
Somerville,copies,7
Somerville,copying,7
Somerville,correspond,7
Somerville,cover,7
Somerville,created,7
Somerville,crystallisation,7
Somerville,cycle,7
Somerville,cylinders,7
Somerville,darkened,7
Somerville,defective,7
Somerville,demonstrated,7
Somerville,denser,7
Somerville,dependence,7
Somerville,deposition,7
Somerville,descends,7
Somerville,differential,7
Somerville,disappearance,7
Somerville,discrepancies,7
Somerville,dispersive,7
Somerville,dissimilar,7
Somerville,doctrine,7
Somerville,dull,7
Somerville,earthquake,7
Somerville,ebb,7
Somerville,edinburgh,7
Somerville,elicited,7
Somerville,eminent,7
Somerville,equable,7
Somerville,estimating,7
Somerville,evening,7
Somerville,excentricities,7
Somerville,exceptions,7
Somerville,existed,7
Somerville,expense,7
Somerville,extinct,7
Somerville,extra,7
Somerville,faye,7
Somerville,floating,7
Somerville,fluctuations,7
Somerville,flute,7
Somerville,fog,7
Somerville,frequency,7
Somerville,frozen,7
Somerville,fulgorites,7
Somerville,gaseous,7
Somerville,gradual,7
Somerville,greenish,7
Somerville,guaiacum,7
Somerville,gutta,7
Somerville,hands,7
Somerville,history,7
Somerville,horizontally,7
Somerville,hue,7
Somerville,hyperbolas,7
Somerville,icebergs,7
Somerville,impart,7
Somerville,imparted,7
Somerville,inactive,7
Somerville,included,7
Somerville,inconsistent,7
Somerville,indebted,7
Somerville,indications,7
Somerville,induce,7
Somerville,inhabitants,7
Somerville,instability,7
Somerville,intercepted,7
Somerville,isaac,7
Somerville,joint,7
Somerville,lake,7
Somerville,late,7
Somerville,lenses,7
Somerville,located,7
Somerville,lose,7
Somerville,lying,7
Somerville,magnetized,7
Somerville,manifested,7
Somerville,mark,7
Somerville,materially,7
Somerville,matteucci,7
Somerville,meets,7
Somerville,messier,7
Somerville,mighty,7
Somerville,mineral,7
Somerville,minima,7
Somerville,moderate,7
Somerville,month,7
Somerville,moser,7
Somerville,movements,7
Somerville,mutually,7
Somerville,named,7
Somerville,neap,7
Somerville,niepcé,7
Somerville,nuclei,7
Somerville,observers,7
Somerville,occupying,7
Somerville,offered,7
Somerville,oil,7
Somerville,parabola,7
Somerville,perceptions,7
Somerville,percha,7
Somerville,performs,7
Somerville,periodicity,7
Somerville,philosophers,7
Somerville,piano,7
Somerville,pink,7
Somerville,pipes,7
Somerville,plumb,7
Somerville,port,7
Somerville,possibility,7
Somerville,powell,7
Somerville,powerfully,7
Somerville,precision,7
Somerville,preserve,7
Somerville,prevail,7
Somerville,prevails,7
Somerville,prevented,7
Somerville,progression,7
Somerville,proposed,7
Somerville,protuberant,7
Somerville,provide,7
Somerville,proximity,7
Somerville,ptolemy,7
Somerville,reappear,7
Somerville,recent,7
Somerville,recently,7
Somerville,related,7
Somerville,renewed,7
Somerville,resonance,7
Somerville,restore,7
Somerville,rotations,7
Somerville,royal,7
Somerville,rush,7
Somerville,secchi,7
Somerville,sensitive,7
Somerville,separating,7
Somerville,sided,7
Somerville,silence,7
Somerville,similarity,7
Somerville,slender,7
Somerville,slightest,7
Somerville,slip,7
Somerville,smyth,7
Somerville,stable,7
Somerville,standing,7
Somerville,strewed,7
Somerville,succeed,7
Somerville,sulphuric,7
Somerville,suns,7
Somerville,supplied,7
Somerville,survey,7
Somerville,susceptible,7
Somerville,symmetry,7
Somerville,tenth,7
Somerville,tested,7
Somerville,tin,7
Somerville,tones,7
Somerville,tops,7
Somerville,transverse,7
Somerville,traversing,7
Somerville,triangles,7
Somerville,triple,7
Somerville,tyndall,7
Somerville,undisturbed,7
Somerville,unequally,7
Somerville,unites,7
Somerville,uniting,7
Somerville,vain,7
Somerville,valleys,7
Somerville,vibratory,7
Somerville,vicinity,7
Somerville,virgo,7
Somerville,voice,7
Somerville,volcanoes,7
Somerville,volumes,7
Somerville,whiteness,7
Somerville,wine,7
Goethe,absolute,6
Goethe,accounts,6
Goethe,acquires,6
Goethe,advances,6
Goethe,advantages,6
Goethe,answered,6
Goethe,appendix,6
Goethe,approaching,6
Goethe,aretino,6
Goethe,aristotelian,6
Goethe,armenini,6
Goethe,arts,6
Goethe,attraction,6
Goethe,bars,6
Goethe,bear,6
Goethe,bianco,6
Goethe,biondo,6
Goethe,blind,6
Goethe,boyle,6
Goethe,branch,6
Goethe,brightest,6
Goethe,bust,6
Goethe,calculated,6
Goethe,camera,6
Goethe,card,6
Goethe,carmine,6
Goethe,carry,6
Goethe,cease,6
Goethe,charge,6
Goethe,clean,6
Goethe,climates,6
Goethe,closed,6
Goethe,closely,6
Goethe,cloudy,6
Goethe,collection,6
Goethe,communicate,6
Goethe,comply,6
Goethe,con,6
Goethe,concluding,6
Goethe,confine,6
Goethe,conjectured,6
Goethe,constitute,6
Goethe,conviction,6
Goethe,deduced,6
Goethe,defect,6
Goethe,derive,6
Goethe,des,6
Goethe,deserves,6
Goethe,dialogue,6
Goethe,diameter,6
Goethe,diffused,6
Goethe,diminish,6
Goethe,displaying,6
Goethe,distances,6
Goethe,distinction,6
Goethe,distribute,6
Goethe,divisions,6
Goethe,drying,6
Goethe,easy,6
Goethe,effected,6
Goethe,efficient,6
Goethe,elevated,6
Goethe,enters,6
Goethe,essential,6
Goethe,events,6
Goethe,evoke,6
Goethe,exist,6
Goethe,existed,6
Goethe,existing,6
Goethe,extended,6
Goethe,extracted,6
Goethe,facility,6
Goethe,fail,6
Goethe,favourable,6
Goethe,fish,6
Goethe,flower,6
Goethe,frequent,6
Goethe,friend,6
Goethe,genius,6
Goethe,granted,6
Goethe,greatly,6
Goethe,greenish,6
Goethe,hair,6
Goethe,happened,6
Goethe,hinted,6
Goethe,hints,6
Goethe,illustration,6
Goethe,imagination,6
Goethe,imperfectly,6
Goethe,infinity,6
Goethe,intenser,6
Goethe,intention,6
Goethe,investigators,6
Goethe,juxtaposition,6
Goethe,labour,6
Goethe,laid,6
Goethe,lamellæ,6
Goethe,lenses,6
Goethe,letters,6
Goethe,lightest,6
Goethe,limits,6
Goethe,linseed,6
Goethe,liquids,6
Goethe,list,6
Goethe,low,6
Goethe,main,6
Goethe,maximum,6
Goethe,milan,6
Goethe,minium,6
Goethe,moderate,6
Goethe,motley,6
Goethe,mountains,6
Goethe,narrow,6
Goethe,nearest,6
Goethe,negation,6
Goethe,neutralised,6
Goethe,nobili,6
Goethe,nut,6
Goethe,objectively,6
Goethe,obscura,6
Goethe,obvious,6
Goethe,occasions,6
Goethe,operate,6
Goethe,opinions,6
Goethe,owner,6
Goethe,oxyde,6
Goethe,oxydes,6
Goethe,parallactic,6
Goethe,pasteboard,6
Goethe,penetrate,6
Goethe,permanency,6
Goethe,permission,6
Goethe,pigment,6
Goethe,più,6
Goethe,plain,6
Goethe,portius,6
Goethe,prefer,6
Goethe,preferred,6
Goethe,presence,6
Goethe,pronounced,6
Goethe,propose,6
Goethe,protected,6
Goethe,publication,6
Goethe,pursue,6
Goethe,raised,6
Goethe,readers,6
Goethe,reality,6
Goethe,recipes,6
Goethe,reflecting,6
Goethe,refrangibility,6
Goethe,regions,6
Goethe,remember,6
Goethe,render,6
Goethe,review,6
Goethe,rich,6
Goethe,rosso,6
Goethe,sebastian,6
Goethe,shadowed,6
Goethe,shell,6
Goethe,simplicity,6
Goethe,smoke,6
Goethe,soap,6
Goethe,sought,6
Goethe,sources,6
Goethe,strength,6
Goethe,strikingly,6
Goethe,strongest,6
Goethe,subsequently,6
Goethe,suffice,6
Goethe,support,6
Goethe,taking,6
Goethe,tax,6
Goethe,tending,6
Goethe,tinged,6
Goethe,tinging,6
Goethe,tintoret,6
Goethe,transient,6
Goethe,treatises,6
Goethe,trees,6
Goethe,undertaking,6
Goethe,unknown,6
Goethe,vapour,6
Goethe,vehicle,6
Goethe,venture,6
Goethe,vertical,6
Goethe,washed,6
Goethe,wear,6
Goethe,wire,6
Goethe,worms,6
Humboldt,absent,6
Humboldt,adopted,6
Humboldt,african,6
Humboldt,alex,6
Humboldt,amounting,6
Humboldt,animation,6
Humboldt,annals,6
Humboldt,appertain,6
Humboldt,apprehension,6
Humboldt,approaches,6
Humboldt,approximation,6
Humboldt,arbitrary,6
Humboldt,archiv,6
Humboldt,arises,6
Humboldt,articulation,6
Humboldt,ascend,6
Humboldt,ascent,6
Humboldt,astronomie,6
Humboldt,attendant,6
Humboldt,attract,6
Humboldt,attracted,6
Humboldt,auf,6
Humboldt,aux,6
Humboldt,aërial,6
Humboldt,basis,6
Humboldt,bears,6
Humboldt,beauty,6
Humboldt,becquerel,6
Humboldt,bekker,6
Humboldt,boguslawski,6
Humboldt,born,6
Humboldt,borrowed,6
Humboldt,botanik,6
Humboldt,boundless,6
Humboldt,breath,6
Humboldt,brewster,6
Humboldt,britain,6
Humboldt,brongniart,6
Humboldt,burckhardt,6
Humboldt,bureau,6
Humboldt,call,6
Humboldt,canaries,6
Humboldt,carbureted,6
Humboldt,carrara,6
Humboldt,celeste,6
Humboldt,channels,6
Humboldt,chiefly,6
Humboldt,childrey,6
Humboldt,classical,6
Humboldt,cluster,6
Humboldt,col,6
Humboldt,communicated,6
Humboldt,completely,6
Humboldt,comply,6
Humboldt,compose,6
Humboldt,compounds,6
Humboldt,comprising,6
Humboldt,conducted,6
Humboldt,confined,6
Humboldt,connaissance,6
Humboldt,connect,6
Humboldt,convert,6
Humboldt,conveyed,6
Humboldt,copper,6
Humboldt,corresponds,6
Humboldt,counted,6
Humboldt,cover,6
Humboldt,covers,6
Humboldt,crown,6
Humboldt,curved,6
Humboldt,deflected,6
Humboldt,delight,6
Humboldt,deposition,6
Humboldt,desert,6
Humboldt,detail,6
Humboldt,deviation,6
Humboldt,dhawalagiri,6
Humboldt,disks,6
Humboldt,distinctly,6
Humboldt,distribute,6
Humboldt,doubtful,6
Humboldt,downward,6
Humboldt,drawing,6
Humboldt,dublin,6
Humboldt,ebb,6
Humboldt,edge,6
Humboldt,effected,6
Humboldt,electrometer,6
Humboldt,elevating,6
Humboldt,elliptical,6
Humboldt,emissions,6
Humboldt,enable,6
Humboldt,enjoyed,6
Humboldt,equinoxes,6
Humboldt,errors,6
Humboldt,escaped,6
Humboldt,essentially,6
Humboldt,ether,6
Humboldt,examined,6
Humboldt,excessive,6
Humboldt,exhibits,6
Humboldt,exotic,6
Humboldt,expanse,6
Humboldt,expos,6
Humboldt,expressly,6
Humboldt,false,6
Humboldt,fancy,6
Humboldt,favored,6
Humboldt,fearful,6
Humboldt,feldspathic,6
Humboldt,fine,6
Humboldt,flotz,6
Humboldt,flowering,6
Humboldt,flowing,6
Humboldt,flows,6
Humboldt,fluidity,6
Humboldt,fourier,6
Humboldt,freiburg,6
Humboldt,fruits,6
Humboldt,geogn,6
Humboldt,geognosie,6
Humboldt,geologist,6
Humboldt,geologists,6
Humboldt,glimmering,6
Humboldt,granada,6
Humboldt,grasses,6
Humboldt,grassy,6
Humboldt,gray,6
Humboldt,greece,6
Humboldt,grow,6
Humboldt,growth,6
Humboldt,guanaxuato,6
Humboldt,hail,6
Humboldt,harmony,6
Humboldt,hazard,6
Humboldt,hindoo,6
Humboldt,hindostan,6
Humboldt,hornitos,6
Humboldt,humanity,6
Humboldt,ignited,6
Humboldt,ill,6
Humboldt,imagine,6
Humboldt,imagined,6
Humboldt,incessant,6
Humboldt,inclines,6
Humboldt,individuals,6
Humboldt,induced,6
Humboldt,inductive,6
Humboldt,inferior,6
Humboldt,inflammable,6
Humboldt,injurious,6
Humboldt,institutions,6
Humboldt,intended,6
Humboldt,intersection,6
Humboldt,invented,6
Humboldt,ionian,6
Humboldt,isotheral,6
Humboldt,issue,6
Humboldt,jahr,6
Humboldt,jamaica,6
Humboldt,jan,6
Humboldt,kant,6
Humboldt,kingdom,6
Humboldt,kirghis,6
Humboldt,laminae,6
Humboldt,latin,6
Humboldt,ledge,6
Humboldt,leonhard,6
Humboldt,library,6
Humboldt,lipari,6
Humboldt,longitudes,6
Humboldt,lord,6
Humboldt,lowest,6
Humboldt,lycopodiaceae,6
Humboldt,magnete,6
Humboldt,maintain,6
Humboldt,manuscript,6
Humboldt,maps,6
Humboldt,margarita,6
Humboldt,mariner,6
Humboldt,massachusetts,6
Humboldt,maxima,6
Humboldt,mecanique,6
Humboldt,memoires,6
Humboldt,merit,6
Humboldt,methone,6
Humboldt,milan,6
Humboldt,mineralogical,6
Humboldt,mission,6
Humboldt,moist,6
Humboldt,moment,6
Humboldt,mongolian,6
Humboldt,monk,6
Humboldt,moral,6
Humboldt,multiplication,6
Humboldt,naples,6
Humboldt,nitrogen,6
Humboldt,noises,6
Humboldt,nov,6
Humboldt,nuclei,6
Humboldt,numerically,6
Humboldt,observatories,6
Humboldt,obsidian,6
Humboldt,opinions,6
Humboldt,opposition,6
Humboldt,oscillatory,6
Humboldt,owen,6
Humboldt,parry,6
Humboldt,penetrates,6
Humboldt,pentland,6
Humboldt,perfected,6
Humboldt,person,6
Humboldt,peter,6
Humboldt,philolaus,6
Humboldt,philosophica,6
Humboldt,physiological,6
Humboldt,physiologie,6
Humboldt,pines,6
Humboldt,planes,6
Humboldt,plutarch,6
Humboldt,poet,6
Humboldt,pogg,6
Humboldt,polarity,6
Humboldt,possessing,6
Humboldt,preface,6
Humboldt,prevailed,6
Humboldt,prevails,6
Humboldt,prevalence,6
Humboldt,prichard,6
Humboldt,printed,6
Humboldt,pursuits,6
Humboldt,quantitative,6
Humboldt,quetelet,6
Humboldt,qui,6
Humboldt,quod,6
Humboldt,reaching,6
Humboldt,reading,6
Humboldt,record,6
Humboldt,reduce,6
Humboldt,regularly,6
Humboldt,remove,6
Humboldt,renders,6
Humboldt,representation,6
Humboldt,representations,6
Humboldt,research,6
Humboldt,respective,6
Humboldt,retain,6
Humboldt,rhine,6
Humboldt,ritter,6
Humboldt,rule,6
Humboldt,saline,6
Humboldt,scenes,6
Humboldt,scythia,6
Humboldt,sections,6
Humboldt,segment,6
Humboldt,seldom,6
Humboldt,serve,6
Humboldt,seventeenth,6
Humboldt,shell,6
Humboldt,shorter,6
Humboldt,shower,6
Humboldt,shrubs,6
Humboldt,silesia,6
Humboldt,smallness,6
Humboldt,solids,6
Humboldt,son,6
Humboldt,sorata,6
Humboldt,spanish,6
Humboldt,spherical,6
Humboldt,splendid,6
Humboldt,stability,6
Humboldt,stems,6
Humboldt,strange,6
Humboldt,sublimation,6
Humboldt,successively,6
Humboldt,suffered,6
Humboldt,sunk,6
Humboldt,sunshine,6
Humboldt,swarm,6
Humboldt,symbols,6
Humboldt,syria,6
Humboldt,takes,6
Humboldt,tax,6
Humboldt,telluris,6
Humboldt,tend,6
Humboldt,terrae,6
Humboldt,texture,6
Humboldt,theorie,6
Humboldt,thibetian,6
Humboldt,thick,6
Humboldt,thread,6
Humboldt,torsion,6
Humboldt,treatment,6
Humboldt,treats,6
Humboldt,trigonometrical,6
Humboldt,trunks,6
Humboldt,unaccompanied,6
Humboldt,undertaken,6
Humboldt,undulations,6
Humboldt,uninterruptedly,6
Humboldt,unresolvable,6
Humboldt,values,6
Humboldt,variance,6
Humboldt,ventured,6
Humboldt,vereins,6
Humboldt,vesta,6
Humboldt,werke,6
Humboldt,wider,6
Humboldt,wonderful,6
Humboldt,writing,6
Humboldt,wrote,6
Humboldt,xviii,6
Humboldt,xxxii,6
Humboldt,xxxvii,6
Humboldt,zoological,6
Humboldt,zur,6
Khaldun,abolished,6
Khaldun,abridged,6
Khaldun,acceptable,6
Khaldun,acceptance,6
Khaldun,accidents,6
Khaldun,accounting,6
Khaldun,add,6
Khaldun,adequate,6
Khaldun,admiralty,6
Khaldun,admixture,6
Khaldun,adultery,6
Khaldun,advanced,6
Khaldun,agent,6
Khaldun,aghlabids,6
Khaldun,algebra,6
Khaldun,allies,6
Khaldun,annihilation,6
Khaldun,anôsharwân,6
Khaldun,approximately,6
Khaldun,artistic,6
Khaldun,ascending,6
Khaldun,attach,6
Khaldun,attacked,6
Khaldun,austerity,6
Khaldun,avoids,6
Khaldun,awake,6
Khaldun,baḥrayn,6
Khaldun,bees,6
Khaldun,behold,6
Khaldun,birth,6
Khaldun,bishops,6
Khaldun,bliss,6
Khaldun,booty,6
Khaldun,brave,6
Khaldun,brilliance,6
Khaldun,brother,6
Khaldun,camp,6
Khaldun,carpets,6
Khaldun,categories,6
Khaldun,cattle,6
Khaldun,censured,6
Khaldun,characterized,6
Khaldun,cleverness,6
Khaldun,closely,6
Khaldun,coarse,6
Khaldun,coin,6
Khaldun,colleagues,6
Khaldun,coloured,6
Khaldun,combine,6
Khaldun,communicate,6
Khaldun,companions,6
Khaldun,company,6
Khaldun,compete,6
Khaldun,complicated,6
Khaldun,comprehend,6
Khaldun,conclusion,6
Khaldun,concomitants,6
Khaldun,consecutive,6
Khaldun,consist,6
Khaldun,contained,6
Khaldun,cooked,6
Khaldun,correspond,6
Khaldun,covers,6
Khaldun,criminal,6
Khaldun,customarily,6
Khaldun,daughter,6
Khaldun,declared,6
Khaldun,deduce,6
Khaldun,deep,6
Khaldun,demands,6
Khaldun,deserts,6
Khaldun,deserve,6
Khaldun,destructive,6
Khaldun,determined,6
Khaldun,devoid,6
Khaldun,devoted,6
Khaldun,dies,6
Khaldun,dignitaries,6
Khaldun,dinar,6
Khaldun,diplomas,6
Khaldun,disapproval,6
Khaldun,disobedience,6
Khaldun,disputes,6
Khaldun,distinguishes,6
Khaldun,disturbances,6
Khaldun,diwân,6
Khaldun,dwellers,6
Khaldun,eagerly,6
Khaldun,educated,6
Khaldun,effected,6
Khaldun,elephants,6
Khaldun,elevation,6
Khaldun,embryo,6
Khaldun,enable,6
Khaldun,enabling,6
Khaldun,encompassed,6
Khaldun,enforce,6
Khaldun,engage,6
Khaldun,enters,6
Khaldun,entrance,6
Khaldun,equation,6
Khaldun,exception,6
Khaldun,excessively,6
Khaldun,exhausted,6
Khaldun,experts,6
Khaldun,extended,6
Khaldun,extravagant,6
Khaldun,extremely,6
Khaldun,fail,6
Khaldun,falling,6
Khaldun,falsehood,6
Khaldun,famines,6
Khaldun,feed,6
Khaldun,feels,6
Khaldun,fellows,6
Khaldun,filled,6
Khaldun,flattery,6
Khaldun,foods,6
Khaldun,forces,6
Khaldun,fraud,6
Khaldun,fulfilment,6
Khaldun,furnishings,6
Khaldun,genealogists,6
Khaldun,govern,6
Khaldun,grammatical,6
Khaldun,grounded,6
Khaldun,hair,6
Khaldun,hall,6
Khaldun,happenings,6
Khaldun,hate,6
Khaldun,healthy,6
Khaldun,hell,6
Khaldun,helpers,6
Khaldun,hindrances,6
Khaldun,holding,6
Khaldun,hopes,6
Khaldun,hour,6
Khaldun,humility,6
Khaldun,husbandry,6
Khaldun,illiteracy,6
Khaldun,illustrated,6
Khaldun,implements,6
Khaldun,implied,6
Khaldun,indulgence,6
Khaldun,inevitably,6
Khaldun,inspired,6
Khaldun,instrument,6
Khaldun,intercourse,6
Khaldun,introduced,6
Khaldun,investigating,6
Khaldun,islands,6
Khaldun,israelite,6
Khaldun,jâbir,6
Khaldun,lasts,6
Khaldun,latin,6
Khaldun,latitude,6
Khaldun,lengthy,6
Khaldun,luck,6
Khaldun,majority,6
Khaldun,mansions,6
Khaldun,markets,6
Khaldun,meeting,6
Khaldun,memorize,6
Khaldun,mighty,6
Khaldun,mine,6
Khaldun,mineral,6
Khaldun,misdeeds,6
Khaldun,mistakes,6
Khaldun,mouth,6
Khaldun,movement,6
Khaldun,mûsâ,6
Khaldun,nonexistence,6
Khaldun,nonexistent,6
Khaldun,notions,6
Khaldun,numbered,6
Khaldun,obedient,6
Khaldun,obligatory,6
Khaldun,occurred,6
Khaldun,openly,6
Khaldun,opposed,6
Khaldun,oral,6
Khaldun,ostentation,6
Khaldun,owner,6
Khaldun,owners,6
Khaldun,paper,6
Khaldun,partisans,6
Khaldun,pays,6
Khaldun,peace,6
Khaldun,perfected,6
Khaldun,perished,6
Khaldun,pernicious,6
Khaldun,persist,6
Khaldun,peter,6
Khaldun,philologists,6
Khaldun,plato,6
Khaldun,poles,6
Khaldun,portion,6
Khaldun,portions,6
Khaldun,practices,6
Khaldun,precedence,6
Khaldun,preference,6
Khaldun,preferred,6
Khaldun,preoccupation,6
Khaldun,prepare,6
Khaldun,presence,6
Khaldun,preserves,6
Khaldun,pressure,6
Khaldun,prison,6
Khaldun,proceed,6
Khaldun,protected,6
Khaldun,proves,6
Khaldun,province,6
Khaldun,pulpit,6
Khaldun,purchase,6
Khaldun,pyramids,6
Khaldun,quraysh,6
Khaldun,readers,6
Khaldun,recently,6
Khaldun,recognize,6
Khaldun,references,6
Khaldun,reflect,6
Khaldun,refutation,6
Khaldun,refute,6
Khaldun,remaining,6
Khaldun,requisite,6
Khaldun,restraint,6
Khaldun,retinue,6
Khaldun,returns,6
Khaldun,roads,6
Khaldun,roger,6
Khaldun,routed,6
Khaldun,rulership,6
Khaldun,rum,6
Khaldun,scale,6
Khaldun,selling,6
Khaldun,separated,6
Khaldun,separateness,6
Khaldun,separation,6
Khaldun,severe,6
Khaldun,shaykhs,6
Khaldun,singled,6
Khaldun,sixty,6
Khaldun,skins,6
Khaldun,slavs,6
Khaldun,sleeping,6
Khaldun,sorcerers,6
Khaldun,sorts,6
Khaldun,stipulated,6
Khaldun,stomachs,6
Khaldun,storytellers,6
Khaldun,strengthened,6
Khaldun,structure,6
Khaldun,substitute,6
Khaldun,suffice,6
Khaldun,superfluities,6
Khaldun,supervisor,6
Khaldun,sway,6
Khaldun,swords,6
Khaldun,symbol,6
Khaldun,tables,6
Khaldun,talent,6
Khaldun,tasks,6
Khaldun,tatars,6
Khaldun,tells,6
Khaldun,tendency,6
Khaldun,text,6
Khaldun,thick,6
Khaldun,thousand,6
Khaldun,ties,6
Khaldun,tlemcen,6
Khaldun,trace,6
Khaldun,trade,6
Khaldun,transoxania,6
Khaldun,travellers,6
Khaldun,trust,6
Khaldun,tunis,6
Khaldun,twelve,6
Khaldun,unjust,6
Khaldun,untruth,6
Khaldun,upbringing,6
Khaldun,utmost,6
Khaldun,utterance,6
Khaldun,valid,6
Khaldun,versa,6
Khaldun,victorious,6
Khaldun,vis,6
Khaldun,voluntarily,6
Khaldun,walîd,6
Khaldun,warfare,6
Khaldun,weakened,6
Khaldun,wills,6
Khaldun,wished,6
Khaldun,worthless,6
Khaldun,wrought,6
Khaldun,ṭabarî,6
Somerville,abundantly,6
Somerville,abyss,6
Somerville,accounted,6
Somerville,activity,6
Somerville,acute,6
Somerville,admiral,6
Somerville,adopted,6
Somerville,advanced,6
Somerville,alkalies,6
Somerville,ammonia,6
Somerville,amounting,6
Somerville,amounts,6
Somerville,analytical,6
Somerville,andromeda,6
Somerville,answer,6
Somerville,antagonist,6
Somerville,applicable,6
Somerville,arcturus,6
Somerville,arrested,6
Somerville,arrived,6
Somerville,artesian,6
Somerville,ascension,6
Somerville,attains,6
Somerville,attracts,6
Somerville,augmentation,6
Somerville,aware,6
Somerville,azores,6
Somerville,bending,6
Somerville,bends,6
Somerville,berlin,6
Somerville,blackness,6
Somerville,bonnycastle,6
Somerville,border,6
Somerville,boundless,6
Somerville,bradley,6
Somerville,burning,6
Somerville,canary,6
Somerville,cancer,6
Somerville,cancri,6
Somerville,china,6
Somerville,chinese,6
Somerville,chladni,6
Somerville,coating,6
Somerville,coatings,6
Somerville,cobalt,6
Somerville,coil,6
Somerville,coils,6
Somerville,coincides,6
Somerville,coinciding,6
Somerville,colonel,6
Somerville,comply,6
Somerville,compounded,6
Somerville,concave,6
Somerville,condensing,6
Somerville,conducted,6
Somerville,considers,6
Somerville,consumed,6
Somerville,continent,6
Somerville,converge,6
Somerville,conversely,6
Somerville,convulsions,6
Somerville,cooled,6
Somerville,cooling,6
Somerville,corrections,6
Somerville,correspondence,6
Somerville,crucis,6
Somerville,cuts,6
Somerville,daguerreotype,6
Somerville,daylight,6
Somerville,dead,6
Somerville,degraded,6
Somerville,delicacy,6
Somerville,deranged,6
Somerville,derive,6
Somerville,destroying,6
Somerville,deviates,6
Somerville,deviations,6
Somerville,diffracted,6
Somerville,disappeared,6
Somerville,distribute,6
Somerville,diverge,6
Somerville,doubled,6
Somerville,dust,6
Somerville,echoes,6
Somerville,edgewise,6
Somerville,elapsed,6
Somerville,electrifying,6
Somerville,eleven,6
Somerville,enable,6
Somerville,encompassed,6
Somerville,epochs,6
Somerville,eras,6
Somerville,eruption,6
Somerville,evolution,6
Somerville,excessive,6
Somerville,excluded,6
Somerville,exerts,6
Somerville,expand,6
Somerville,expressed,6
Somerville,extension,6
Somerville,extinguish,6
Somerville,extremes,6
Somerville,eyes,6
Somerville,fixing,6
Somerville,flowers,6
Somerville,grain,6
Somerville,gyration,6
Somerville,hard,6
Somerville,harris,6
Somerville,hazy,6
Somerville,hid,6
Somerville,himalaya,6
Somerville,hold,6
Somerville,hyperbolic,6
Somerville,ignited,6
Somerville,ignorance,6
Somerville,immensity,6
Somerville,impeded,6
Somerville,impulses,6
Somerville,incandescent,6
Somerville,inconceivable,6
Somerville,indication,6
Somerville,indirectly,6
Somerville,induces,6
Somerville,ingenuity,6
Somerville,inquiry,6
Somerville,interstices,6
Somerville,intervention,6
Somerville,iodide,6
Somerville,issue,6
Somerville,jar,6
Somerville,joined,6
Somerville,june,6
Somerville,juxtaposition,6
Somerville,lamina,6
Somerville,laminæ,6
Somerville,lavender,6
Somerville,likewise,6
Somerville,linear,6
Somerville,longitudinally,6
Somerville,looked,6
Somerville,maclear,6
Somerville,magnificent,6
Somerville,mexico,6
Somerville,midnight,6
Somerville,mission,6
Somerville,mitscherlich,6
Somerville,mixing,6
Somerville,nations,6
Somerville,nights,6
Somerville,noise,6
Somerville,notice,6
Somerville,occultation,6
Somerville,occultations,6
Somerville,occurring,6
Somerville,oceans,6
Somerville,offers,6
Somerville,oppose,6
Somerville,optically,6
Somerville,orbital,6
Somerville,outline,6
Somerville,page,6
Somerville,paid,6
Somerville,past,6
Somerville,permeable,6
Somerville,permission,6
Somerville,pervading,6
Somerville,pile,6
Somerville,plateau,6
Somerville,precipitation,6
Somerville,prevents,6
Somerville,printed,6
Somerville,procuring,6
Somerville,proportionally,6
Somerville,published,6
Somerville,pulses,6
Somerville,quicksilver,6
Somerville,quinine,6
Somerville,quotation,6
Somerville,rank,6
Somerville,reaches,6
Somerville,read,6
Somerville,reappeared,6
Somerville,receding,6
Somerville,reflections,6
Somerville,remarked,6
Somerville,remoteness,6
Somerville,resolvable,6
Somerville,revolved,6
Somerville,river,6
Somerville,rocks,6
Somerville,rope,6
Somerville,ruddy,6
Somerville,run,6
Somerville,sandy,6
Somerville,scientific,6
Somerville,scorpio,6
Somerville,seldom,6
Somerville,semicircle,6
Somerville,seventh,6
Somerville,shallow,6
Somerville,shape,6
Somerville,shaped,6
Somerville,ships,6
Somerville,shortest,6
Somerville,shutter,6
Somerville,signs,6
Somerville,slice,6
Somerville,slight,6
Somerville,sooner,6
Somerville,sounded,6
Somerville,spokes,6
Somerville,spreading,6
Somerville,stretching,6
Somerville,strike,6
Somerville,subjects,6
Somerville,sulphuret,6
Somerville,sunshine,6
Somerville,superposition,6
Somerville,supply,6
Somerville,support,6
Somerville,surpasses,6
Somerville,switzerland,6
Somerville,syzygies,6
Somerville,taking,6
Somerville,talbot,6
Somerville,tax,6
Somerville,telegraphs,6
Somerville,teneriffe,6
Somerville,terminated,6
Somerville,thomas,6
Somerville,touched,6
Somerville,tracts,6
Somerville,tubes,6
Somerville,tuning,6
Somerville,uniformity,6
Somerville,universally,6
Somerville,unseen,6
Somerville,vacant,6
Somerville,valz,6
Somerville,vanishing,6
Somerville,veins,6
Somerville,vis,6
Somerville,viva,6
Somerville,volcano,6
Somerville,vortices,6
Somerville,washed,6
Somerville,western,6
Somerville,wheat,6
Somerville,wholly,6
Somerville,word,6
Somerville,written,6
Goethe,absence,5
Goethe,acquire,5
Goethe,acquired,5
Goethe,advance,5
Goethe,advancing,5
Goethe,agrees,5
Goethe,aid,5
Goethe,alkaline,5
Goethe,allude,5
Goethe,allusion,5
Goethe,altar,5
Goethe,alternately,5
Goethe,analysis,5
Goethe,announces,5
Goethe,apparently,5
Goethe,arrest,5
Goethe,arte,5
Goethe,attached,5
Goethe,bar,5
Goethe,bassano,5
Goethe,birds,5
Goethe,borrowed,5
Goethe,breadth,5
Goethe,brewster,5
Goethe,building,5
Goethe,calcagnini,5
Goethe,care,5
Goethe,cheerful,5
Goethe,close,5
Goethe,clouds,5
Goethe,colores,5
Goethe,coloribus,5
Goethe,complexion,5
Goethe,compliance,5
Goethe,concentric,5
Goethe,conflict,5
Goethe,constructed,5
Goethe,copper,5
Goethe,correggio,5
Goethe,correspondence,5
Goethe,cost,5
Goethe,country,5
Goethe,damages,5
Goethe,darkened,5
Goethe,darks,5
Goethe,deepest,5
Goethe,defects,5
Goethe,dell,5
Goethe,depend,5
Goethe,descend,5
Goethe,designate,5
Goethe,desirous,5
Goethe,detailed,5
Goethe,didactic,5
Goethe,dim,5
Goethe,diminished,5
Goethe,diminishing,5
Goethe,dimness,5
Goethe,directed,5
Goethe,discover,5
Goethe,discovery,5
Goethe,distributed,5
Goethe,donate,5
Goethe,drawings,5
Goethe,edged,5
Goethe,efforts,5
Goethe,element,5
Goethe,elevation,5
Goethe,employment,5
Goethe,enable,5
Goethe,enhanced,5
Goethe,enter,5
Goethe,especial,5
Goethe,essay,5
Goethe,excitement,5
Goethe,experienced,5
Goethe,explaining,5
Goethe,expresses,5
Goethe,extends,5
Goethe,extraction,5
Goethe,failed,5
Goethe,faintly,5
Goethe,fascinating,5
Goethe,filled,5
Goethe,finished,5
Goethe,fishes,5
Goethe,flat,5
Goethe,float,5
Goethe,florentine,5
Goethe,fluid,5
Goethe,foremost,5
Goethe,forming,5
Goethe,formula,5
Goethe,fra,5
Goethe,france,5
Goethe,frescoes,5
Goethe,fullest,5
Goethe,fulness,5
Goethe,giacomo,5
Goethe,glow,5
Goethe,habit,5
Goethe,heads,5
Goethe,illumines,5
Goethe,imagined,5
Goethe,imperfect,5
Goethe,inch,5
Goethe,indication,5
Goethe,indirect,5
Goethe,indispensable,5
Goethe,influences,5
Goethe,insects,5
Goethe,inserted,5
Goethe,intensest,5
Goethe,intimate,5
Goethe,intolerable,5
Goethe,inversion,5
Goethe,investigate,5
Goethe,investigations,5
Goethe,juices,5
Goethe,lamina,5
Goethe,liable,5
Goethe,lightness,5
Goethe,likewise,5
Goethe,live,5
Goethe,london,5
Goethe,lume,5
Goethe,macchia,5
Goethe,magnificent,5
Goethe,marked,5
Goethe,mentions,5
Goethe,minere,5
Goethe,mitigated,5
Goethe,mixture,5
Goethe,modification,5
Goethe,morbid,5
Goethe,mountain,5
Goethe,movement,5
Goethe,multiplied,5
Goethe,navegar,5
Goethe,north,5
Goethe,obtain,5
Goethe,occasionally,5
Goethe,omitted,5
Goethe,organised,5
Goethe,originally,5
Goethe,pains,5
Goethe,paolo,5
Goethe,partakes,5
Goethe,past,5
Goethe,patient,5
Goethe,paul,5
Goethe,physiology,5
Goethe,piombo,5
Goethe,plainly,5
Goethe,play,5
Goethe,pleased,5
Goethe,pleasure,5
Goethe,poem,5
Goethe,poets,5
Goethe,polarity,5
Goethe,porcelain,5
Goethe,portraits,5
Goethe,possess,5
Goethe,powder,5
Goethe,practically,5
Goethe,prejudice,5
Goethe,preserve,5
Goethe,previously,5
Goethe,primary,5
Goethe,proceeding,5
Goethe,progression,5
Goethe,proportionate,5
Goethe,purest,5
Goethe,purpur,5
Goethe,quantity,5
Goethe,range,5
Goethe,read,5
Goethe,recapitulation,5
Goethe,recognise,5
Goethe,recommends,5
Goethe,redder,5
Goethe,reflect,5
Goethe,reflects,5
Goethe,region,5
Goethe,remove,5
Goethe,replacement,5
Goethe,reserve,5
Goethe,resin,5
Goethe,retained,5
Goethe,retires,5
Goethe,returns,5
Goethe,ricche,5
Goethe,rise,5
Goethe,scene,5
Goethe,sculpture,5
Goethe,seeks,5
Goethe,sharp,5
Goethe,shut,5
Goethe,sir,5
Goethe,sixteenth,5
Goethe,sketch,5
Goethe,spirits,5
Goethe,spoken,5
Goethe,stained,5
Goethe,statues,5
Goethe,stem,5
Goethe,straight,5
Goethe,subsequent,5
Goethe,successively,5
Goethe,suffering,5
Goethe,sulphur,5
Goethe,supposing,5
Goethe,sur,5
Goethe,table,5
Goethe,task,5
Goethe,thick,5
Goethe,thickness,5
Goethe,transmission,5
Goethe,transmit,5
Goethe,treviso,5
Goethe,twenty,5
Goethe,uncertainty,5
Goethe,unlimited,5
Goethe,unnecessary,5
Goethe,van,5
Goethe,vanishes,5
Goethe,vehicles,5
Goethe,velvet,5
Goethe,ven,5
Goethe,veneziana,5
Goethe,ventured,5
Goethe,vivacity,5
Goethe,volunteers,5
Goethe,wafer,5
Goethe,walking,5
Goethe,waves,5
Goethe,weaker,5
Goethe,women,5
Humboldt,absolutely,5
Humboldt,abth,5
Humboldt,abuse,5
Humboldt,accidentally,5
Humboldt,accomplished,5
Humboldt,acted,5
Humboldt,added,5
Humboldt,addition,5
Humboldt,admitted,5
Humboldt,affecting,5
Humboldt,agglomerations,5
Humboldt,agitated,5
Humboldt,alternate,5
Humboldt,ammoniacal,5
Humboldt,ampere,5
Humboldt,annal,5
Humboldt,ansichten,5
Humboldt,ansted,5
Humboldt,appertaining,5
Humboldt,approached,5
Humboldt,ararat,5
Humboldt,arborescent,5
Humboldt,arrested,5
Humboldt,artificial,5
Humboldt,ascribing,5
Humboldt,assertion,5
Humboldt,astrea,5
Humboldt,atlas,5
Humboldt,attainment,5
Humboldt,attractions,5
Humboldt,attribute,5
Humboldt,augmentation,5
Humboldt,aus,5
Humboldt,authority,5
Humboldt,bacon,5
Humboldt,bark,5
Humboldt,barometric,5
Humboldt,beams,5
Humboldt,beaufort,5
Humboldt,begun,5
Humboldt,berliner,5
Humboldt,berzelius,5
Humboldt,blend,5
Humboldt,blocks,5
Humboldt,bohemia,5
Humboldt,book,5
Humboldt,botanist,5
Humboldt,bounded,5
Humboldt,breadth,5
Humboldt,break,5
Humboldt,burned,5
Humboldt,burnes,5
Humboldt,cassiopeia,5
Humboldt,caxamarca,5
Humboldt,cementation,5
Humboldt,centauri,5
Humboldt,centr,5
Humboldt,centrifugal,5
Humboldt,charged,5
Humboldt,chemically,5
Humboldt,chosen,5
Humboldt,circling,5
Humboldt,circumscribed,5
Humboldt,circumstances,5
Humboldt,cirrous,5
Humboldt,cities,5
Humboldt,classed,5
Humboldt,clefts,5
Humboldt,clock,5
Humboldt,cloudless,5
Humboldt,cloudy,5
Humboldt,coincides,5
Humboldt,coming,5
Humboldt,commonly,5
Humboldt,comparisons,5
Humboldt,compliance,5
Humboldt,complication,5
Humboldt,comprises,5
Humboldt,conceived,5
Humboldt,conducting,5
Humboldt,confusion,5
Humboldt,conjointly,5
Humboldt,considers,5
Humboldt,construction,5
Humboldt,continuance,5
Humboldt,contributed,5
Humboldt,contributions,5
Humboldt,copied,5
Humboldt,coral,5
Humboldt,cost,5
Humboldt,counter,5
Humboldt,countless,5
Humboldt,cryptogamic,5
Humboldt,cuba,5
Humboldt,dans,5
Humboldt,dawn,5
Humboldt,decomposition,5
Humboldt,deflection,5
Humboldt,descr,5
Humboldt,desire,5
Humboldt,destroy,5
Humboldt,detached,5
Humboldt,differing,5
Humboldt,differs,5
Humboldt,diog,5
Humboldt,diogenes,5
Humboldt,disappear,5
Humboldt,discussed,5
Humboldt,displaying,5
Humboldt,distinction,5
Humboldt,distinguishes,5
Humboldt,dolerite,5
Humboldt,domes,5
Humboldt,dominicus,5
Humboldt,donate,5
Humboldt,doubtlessly,5
Humboldt,drew,5
Humboldt,dried,5
Humboldt,duperrey,5
Humboldt,durch,5
Humboldt,eccentric,5
Humboldt,eclipses,5
Humboldt,electricite,5
Humboldt,embraced,5
Humboldt,emotions,5
Humboldt,employment,5
Humboldt,ennius,5
Humboldt,enters,5
Humboldt,equinoctial,5
Humboldt,equinoxiales,5
Humboldt,erected,5
Humboldt,erroneously,5
Humboldt,essay,5
Humboldt,ethereal,5
Humboldt,etymol,5
Humboldt,euboea,5
Humboldt,examine,5
Humboldt,excavations,5
Humboldt,excepting,5
Humboldt,exceptions,5
Humboldt,exciting,5
Humboldt,expand,5
Humboldt,expanded,5
Humboldt,expansive,5
Humboldt,explaining,5
Humboldt,extremity,5
Humboldt,faculty,5
Humboldt,faintly,5
Humboldt,fantastic,5
Humboldt,faye,5
Humboldt,fellow,5
Humboldt,fill,5
Humboldt,fires,5
Humboldt,flashing,5
Humboldt,flat,5
Humboldt,floating,5
Humboldt,flowers,5
Humboldt,fluctuations,5
Humboldt,forward,5
Humboldt,fossiliferous,5
Humboldt,friends,5
Humboldt,galileo,5
Humboldt,garnets,5
Humboldt,genetic,5
Humboldt,geognosists,5
Humboldt,geol,5
Humboldt,geologique,5
Humboldt,gisement,5
Humboldt,glaisher,5
Humboldt,glass,5
Humboldt,glowing,5
Humboldt,gold,5
Humboldt,golden,5
Humboldt,govern,5
Humboldt,grander,5
Humboldt,grandeur,5
Humboldt,graphically,5
Humboldt,grass,5
Humboldt,gregory,5
Humboldt,grimm,5
Humboldt,grounds,5
Humboldt,guinea,5
Humboldt,habitation,5
Humboldt,hebe,5
Humboldt,hidden,5
Humboldt,hoffman,5
Humboldt,holberg,5
Humboldt,hooke,5
Humboldt,hottest,5
Humboldt,hugel,5
Humboldt,humid,5
Humboldt,hydrochloric,5
Humboldt,icy,5
Humboldt,ignorant,5
Humboldt,imparts,5
Humboldt,imperfectly,5
Humboldt,imponderable,5
Humboldt,imposing,5
Humboldt,impossible,5
Humboldt,impressed,5
Humboldt,inaccessible,5
Humboldt,individually,5
Humboldt,industrial,5
Humboldt,inferred,5
Humboldt,infinitely,5
Humboldt,inquiries,5
Humboldt,inseln,5
Humboldt,instituted,5
Humboldt,intercourse,5
Humboldt,interrupted,5
Humboldt,intersects,5
Humboldt,intuition,5
Humboldt,ireland,5
Humboldt,iris,5
Humboldt,irregularly,5
Humboldt,isaac,5
Humboldt,isles,5
Humboldt,isoclinic,5
Humboldt,issued,5
Humboldt,jacquemont,5
Humboldt,judge,5
Humboldt,justice,5
Humboldt,justified,5
Humboldt,justify,5
Humboldt,kuen,5
Humboldt,laert,5
Humboldt,lapland,5
Humboldt,lasted,5
Humboldt,lateral,5
Humboldt,leave,5
Humboldt,lectures,5
Humboldt,libration,5
Humboldt,liebig,5
Humboldt,lignite,5
Humboldt,limitations,5
Humboldt,lloyd,5
Humboldt,locis,5
Humboldt,longing,5
Humboldt,loss,5
Humboldt,luminary,5
Humboldt,lun,5
Humboldt,magellanic,5
Humboldt,maine,5
Humboldt,manners,5
Humboldt,masterly,5
Humboldt,materia,5
Humboldt,mathieu,5
Humboldt,meaning,5
Humboldt,measuring,5
Humboldt,mechanics,5
Humboldt,medals,5
Humboldt,melted,5
Humboldt,melville,5
Humboldt,memoirs,5
Humboldt,menschen,5
Humboldt,metamorphoses,5
Humboldt,mile,5
Humboldt,minded,5
Humboldt,mineralogie,5
Humboldt,minutest,5
Humboldt,mofettes,5
Humboldt,molecules,5
Humboldt,monte,5
Humboldt,multiplicity,5
Humboldt,mundo,5
Humboldt,museum,5
Humboldt,mysteries,5
Humboldt,mädler,5
Humboldt,nomenclature,5
Humboldt,normal,5
Humboldt,notices,5
Humboldt,nova,5
Humboldt,obscuration,5
Humboldt,omit,5
Humboldt,ony,5
Humboldt,opaque,5
Humboldt,opportunity,5
Humboldt,organism,5
Humboldt,otfried,5
Humboldt,outline,5
Humboldt,oval,5
Humboldt,owe,5
Humboldt,palma,5
Humboldt,paramos,5
Humboldt,parian,5
Humboldt,partially,5
Humboldt,perceptibly,5
Humboldt,perceptive,5
Humboldt,periodically,5
Humboldt,perouse,5
Humboldt,persia,5
Humboldt,persian,5
Humboldt,pervading,5
Humboldt,phosphorescent,5
Humboldt,phrase,5
Humboldt,physiologia,5
Humboldt,pile,5
Humboldt,plant,5
Humboldt,possesses,5
Humboldt,potash,5
Humboldt,powerfully,5
Humboldt,practical,5
Humboldt,practice,5
Humboldt,precession,5
Humboldt,precipitated,5
Humboldt,precipitation,5
Humboldt,precisely,5
Humboldt,predicted,5
Humboldt,predominance,5
Humboldt,prejudices,5
Humboldt,presentiment,5
Humboldt,prevented,5
Humboldt,product,5
Humboldt,productive,5
Humboldt,profound,5
Humboldt,projecting,5
Humboldt,provided,5
Humboldt,pseudo,5
Humboldt,pulsations,5
Humboldt,pumice,5
Humboldt,pursue,5
Humboldt,pyriphlegethon,5
Humboldt,pythagorean,5
Humboldt,quarterly,5
Humboldt,quotation,5
Humboldt,rapidity,5
Humboldt,ratio,5
Humboldt,ray,5
Humboldt,real,5
Humboldt,recede,5
Humboldt,recognition,5
Humboldt,refers,5
Humboldt,refracting,5
Humboldt,refraction,5
Humboldt,reisch,5
Humboldt,reminds,5
Humboldt,renewed,5
Humboldt,replacement,5
Humboldt,represented,5
Humboldt,rerum,5
Humboldt,resultate,5
Humboldt,returned,5
Humboldt,roches,5
Humboldt,roman,5
Humboldt,running,5
Humboldt,rurale,5
Humboldt,san,5
Humboldt,schistose,5
Humboldt,schmidt,5
Humboldt,scorpio,5
Humboldt,selenic,5
Humboldt,sentiment,5
Humboldt,served,5
Humboldt,seventh,5
Humboldt,seventy,5
Humboldt,shoot,5
Humboldt,sierra,5
Humboldt,signs,5
Humboldt,silver,5
Humboldt,sirius,5
Humboldt,sit,5
Humboldt,skin,5
Humboldt,slope,5
Humboldt,smooth,5
Humboldt,solis,5
Humboldt,spaces,5
Humboldt,spain,5
Humboldt,spar,5
Humboldt,sparks,5
Humboldt,specialities,5
Humboldt,speech,5
Humboldt,splendor,5
Humboldt,square,5
Humboldt,stob,5
Humboldt,strict,5
Humboldt,strictly,5
Humboldt,strives,5
Humboldt,striving,5
Humboldt,struck,5
Humboldt,succeed,5
Humboldt,sulphuric,5
Humboldt,summary,5
Humboldt,supported,5
Humboldt,supposing,5
Humboldt,surprised,5
Humboldt,surrounds,5
Humboldt,sussex,5
Humboldt,syenitic,5
Humboldt,symbol,5
Humboldt,tangential,5
Humboldt,teach,5
Humboldt,terram,5
Humboldt,terror,5
Humboldt,touch,5
Humboldt,train,5
Humboldt,traite,5
Humboldt,transact,5
Humboldt,transparent,5
Humboldt,travel,5
Humboldt,treated,5
Humboldt,trogus,5
Humboldt,turner,5
Humboldt,tyrol,5
Humboldt,uncommon,5
Humboldt,undefined,5
Humboldt,undertaking,5
Humboldt,unfrequently,5
Humboldt,union,5
Humboldt,uralian,5
Humboldt,usual,5
Humboldt,vain,5
Humboldt,vapory,5
Humboldt,vesicles,5
Humboldt,vibration,5
Humboldt,viewed,5
Humboldt,vitality,5
Humboldt,volunteers,5
Humboldt,vorlesungen,5
Humboldt,wall,5
Humboldt,walter,5
Humboldt,wandering,5
Humboldt,warmelehre,5
Humboldt,warmer,5
Humboldt,webb,5
Humboldt,weber,5
Humboldt,widest,5
Humboldt,woody,5
Humboldt,writer,5
Humboldt,writes,5
Humboldt,xix,5
Humboldt,xxii,5
Humboldt,york,5
Humboldt,zenith,5
Khaldun,abraham,5
Khaldun,accumulate,5
Khaldun,adam,5
Khaldun,affirmation,5
Khaldun,afflicted,5
Khaldun,angelic,5
Khaldun,approached,5
Khaldun,arbitrary,5
Khaldun,arches,5
Khaldun,archive,5
Khaldun,arguing,5
Khaldun,arises,5
Khaldun,aroused,5
Khaldun,art,5
Khaldun,article,5
Khaldun,artificial,5
Khaldun,ascends,5
Khaldun,asleep,5
Khaldun,assimilate,5
Khaldun,assistance,5
Khaldun,associate,5
Khaldun,assuming,5
Khaldun,assumptions,5
Khaldun,assured,5
Khaldun,attains,5
Khaldun,attracted,5
Khaldun,bahrâm,5
Khaldun,baths,5
Khaldun,battles,5
Khaldun,beating,5
Khaldun,begin,5
Khaldun,beliefs,5
Khaldun,believers,5
Khaldun,benefit,5
Khaldun,blind,5
Khaldun,break,5
Khaldun,breaks,5
Khaldun,butter,5
Khaldun,bûrân,5
Khaldun,careful,5
Khaldun,carpenter,5
Khaldun,carrying,5
Khaldun,centred,5
Khaldun,centres,5
Khaldun,certainty,5
Khaldun,chastity,5
Khaldun,chickens,5
Khaldun,chose,5
Khaldun,clarity,5
Khaldun,coinage,5
Khaldun,collect,5
Khaldun,collected,5
Khaldun,collecting,5
Khaldun,columns,5
Khaldun,comfort,5
Khaldun,comment,5
Khaldun,comprising,5
Khaldun,conditioned,5
Khaldun,confirm,5
Khaldun,conic,5
Khaldun,considerable,5
Khaldun,considerations,5
Khaldun,consisted,5
Khaldun,contract,5
Khaldun,contradict,5
Khaldun,contrived,5
Khaldun,conversion,5
Khaldun,conveys,5
Khaldun,correctly,5
Khaldun,critic,5
Khaldun,crowd,5
Khaldun,cultivating,5
Khaldun,cunning,5
Khaldun,decline,5
Khaldun,defeat,5
Khaldun,delusion,5
Khaldun,denied,5
Khaldun,descendant,5
Khaldun,designate,5
Khaldun,desirable,5
Khaldun,determine,5
Khaldun,develop,5
Khaldun,deviate,5
Khaldun,diet,5
Khaldun,differentiates,5
Khaldun,dig,5
Khaldun,dirham,5
Khaldun,disagreement,5
Khaldun,disapprove,5
Khaldun,discerning,5
Khaldun,discover,5
Khaldun,discovery,5
Khaldun,discretion,5
Khaldun,dissolved,5
Khaldun,diversification,5
Khaldun,doctrines,5
Khaldun,document,5
Khaldun,dwell,5
Khaldun,dwelling,5
Khaldun,ears,5
Khaldun,economy,5
Khaldun,edifice,5
Khaldun,embellishment,5
Khaldun,embroidered,5
Khaldun,enclosure,5
Khaldun,encounter,5
Khaldun,engraving,5
Khaldun,environment,5
Khaldun,equals,5
Khaldun,equations,5
Khaldun,equipment,5
Khaldun,essentially,5
Khaldun,establishes,5
Khaldun,establishment,5
Khaldun,euclid,5
Khaldun,exemplary,5
Khaldun,expands,5
Khaldun,experienced,5
Khaldun,exposition,5
Khaldun,expresses,5
Khaldun,extending,5
Khaldun,faculty,5
Khaldun,fighters,5
Khaldun,finished,5
Khaldun,firstly,5
Khaldun,fish,5
Khaldun,flourishes,5
Khaldun,fluctuations,5
Khaldun,fools,5
Khaldun,forbade,5
Khaldun,forbid,5
Khaldun,forbids,5
Khaldun,foundations,5
Khaldun,fractions,5
Khaldun,friendship,5
Khaldun,gardens,5
Khaldun,generosity,5
Khaldun,geography,5
Khaldun,geomancy,5
Khaldun,gift,5
Khaldun,gladness,5
Khaldun,glimpse,5
Khaldun,gnosis,5
Khaldun,grasp,5
Khaldun,graves,5
Khaldun,handbooks,5
Khaldun,handed,5
Khaldun,handled,5
Khaldun,handling,5
Khaldun,hardship,5
Khaldun,harmonious,5
Khaldun,harshness,5
Khaldun,haughtiness,5
Khaldun,herbs,5
Khaldun,household,5
Khaldun,humiliated,5
Khaldun,hypothetical,5
Khaldun,idle,5
Khaldun,illiterate,5
Khaldun,import,5
Khaldun,impossibility,5
Khaldun,inclination,5
Khaldun,inevitable,5
Khaldun,infallibility,5
Khaldun,inhabit,5
Khaldun,inside,5
Khaldun,introduce,5
Khaldun,invention,5
Khaldun,investigated,5
Khaldun,involving,5
Khaldun,khaṭîb,5
Khaldun,kohen,5
Khaldun,learns,5
Khaldun,leather,5
Khaldun,leaving,5
Khaldun,leisure,5
Khaldun,litigants,5
Khaldun,lot,5
Khaldun,lowest,5
Khaldun,machines,5
Khaldun,major,5
Khaldun,manifestations,5
Khaldun,manifold,5
Khaldun,marwân,5
Khaldun,merit,5
Khaldun,message,5
Khaldun,met,5
Khaldun,metal,5
Khaldun,midwifery,5
Khaldun,misgivings,5
Khaldun,models,5
Khaldun,moderation,5
Khaldun,month,5
Khaldun,months,5
Khaldun,monument,5
Khaldun,morning,5
Khaldun,multiplication,5
Khaldun,multiply,5
Khaldun,muwashshaḥ,5
Khaldun,negation,5
Khaldun,neighbours,5
Khaldun,noblest,5
Khaldun,nonsensical,5
Khaldun,note,5
Khaldun,notice,5
Khaldun,noticeable,5
Khaldun,obliged,5
Khaldun,observance,5
Khaldun,observing,5
Khaldun,offers,5
Khaldun,operate,5
Khaldun,oran,5
Khaldun,organized,5
Khaldun,ornamental,5
Khaldun,outcome,5
Khaldun,overcome,5
Khaldun,overpowered,5
Khaldun,pain,5
Khaldun,painful,5
Khaldun,palace,5
Khaldun,particularization,5
Khaldun,paying,5
Khaldun,perceivable,5
Khaldun,physique,5
Khaldun,planes,5
Khaldun,plentiful,5
Khaldun,practical,5
Khaldun,predicated,5
Khaldun,prerogative,5
Khaldun,pressed,5
Khaldun,prevailing,5
Khaldun,princes,5
Khaldun,progresses,5
Khaldun,prophethood,5
Khaldun,prophetical,5
Khaldun,protective,5
Khaldun,provincial,5
Khaldun,provisions,5
Khaldun,pulleys,5
Khaldun,pupils,5
Khaldun,putrescence,5
Khaldun,qualifications,5
Khaldun,quiet,5
Khaldun,qûb,5
Khaldun,raḥmân,5
Khaldun,rebel,5
Khaldun,receiving,5
Khaldun,recognition,5
Khaldun,reduced,5
Khaldun,reflected,5
Khaldun,refrained,5
Khaldun,relies,5
Khaldun,remark,5
Khaldun,rendered,5
Khaldun,repair,5
Khaldun,repeatedly,5
Khaldun,repel,5
Khaldun,reputation,5
Khaldun,requirement,5
Khaldun,revelations,5
Khaldun,riding,5
Khaldun,risk,5
Khaldun,role,5
Khaldun,roofs,5
Khaldun,sages,5
Khaldun,sahl,5
Khaldun,saint,5
Khaldun,sainthood,5
Khaldun,saljûqs,5
Khaldun,salvation,5
Khaldun,sandy,5
Khaldun,scripts,5
Khaldun,secretaryship,5
Khaldun,secure,5
Khaldun,seeking,5
Khaldun,seize,5
Khaldun,sequence,5
Khaldun,serpent,5
Khaldun,sets,5
Khaldun,settlements,5
Khaldun,shame,5
Khaldun,sharing,5
Khaldun,silent,5
Khaldun,sincere,5
Khaldun,sitting,5
Khaldun,skilful,5
Khaldun,sleeper,5
Khaldun,slightly,5
Khaldun,solitude,5
Khaldun,sought,5
Khaldun,speaks,5
Khaldun,spite,5
Khaldun,splits,5
Khaldun,spoke,5
Khaldun,started,5
Khaldun,stayed,5
Khaldun,steps,5
Khaldun,stone,5
Khaldun,straightforwardness,5
Khaldun,stress,5
Khaldun,submissive,5
Khaldun,subsistence,5
Khaldun,suez,5
Khaldun,sufficiently,5
Khaldun,suited,5
Khaldun,suits,5
Khaldun,sulaymân,5
Khaldun,summary,5
Khaldun,supposed,5
Khaldun,surnames,5
Khaldun,syllogism,5
Khaldun,systematically,5
Khaldun,tangier,5
Khaldun,temples,5
Khaldun,tent,5
Khaldun,theological,5
Khaldun,tools,5
Khaldun,transition,5
Khaldun,transport,5
Khaldun,treats,5
Khaldun,troops,5
Khaldun,trumpets,5
Khaldun,tâshfîn,5
Khaldun,ugly,5
Khaldun,unambiguous,5
Khaldun,unassimilated,5
Khaldun,undertakes,5
Khaldun,unequivocal,5
Khaldun,union,5
Khaldun,unity,5
Khaldun,urgent,5
Khaldun,vegetables,5
Khaldun,vehicle,5
Khaldun,veins,5
Khaldun,verbal,5
Khaldun,victor,5
Khaldun,volition,5
Khaldun,wait,5
Khaldun,weaver,5
Khaldun,width,5
Khaldun,willingness,5
Khaldun,wishes,5
Khaldun,woman,5
Khaldun,womb,5
Khaldun,worth,5
Khaldun,yardstick,5
Khaldun,zubayr,5
Khaldun,ḥusayn,5
Somerville,accelerates,5
Somerville,accompanies,5
Somerville,accompanying,5
Somerville,accords,5
Somerville,acted,5
Somerville,actions,5
Somerville,admirable,5
Somerville,admits,5
Somerville,affinities,5
Somerville,agreed,5
Somerville,alter,5
Somerville,american,5
Somerville,analyzed,5
Somerville,annihilated,5
Somerville,appearing,5
Somerville,approaches,5
Somerville,aquilæ,5
Somerville,arabs,5
Somerville,argentine,5
Somerville,aries,5
Somerville,arrangements,5
Somerville,arts,5
Somerville,ascends,5
Somerville,assemblage,5
Somerville,atomic,5
Somerville,attached,5
Somerville,autumn,5
Somerville,axially,5
Somerville,babbage,5
Somerville,bad,5
Somerville,baily,5
Somerville,basin,5
Somerville,bearing,5
Somerville,beats,5
Somerville,belongs,5
Somerville,belt,5
Somerville,belts,5
Somerville,bend,5
Somerville,berenices,5
Somerville,birds,5
Somerville,blaze,5
Somerville,boils,5
Somerville,book,5
Somerville,bound,5
Somerville,bounded,5
Somerville,britain,5
Somerville,calotype,5
Somerville,capillarity,5
Somerville,carefully,5
Somerville,carrying,5
Somerville,catalogues,5
Somerville,cavity,5
Somerville,celebrated,5
Somerville,ceres,5
Somerville,civilization,5
Somerville,combining,5
Somerville,compare,5
Somerville,compliance,5
Somerville,conceived,5
Somerville,conceives,5
Somerville,conclusions,5
Somerville,configuration,5
Somerville,congelation,5
Somerville,conjointly,5
Somerville,constitutes,5
Somerville,contracts,5
Somerville,contrast,5
Somerville,convertible,5
Somerville,cool,5
Somerville,copied,5
Somerville,corner,5
Somerville,coronæ,5
Somerville,correction,5
Somerville,countries,5
Somerville,courses,5
Somerville,crossed,5
Somerville,cubic,5
Somerville,cultivation,5
Somerville,cutting,5
Somerville,cylindrical,5
Somerville,dalton,5
Somerville,decompose,5
Somerville,decreased,5
Somerville,deprived,5
Somerville,desert,5
Somerville,diagonal,5
Somerville,differed,5
Somerville,diffuse,5
Somerville,diffused,5
Somerville,dilatation,5
Somerville,discharges,5
Somerville,disclosed,5
Somerville,discover,5
Somerville,displacement,5
Somerville,districts,5
Somerville,dividing,5
Somerville,donate,5
Somerville,drops,5
Somerville,earliest,5
Somerville,earths,5
Somerville,economy,5
Somerville,edition,5
Somerville,effort,5
Somerville,efforts,5
Somerville,egyptian,5
Somerville,elapse,5
Somerville,element,5
Somerville,emission,5
Somerville,enables,5
Somerville,endeavour,5
Somerville,engines,5
Somerville,entire,5
Somerville,equably,5
Somerville,erroneous,5
Somerville,evaporated,5
Somerville,exceeded,5
Somerville,exert,5
Somerville,exhausted,5
Somerville,expanse,5
Somerville,experimental,5
Somerville,express,5
Somerville,expresses,5
Somerville,expression,5
Somerville,extinction,5
Somerville,fallen,5
Somerville,february,5
Somerville,fewer,5
Somerville,fibres,5
Somerville,fiery,5
Somerville,figs,5
Somerville,fills,5
Somerville,finest,5
Somerville,finger,5
Somerville,flashes,5
Somerville,flattening,5
Somerville,florence,5
Somerville,fluidity,5
Somerville,foci,5
Somerville,forwards,5
Somerville,fossil,5
Somerville,fourteen,5
Somerville,fresh,5
Somerville,functions,5
Somerville,furnish,5
Somerville,gale,5
Somerville,gassiot,5
Somerville,globule,5
Somerville,grapes,5
Somerville,greenland,5
Somerville,hail,5
Somerville,handed,5
Somerville,heads,5
Somerville,historical,5
Somerville,honour,5
Somerville,horseshoe,5
Somerville,humidity,5
Somerville,ignition,5
Somerville,ill,5
Somerville,immutable,5
Somerville,imperfection,5
Somerville,incomparably,5
Somerville,incompatible,5
Somerville,india,5
Somerville,indirect,5
Somerville,indispensable,5
Somerville,invention,5
Somerville,iodized,5
Somerville,ivory,5
Somerville,jacob,5
Somerville,lapland,5
Somerville,largest,5
Somerville,lasted,5
Somerville,lasts,5
Somerville,layer,5
Somerville,layers,5
Somerville,leyden,5
Somerville,lieutenant,5
Somerville,living,5
Somerville,localities,5
Somerville,magnetised,5
Somerville,maintaining,5
Somerville,manchester,5
Somerville,manifest,5
Somerville,mariner,5
Somerville,marks,5
Somerville,mechanism,5
Somerville,melted,5
Somerville,midst,5
Somerville,mobility,5
Somerville,modifications,5
Somerville,moist,5
Somerville,moons,5
Somerville,mossotti,5
Somerville,mottled,5
Somerville,mouth,5
Somerville,movement,5
Somerville,nautical,5
Somerville,navigators,5
Somerville,neutralize,5
Somerville,neutralized,5
Somerville,nitre,5
Somerville,noises,5
Somerville,noted,5
Somerville,observatories,5
Somerville,obstacles,5
Somerville,obtains,5
Somerville,obviated,5
Somerville,occurrence,5
Somerville,octave,5
Somerville,oils,5
Somerville,online,5
Somerville,opposing,5
Somerville,originated,5
Somerville,oscillating,5
Somerville,otto,5
Somerville,overcoming,5
Somerville,pair,5
Somerville,parallaxes,5
Somerville,partake,5
Somerville,partially,5
Somerville,peak,5
Somerville,perceive,5
Somerville,percussion,5
Somerville,performing,5
Somerville,philosopher,5
Somerville,phosphorus,5
Somerville,positively,5
Somerville,potassium,5
Somerville,pouillet,5
Somerville,precedes,5
Somerville,prediction,5
Somerville,pressed,5
Somerville,prevailing,5
Somerville,proceeded,5
Somerville,projection,5
Somerville,prominent,5
Somerville,proofs,5
Somerville,protected,5
Somerville,quadrature,5
Somerville,races,5
Somerville,raises,5
Somerville,rarefactions,5
Somerville,reaching,5
Somerville,reality,5
Somerville,reasoning,5
Somerville,records,5
Somerville,refractions,5
Somerville,replacement,5
Somerville,reptiles,5
Somerville,repulsions,5
Somerville,resembling,5
Somerville,retards,5
Somerville,returned,5
Somerville,reveal,5
Somerville,ritter,5
Somerville,rotating,5
Somerville,roux,5
Somerville,satisfactory,5
Somerville,scotland,5
Somerville,screw,5
Somerville,search,5
Somerville,seebeck,5
Somerville,sense,5
Somerville,setting,5
Somerville,severe,5
Somerville,shut,5
Somerville,sinking,5
Somerville,slightly,5
Somerville,smooth,5
Somerville,society,5
Somerville,solutions,5
Somerville,spectator,5
Somerville,spectral,5
Somerville,spheroidal,5
Somerville,spirit,5
Somerville,start,5
Somerville,stationary,5
Somerville,stations,5
Somerville,step,5
Somerville,stones,5
Somerville,stop,5
Somerville,street,5
Somerville,stripes,5
Somerville,submarine,5
Somerville,subterranean,5
Somerville,subterraneous,5
Somerville,succeeding,5
Somerville,success,5
Somerville,suffer,5
Somerville,surrounds,5
Somerville,talent,5
Somerville,tenuity,5
Somerville,thirteen,5
Somerville,thousandth,5
Somerville,torrents,5
Somerville,transient,5
Somerville,transparency,5
Somerville,tremendous,5
Somerville,tremors,5
Somerville,unaffected,5
Somerville,unlike,5
Somerville,upright,5
Somerville,uranium,5
Somerville,utmost,5
Somerville,vastly,5
Somerville,vault,5
Somerville,veer,5
Somerville,vienna,5
Somerville,viewing,5
Somerville,volunteers,5
Somerville,weak,5
Somerville,weakened,5
Somerville,widely,5
Somerville,wound,5
Somerville,writing,5
Goethe,accompanies,4
Goethe,accompany,4
Goethe,acme,4
Goethe,adhered,4
Goethe,adopt,4
Goethe,advert,4
Goethe,allegorical,4
Goethe,allowed,4
Goethe,alterations,4
Goethe,alternate,4
Goethe,analogy,4
Goethe,angles,4
Goethe,answers,4
Goethe,antique,4
Goethe,apertures,4
Goethe,arbitrary,4
Goethe,ascribe,4
Goethe,asserted,4
Goethe,assistance,4
Goethe,assumption,4
Goethe,attains,4
Goethe,attenuated,4
Goethe,avoided,4
Goethe,aërial,4
Goethe,band,4
Goethe,based,4
Goethe,bearing,4
Goethe,betrayed,4
Goethe,bisagno,4
Goethe,boiled,4
Goethe,brighter,4
Goethe,broad,4
Goethe,broader,4
Goethe,brownish,4
Goethe,brush,4
Goethe,calls,4
Goethe,candles,4
Goethe,causing,4
Goethe,cennini,4
Goethe,changing,4
Goethe,check,4
Goethe,children,4
Goethe,church,4
Goethe,circumference,4
Goethe,classification,4
Goethe,clearer,4
Goethe,closing,4
Goethe,cloud,4
Goethe,collected,4
Goethe,combines,4
Goethe,combining,4
Goethe,combustion,4
Goethe,communicates,4
Goethe,component,4
Goethe,comprehends,4
Goethe,comprehensive,4
Goethe,conclusive,4
Goethe,confessed,4
Goethe,conformable,4
Goethe,confused,4
Goethe,consequent,4
Goethe,contained,4
Goethe,contemporaries,4
Goethe,continued,4
Goethe,continues,4
Goethe,contract,4
Goethe,contrasting,4
Goethe,contributions,4
Goethe,contrivances,4
Goethe,convenient,4
Goethe,convey,4
Goethe,convictions,4
Goethe,copying,4
Goethe,cosa,4
Goethe,creating,4
Goethe,crystal,4
Goethe,darkest,4
Goethe,dazzled,4
Goethe,decidedly,4
Goethe,decomposed,4
Goethe,decrease,4
Goethe,decreasing,4
Goethe,deepens,4
Goethe,definitions,4
Goethe,delight,4
Goethe,denied,4
Goethe,denote,4
Goethe,deprived,4
Goethe,describes,4
Goethe,descriptions,4
Goethe,destroying,4
Goethe,deviation,4
Goethe,diagonally,4
Goethe,die,4
Goethe,differences,4
Goethe,dignity,4
Goethe,disagreeable,4
Goethe,disappears,4
Goethe,dispense,4
Goethe,display,4
Goethe,drawing,4
Goethe,dread,4
Goethe,dresses,4
Goethe,drops,4
Goethe,durable,4
Goethe,dusky,4
Goethe,effort,4
Goethe,elapsed,4
Goethe,elucidation,4
Goethe,emperor,4
Goethe,empty,4
Goethe,endowed,4
Goethe,england,4
Goethe,enhance,4
Goethe,entering,4
Goethe,error,4
Goethe,establish,4
Goethe,established,4
Goethe,evanescent,4
Goethe,evaporates,4
Goethe,exact,4
Goethe,exclusively,4
Goethe,execution,4
Goethe,exemplified,4
Goethe,experiences,4
Goethe,experimental,4
Goethe,expressly,4
Goethe,eyck,4
Goethe,fair,4
Goethe,favour,4
Goethe,fees,4
Goethe,fiery,4
Goethe,fitness,4
Goethe,fleeting,4
Goethe,fluctuation,4
Goethe,format,4
Goethe,fracture,4
Goethe,freely,4
Goethe,fuller,4
Goethe,gain,4
Goethe,garden,4
Goethe,gay,4
Goethe,germans,4
Goethe,germany,4
Goethe,grave,4
Goethe,greeks,4
Goethe,greyish,4
Goethe,grow,4
Goethe,guido,4
Goethe,hairs,4
Goethe,happen,4
Goethe,happily,4
Goethe,happy,4
Goethe,healthy,4
Goethe,heightened,4
Goethe,highly,4
Goethe,holder,4
Goethe,horizontally,4
Goethe,hypothesis,4
Goethe,identify,4
Goethe,illuminated,4
Goethe,illuminating,4
Goethe,illustrate,4
Goethe,imitate,4
Goethe,imitators,4
Goethe,impinges,4
Goethe,impinging,4
Goethe,incline,4
Goethe,incomplete,4
Goethe,indented,4
Goethe,induced,4
Goethe,infusion,4
Goethe,inherent,4
Goethe,innumerable,4
Goethe,inorganic,4
Goethe,inquirer,4
Goethe,inquirers,4
Goethe,inquiries,4
Goethe,inspection,4
Goethe,instinctively,4
Goethe,instruments,4
Goethe,intently,4
Goethe,interior,4
Goethe,introduce,4
Goethe,invited,4
Goethe,inwards,4
Goethe,john,4
Goethe,judge,4
Goethe,kircher,4
Goethe,kite,4
Goethe,late,4
Goethe,latin,4
Goethe,leaving,4
Goethe,level,4
Goethe,linen,4
Goethe,lived,4
Goethe,lose,4
Goethe,lucas,4
Goethe,madder,4
Goethe,mantling,4
Goethe,mark,4
Goethe,mastic,4
Goethe,mathematical,4
Goethe,measured,4
Goethe,mechanical,4
Goethe,merits,4
Goethe,metamorphosis,4
Goethe,microscope,4
Goethe,minimum,4
Goethe,minutest,4
Goethe,mirrors,4
Goethe,mission,4
Goethe,mistaken,4
Goethe,mistakes,4
Goethe,money,4
Goethe,moves,4
Goethe,mystical,4
Goethe,naked,4
Goethe,neglected,4
Goethe,nero,4
Goethe,neutral,4
Goethe,nicer,4
Goethe,noticed,4
Goethe,notions,4
Goethe,objections,4
Goethe,oblique,4
Goethe,offer,4
Goethe,online,4
Goethe,opportunity,4
Goethe,outer,4
Goethe,overspread,4
Goethe,panes,4
Goethe,paris,4
Goethe,particulars,4
Goethe,pellicle,4
Goethe,pellicles,4
Goethe,pencil,4
Goethe,perceived,4
Goethe,permanently,4
Goethe,phrase,4
Goethe,pieces,4
Goethe,pittori,4
Goethe,plant,4
Goethe,plumage,4
Goethe,poppy,4
Goethe,portrait,4
Goethe,posted,4
Goethe,poured,4
Goethe,poussin,4
Goethe,pre,4
Goethe,precepts,4
Goethe,preserving,4
Goethe,press,4
Goethe,prevent,4
Goethe,privation,4
Goethe,proceeded,4
Goethe,processes,4
Goethe,proof,4
Goethe,proper,4
Goethe,properties,4
Goethe,proportions,4
Goethe,providing,4
Goethe,public,4
Goethe,pursuits,4
Goethe,quotes,4
Goethe,rainbow,4
Goethe,rapid,4
Goethe,rapidly,4
Goethe,recently,4
Goethe,reciprocally,4
Goethe,recognised,4
Goethe,recollection,4
Goethe,recorded,4
Goethe,recover,4
Goethe,refuge,4
Goethe,relate,4
Goethe,related,4
Goethe,remained,4
Goethe,repeatedly,4
Goethe,repetition,4
Goethe,representation,4
Goethe,requirements,4
Goethe,research,4
Goethe,resembles,4
Goethe,resembling,4
Goethe,resides,4
Goethe,resinous,4
Goethe,resulting,4
Goethe,retains,4
Goethe,reverse,4
Goethe,rock,4
Goethe,roman,4
Goethe,roses,4
Goethe,rubrics,4
Goethe,safe,4
Goethe,satisfied,4
Goethe,scholar,4
Goethe,sciences,4
Goethe,setting,4
Goethe,shells,4
Goethe,shone,4
Goethe,shorter,4
Goethe,significancy,4
Goethe,significant,4
Goethe,similarly,4
Goethe,singly,4
Goethe,singular,4
Goethe,skill,4
Goethe,soft,4
Goethe,son,4
Goethe,sorte,4
Goethe,spaces,4
Goethe,spanish,4
Goethe,sparkling,4
Goethe,sparks,4
Goethe,specimens,4
Goethe,spot,4
Goethe,spreading,4
Goethe,stand,4
Goethe,stars,4
Goethe,status,4
Goethe,steadfastly,4
Goethe,stone,4
Goethe,stones,4
Goethe,stood,4
Goethe,story,4
Goethe,study,4
Goethe,subjects,4
Goethe,substitute,4
Goethe,succeed,4
Goethe,success,4
Goethe,successive,4
Goethe,suffers,4
Goethe,sulphuric,4
Goethe,superficial,4
Goethe,taught,4
Goethe,temperature,4
Goethe,theophrastus,4
Goethe,thicker,4
Goethe,thickly,4
Goethe,thirdly,4
Goethe,threads,4
Goethe,tinted,4
Goethe,title,4
Goethe,tolerably,4
Goethe,tones,4
Goethe,touch,4
Goethe,transparency,4
Goethe,treats,4
Goethe,tube,4
Goethe,turpentine,4
Goethe,types,4
Goethe,unaltered,4
Goethe,unbroken,4
Goethe,uncertain,4
Goethe,uncoloured,4
Goethe,uniting,4
Goethe,unpleasant,4
Goethe,vanish,4
Goethe,variations,4
Goethe,varies,4
Goethe,varnished,4
Goethe,vary,4
Goethe,veil,4
Goethe,veronese,4
Goethe,vitality,4
Goethe,volume,4
Goethe,weakness,4
Goethe,web,4
Goethe,website,4
Goethe,whiteness,4
Goethe,wider,4
Goethe,winter,4
Goethe,wool,4
Goethe,worth,4
Goethe,writing,4
Goethe,youth,4
Humboldt,abel,4
Humboldt,abhandlungen,4
Humboldt,ably,4
Humboldt,absorption,4
Humboldt,abstraction,4
Humboldt,accompanying,4
Humboldt,acids,4
Humboldt,adams,4
Humboldt,additions,4
Humboldt,address,4
Humboldt,addressed,4
Humboldt,adornment,4
Humboldt,adriatic,4
Humboldt,advances,4
Humboldt,advancing,4
Humboldt,adventure,4
Humboldt,aegos,4
Humboldt,affording,4
Humboldt,agent,4
Humboldt,agreeable,4
Humboldt,agricultural,4
Humboldt,agriculture,4
Humboldt,aguas,4
Humboldt,albite,4
Humboldt,algae,4
Humboldt,aliud,4
Humboldt,alkalies,4
Humboldt,ammonia,4
Humboldt,ammonites,4
Humboldt,analyze,4
Humboldt,anghiera,4
Humboldt,angular,4
Humboldt,animate,4
Humboldt,anno,4
Humboldt,annulus,4
Humboldt,apollonius,4
Humboldt,applies,4
Humboldt,applying,4
Humboldt,apprehensions,4
Humboldt,arrange,4
Humboldt,arrow,4
Humboldt,artificially,4
Humboldt,assigned,4
Humboldt,astonished,4
Humboldt,attempting,4
Humboldt,augmented,4
Humboldt,australia,4
Humboldt,auvergne,4
Humboldt,awaken,4
Humboldt,aztec,4
Humboldt,azure,4
Humboldt,baconica,4
Humboldt,bag,4
Humboldt,band,4
Humboldt,beagle,4
Humboldt,beechey,4
Humboldt,belemnites,4
Humboldt,believes,4
Humboldt,bembo,4
Humboldt,bernhard,4
Humboldt,binary,4
Humboldt,birches,4
Humboldt,blank,4
Humboldt,bolivia,4
Humboldt,bosekop,4
Humboldt,boston,4
Humboldt,brazil,4
Humboldt,brazils,4
Humboldt,briefe,4
Humboldt,britannia,4
Humboldt,brittany,4
Humboldt,broke,4
Humboldt,brother,4
Humboldt,buchtarminsk,4
Humboldt,bull,4
Humboldt,bulletin,4
Humboldt,buried,4
Humboldt,calabria,4
Humboldt,calls,4
Humboldt,caloris,4
Humboldt,canopy,4
Humboldt,cardinal,4
Humboldt,care,4
Humboldt,career,4
Humboldt,carlini,4
Humboldt,carried,4
Humboldt,caution,4
Humboldt,caverns,4
Humboldt,caves,4
Humboldt,cavity,4
Humboldt,cease,4
Humboldt,cell,4
Humboldt,centaur,4
Humboldt,chaleur,4
Humboldt,challis,4
Humboldt,characteristically,4
Humboldt,characterize,4
Humboldt,chardin,4
Humboldt,charpentier,4
Humboldt,check,4
Humboldt,chemists,4
Humboldt,christopher,4
Humboldt,chronicon,4
Humboldt,circuit,4
Humboldt,circumnavigation,4
Humboldt,civilized,4
Humboldt,clark,4
Humboldt,clausen,4
Humboldt,clearness,4
Humboldt,climatal,4
Humboldt,climatology,4
Humboldt,cobalt,4
Humboldt,collect,4
Humboldt,collision,4
Humboldt,column,4
Humboldt,combine,4
Humboldt,combustion,4
Humboldt,commenced,4
Humboldt,communications,4
Humboldt,community,4
Humboldt,companions,4
Humboldt,completeness,4
Humboldt,comprehensive,4
Humboldt,computed,4
Humboldt,conceive,4
Humboldt,concentric,4
Humboldt,conceptions,4
Humboldt,conclude,4
Humboldt,condamine,4
Humboldt,confidence,4
Humboldt,confirm,4
Humboldt,confound,4
Humboldt,connecting,4
Humboldt,consequent,4
Humboldt,consolidated,4
Humboldt,continual,4
Humboldt,contraction,4
Humboldt,contracts,4
Humboldt,conversion,4
Humboldt,cook,4
Humboldt,copenhagen,4
Humboldt,copying,4
Humboldt,corals,4
Humboldt,cornelius,4
Humboldt,correspondence,4
Humboldt,court,4
Humboldt,creating,4
Humboldt,crystal,4
Humboldt,crystallization,4
Humboldt,cubic,4
Humboldt,cujus,4
Humboldt,culture,4
Humboldt,cupuliferae,4
Humboldt,curve,4
Humboldt,cut,4
Humboldt,cælo,4
Humboldt,damages,4
Humboldt,david,4
Humboldt,death,4
Humboldt,dec,4
Humboldt,decide,4
Humboldt,decreasing,4
Humboldt,deductions,4
Humboldt,deemed,4
Humboldt,delcrois,4
Humboldt,delights,4
Humboldt,delineate,4
Humboldt,denied,4
Humboldt,densely,4
Humboldt,derives,4
Humboldt,descartes,4
Humboldt,describing,4
Humboldt,designation,4
Humboldt,desirous,4
Humboldt,determinate,4
Humboldt,detonations,4
Humboldt,develop,4
Humboldt,diametrically,4
Humboldt,dignity,4
Humboldt,diminishing,4
Humboldt,dinornis,4
Humboldt,discoverer,4
Humboldt,dispersed,4
Humboldt,displaced,4
Humboldt,distributione,4
Humboldt,disturb,4
Humboldt,dogmas,4
Humboldt,dominion,4
Humboldt,doubted,4
Humboldt,dumas,4
Humboldt,earthly,4
Humboldt,edges,4
Humboldt,effort,4
Humboldt,effusion,4
Humboldt,egg,4
Humboldt,eighteenth,4
Humboldt,eighth,4
Humboldt,eighty,4
Humboldt,ejus,4
Humboldt,elephants,4
Humboldt,elevate,4
Humboldt,emanation,4
Humboldt,eminences,4
Humboldt,eminent,4
Humboldt,endeavor,4
Humboldt,engaged,4
Humboldt,enim,4
Humboldt,enlargement,4
Humboldt,entered,4
Humboldt,enumerate,4
Humboldt,envelope,4
Humboldt,equipment,4
Humboldt,erebus,4
Humboldt,espagne,4
Humboldt,estimates,4
Humboldt,euphotide,4
Humboldt,evidences,4
Humboldt,evinced,4
Humboldt,excites,4
Humboldt,exclusive,4
Humboldt,expected,4
Humboldt,experiment,4
Humboldt,expresses,4
Humboldt,extinguished,4
Humboldt,extract,4
Humboldt,faculties,4
Humboldt,faintness,4
Humboldt,falconer,4
Humboldt,faulhorn,4
Humboldt,fears,4
Humboldt,fees,4
Humboldt,fernando,4
Humboldt,fichtelgebirge,4
Humboldt,fields,4
Humboldt,figurative,4
Humboldt,flash,4
Humboldt,flattened,4
Humboldt,flight,4
Humboldt,flowed,4
Humboldt,flying,4
Humboldt,foaming,4
Humboldt,foliage,4
Humboldt,footnnote,4
Humboldt,format,4
Humboldt,freedom,4
Humboldt,freezing,4
Humboldt,fullness,4
Humboldt,furrowed,4
Humboldt,furthest,4
Humboldt,für,4
Humboldt,gain,4
Humboldt,galvanic,4
Humboldt,ganges,4
Humboldt,garden,4
Humboldt,geneva,4
Humboldt,geodesic,4
Humboldt,geognosist,4
Humboldt,geographer,4
Humboldt,geographica,4
Humboldt,geschichte,4
Humboldt,gilles,4
Humboldt,glaciers,4
Humboldt,goniatites,4
Humboldt,gos,4
Humboldt,gottingen,4
Humboldt,graceful,4
Humboldt,greenstone,4
Humboldt,greenwich,4
Humboldt,grundzuge,4
Humboldt,guided,4
Humboldt,gyratory,4
Humboldt,hair,4
Humboldt,havana,4
Humboldt,hear,4
Humboldt,heating,4
Humboldt,heavy,4
Humboldt,hermann,4
Humboldt,hesiod,4
Humboldt,hind,4
Humboldt,hippocrates,4
Humboldt,histoire,4
Humboldt,holder,4
Humboldt,hollows,4
Humboldt,home,4
Humboldt,homogeneous,4
Humboldt,huygens,4
Humboldt,hypothetical,4
Humboldt,ideler,4
Humboldt,illimani,4
Humboldt,illusion,4
Humboldt,illustrate,4
Humboldt,illustration,4
Humboldt,illustrations,4
Humboldt,illustrious,4
Humboldt,implied,4
Humboldt,imply,4
Humboldt,improvement,4
Humboldt,inaccurate,4
Humboldt,incandescence,4
Humboldt,includes,4
Humboldt,incomplete,4
Humboldt,indefinite,4
Humboldt,independence,4
Humboldt,indirectly,4
Humboldt,industry,4
Humboldt,inequality,4
Humboldt,inference,4
Humboldt,infinite,4
Humboldt,inflected,4
Humboldt,inflections,4
Humboldt,infusorial,4
Humboldt,inhabiting,4
Humboldt,ink,4
Humboldt,institution,4
Humboldt,intensely,4
Humboldt,inter,4
Humboldt,interpretation,4
Humboldt,intersected,4
Humboldt,intricate,4
Humboldt,irkutsk,4
Humboldt,isobarometric,4
Humboldt,ita,4
Humboldt,jacob,4
Humboldt,jahren,4
Humboldt,jawahir,4
Humboldt,joh,4
Humboldt,judging,4
Humboldt,justinian,4
Humboldt,juvenas,4
Humboldt,kamtz,4
Humboldt,kashmir,4
Humboldt,killed,4
Humboldt,king,4
Humboldt,laach,4
Humboldt,lamanon,4
Humboldt,lambert,4
Humboldt,lance,4
Humboldt,lapidibus,4
Humboldt,layer,4
Humboldt,leaving,4
Humboldt,leibnitz,4
Humboldt,lenz,4
Humboldt,lewy,4
Humboldt,lexell,4
Humboldt,liberation,4
Humboldt,lightness,4
Humboldt,lignites,4
Humboldt,liii,4
Humboldt,lindley,4
Humboldt,liv,4
Humboldt,lived,4
Humboldt,locally,4
Humboldt,loose,4
Humboldt,lottin,4
Humboldt,luxuriant,4
Humboldt,lyme,4
Humboldt,maclear,4
Humboldt,madler,4
Humboldt,magnesia,4
Humboldt,magnetisme,4
Humboldt,maintaining,4
Humboldt,manifestations,4
Humboldt,mare,4
Humboldt,mari,4
Humboldt,maritime,4
Humboldt,materially,4
Humboldt,mechanism,4
Humboldt,meditative,4
Humboldt,memorable,4
Humboldt,messier,4
Humboldt,metamorphosis,4
Humboldt,meyer,4
Humboldt,michael,4
Humboldt,micrometer,4
Humboldt,mississippi,4
Humboldt,misunderstood,4
Humboldt,mobility,4
Humboldt,modification,4
Humboldt,modo,4
Humboldt,mollusca,4
Humboldt,monticelli,4
Humboldt,mosses,4
Humboldt,mundi,4
Humboldt,myndius,4
Humboldt,mém,4
Humboldt,narratives,4
Humboldt,naturalis,4
Humboldt,navigator,4
Humboldt,navigators,4
Humboldt,nebula,4
Humboldt,nec,4
Humboldt,neque,4
Humboldt,net,4
Humboldt,newcastle,4
Humboldt,newfoundland,4
Humboldt,newly,4
Humboldt,newtonian,4
Humboldt,nile,4
Humboldt,node,4
Humboldt,normandy,4
Humboldt,northward,4
Humboldt,norway,4
Humboldt,nouveau,4
Humboldt,nyzek,4
Humboldt,observ,4
Humboldt,observing,4
Humboldt,obstacles,4
Humboldt,obvious,4
Humboldt,official,4
Humboldt,omnia,4
Humboldt,online,4
Humboldt,onward,4
Humboldt,oolitic,4
Humboldt,opuscula,4
Humboldt,orion,4
Humboldt,oural,4
Humboldt,owner,4
Humboldt,oxford,4
Humboldt,palm,4
Humboldt,par,4
Humboldt,peculiarities,4
Humboldt,penetrating,4
Humboldt,perception,4
Humboldt,percy,4
Humboldt,periodicity,4
Humboldt,permanence,4
Humboldt,permian,4
Humboldt,perpendicular,4
Humboldt,perpetually,4
Humboldt,perturbation,4
Humboldt,pertz,4
Humboldt,pervade,4
Humboldt,phaedo,4
Humboldt,phaselis,4
Humboldt,phillips,4
Humboldt,phosphorescence,4
Humboldt,pierre,4
Humboldt,pinites,4
Humboldt,pinus,4
Humboldt,plac,4
Humboldt,plans,4
Humboldt,plantes,4
Humboldt,plummet,4
Humboldt,poets,4
Humboldt,poissons,4
Humboldt,polarized,4
Humboldt,polishing,4
Humboldt,pompeius,4
Humboldt,porphyries,4
Humboldt,port,4
Humboldt,posted,4
Humboldt,potable,4
Humboldt,potsdam,4
Humboldt,pott,4
Humboldt,pre,4
Humboldt,prejudice,4
Humboldt,prepare,4
Humboldt,pretended,4
Humboldt,prevail,4
Humboldt,prevalent,4
Humboldt,principia,4
Humboldt,probabilities,4
Humboldt,produces,4
Humboldt,progression,4
Humboldt,projection,4
Humboldt,proof,4
Humboldt,propter,4
Humboldt,providing,4
Humboldt,pursuing,4
Humboldt,pyroxene,4
Humboldt,pythagoras,4
Humboldt,pythagoreans,4
Humboldt,qualities,4
Humboldt,quarries,4
Humboldt,quem,4
Humboldt,quo,4
Humboldt,quoted,4
Humboldt,ranges,4
Humboldt,rank,4
Humboldt,reaches,4
Humboldt,readily,4
Humboldt,realm,4
Humboldt,realms,4
Humboldt,reappearance,4
Humboldt,reasons,4
Humboldt,recalls,4
Humboldt,reckon,4
Humboldt,recollection,4
Humboldt,reflections,4
Humboldt,refrigeration,4
Humboldt,refuted,4
Humboldt,registered,4
Humboldt,regretted,4
Humboldt,reisen,4
Humboldt,relating,4
Humboldt,religion,4
Humboldt,religious,4
Humboldt,remember,4
Humboldt,remind,4
Humboldt,remoter,4
Humboldt,rent,4
Humboldt,representative,4
Humboldt,reptiles,4
Humboldt,requisite,4
Humboldt,resolvable,4
Humboldt,restored,4
Humboldt,retained,4
Humboldt,retains,4
Humboldt,retrograde,4
Humboldt,revelation,4
Humboldt,ribbon,4
Humboldt,richardson,4
Humboldt,richer,4
Humboldt,ripening,4
Humboldt,risen,4
Humboldt,rolling,4
Humboldt,rome,4
Humboldt,rosa,4
Humboldt,rules,4
Humboldt,sabrina,4
Humboldt,sacred,4
Humboldt,safety,4
Humboldt,sagacity,4
Humboldt,saint,4
Humboldt,sandstones,4
Humboldt,satisfactory,4
Humboldt,saxon,4
Humboldt,saxony,4
Humboldt,scandinavian,4
Humboldt,scythian,4
Humboldt,secundum,4
Humboldt,serpentarius,4
Humboldt,shake,4
Humboldt,sharply,4
Humboldt,shrouded,4
Humboldt,siecle,4
Humboldt,siena,4
Humboldt,signifies,4
Humboldt,similarly,4
Humboldt,simplest,4
Humboldt,sinks,4
Humboldt,situation,4
Humboldt,softened,4
Humboldt,solemn,4
Humboldt,sommering,4
Humboldt,speaks,4
Humboldt,specimens,4
Humboldt,speculations,4
Humboldt,spheroidal,4
Humboldt,spheroids,4
Humboldt,spiral,4
Humboldt,sprung,4
Humboldt,stable,4
Humboldt,stadia,4
Humboldt,start,4
Humboldt,status,4
Humboldt,stony,4
Humboldt,stood,4
Humboldt,strength,4
Humboldt,studded,4
Humboldt,submitted,4
Humboldt,succeeding,4
Humboldt,sui,4
Humboldt,sunday,4
Humboldt,suppression,4
Humboldt,susceptible,4
Humboldt,swedish,4
Humboldt,swimming,4
Humboldt,tableau,4
Humboldt,task,4
Humboldt,taught,4
Humboldt,tears,4
Humboldt,telescopes,4
Humboldt,tenacity,4
Humboldt,terminate,4
Humboldt,termination,4
Humboldt,terrestre,4
Humboldt,terrific,4
Humboldt,thienemann,4
Humboldt,thin,4
Humboldt,thirteen,4
Humboldt,thronged,4
Humboldt,ths,4
Humboldt,tht,4
Humboldt,tissue,4
Humboldt,titicaca,4
Humboldt,touched,4
Humboldt,transitory,4
Humboldt,transported,4
Humboldt,traverses,4
Humboldt,traversing,4
Humboldt,treat,4
Humboldt,trembling,4
Humboldt,trincheras,4
Humboldt,troezene,4
Humboldt,truthfulness,4
Humboldt,tsing,4
Humboldt,typical,4
Humboldt,unacquainted,4
Humboldt,unaltered,4
Humboldt,unconnected,4
Humboldt,undergo,4
Humboldt,understanding,4
Humboldt,undisturbed,4
Humboldt,unfolded,4
Humboldt,unius,4
Humboldt,universelle,4
Humboldt,unquam,4
Humboldt,unusual,4
Humboldt,upheaving,4
Humboldt,vagueness,4
Humboldt,vanilla,4
Humboldt,vesicular,4
Humboldt,village,4
Humboldt,virginia,4
Humboldt,visit,4
Humboldt,vivifying,4
Humboldt,volumes,4
Humboldt,war,4
Humboldt,wave,4
Humboldt,wealth,4
Humboldt,website,4
Humboldt,wissensch,4
Humboldt,wonderfully,4
Humboldt,woods,4
Humboldt,xenophanes,4
Humboldt,xiii,4
Humboldt,xxix,4
Humboldt,xxxiv,4
Humboldt,xxxix,4
Humboldt,yellow,4
Humboldt,youth,4
Humboldt,zechstein,4
Khaldun,abridgments,4
Khaldun,absent,4
Khaldun,abstinence,4
Khaldun,accruing,4
Khaldun,accustoms,4
Khaldun,acknowledged,4
Khaldun,acquaintance,4
Khaldun,acute,4
Khaldun,admiral,4
Khaldun,admission,4
Khaldun,adopts,4
Khaldun,adversely,4
Khaldun,affirming,4
Khaldun,affixed,4
Khaldun,affluence,4
Khaldun,agrees,4
Khaldun,ahead,4
Khaldun,alert,4
Khaldun,alphabet,4
Khaldun,angel,4
Khaldun,antithesis,4
Khaldun,apostle,4
Khaldun,apperceptive,4
Khaldun,applicable,4
Khaldun,appoints,4
Khaldun,aqueduct,4
Khaldun,aries,4
Khaldun,arrangements,4
Khaldun,artificially,4
Khaldun,artisans,4
Khaldun,asceticism,4
Khaldun,association,4
Khaldun,assumes,4
Khaldun,astray,4
Khaldun,authoritative,4
Khaldun,avail,4
Khaldun,avoidance,4
Khaldun,avoiding,4
Khaldun,azerbaijan,4
Khaldun,aḥmar,4
Khaldun,aḥqâf,4
Khaldun,barley,4
Khaldun,baseless,4
Khaldun,basrah,4
Khaldun,bath,4
Khaldun,bay,4
Khaldun,baṭṭûtah,4
Khaldun,begun,4
Khaldun,binding,4
Khaldun,birds,4
Khaldun,blame,4
Khaldun,bloodshed,4
Khaldun,blow,4
Khaldun,boiled,4
Khaldun,bonds,4
Khaldun,bother,4
Khaldun,brocade,4
Khaldun,brothers,4
Khaldun,capacity,4
Khaldun,caspian,4
Khaldun,castle,4
Khaldun,cavalcade,4
Khaldun,caves,4
Khaldun,chain,4
Khaldun,chaldeans,4
Khaldun,check,4
Khaldun,checked,4
Khaldun,cherchel,4
Khaldun,chiefs,4
Khaldun,chronic,4
Khaldun,circular,4
Khaldun,claimed,4
Khaldun,clarify,4
Khaldun,classical,4
Khaldun,clearest,4
Khaldun,coincide,4
Khaldun,collapse,4
Khaldun,collapses,4
Khaldun,collections,4
Khaldun,collector,4
Khaldun,colon,4
Khaldun,commentaries,4
Khaldun,comments,4
Khaldun,compares,4
Khaldun,comparing,4
Khaldun,compassion,4
Khaldun,compensation,4
Khaldun,comply,4
Khaldun,comprised,4
Khaldun,conduct,4
Khaldun,confronted,4
Khaldun,conjecture,4
Khaldun,consolidated,4
Khaldun,constituted,4
Khaldun,constituting,4
Khaldun,construct,4
Khaldun,content,4
Khaldun,context,4
Khaldun,continually,4
Khaldun,continuously,4
Khaldun,contradiction,4
Khaldun,controls,4
Khaldun,conveyed,4
Khaldun,copied,4
Khaldun,councils,4
Khaldun,counsel,4
Khaldun,courses,4
Khaldun,covering,4
Khaldun,craftsman,4
Khaldun,critics,4
Khaldun,crumbles,4
Khaldun,current,4
Khaldun,deceased,4
Khaldun,declination,4
Khaldun,deduced,4
Khaldun,deeper,4
Khaldun,defective,4
Khaldun,defended,4
Khaldun,defensive,4
Khaldun,deficiency,4
Khaldun,definitions,4
Khaldun,delegates,4
Khaldun,densely,4
Khaldun,deprives,4
Khaldun,depriving,4
Khaldun,deriving,4
Khaldun,descended,4
Khaldun,descriptions,4
Khaldun,determination,4
Khaldun,dialectics,4
Khaldun,dictated,4
Khaldun,directions,4
Khaldun,discernment,4
Khaldun,discord,4
Khaldun,discovered,4
Khaldun,disdained,4
Khaldun,dispensed,4
Khaldun,disregarded,4
Khaldun,dissensions,4
Khaldun,dissolves,4
Khaldun,distant,4
Khaldun,distinctive,4
Khaldun,divert,4
Khaldun,docility,4
Khaldun,doctrine,4
Khaldun,dominate,4
Khaldun,dominates,4
Khaldun,donkeys,4
Khaldun,door,4
Khaldun,downward,4
Khaldun,drunk,4
Khaldun,dryness,4
Khaldun,durra,4
Khaldun,eating,4
Khaldun,ecliptic,4
Khaldun,egyptian,4
Khaldun,eleventh,4
Khaldun,elite,4
Khaldun,elixir,4
Khaldun,embassies,4
Khaldun,employing,4
Khaldun,employs,4
Khaldun,endurance,4
Khaldun,engaged,4
Khaldun,erotic,4
Khaldun,esteemed,4
Khaldun,estimative,4
Khaldun,exact,4
Khaldun,examination,4
Khaldun,examples,4
Khaldun,excitability,4
Khaldun,exclusive,4
Khaldun,exhaust,4
Khaldun,exiled,4
Khaldun,expenditures,4
Khaldun,experimental,4
Khaldun,explaining,4
Khaldun,factor,4
Khaldun,fair,4
Khaldun,famine,4
Khaldun,female,4
Khaldun,fictitious,4
Khaldun,figure,4
Khaldun,fill,4
Khaldun,finding,4
Khaldun,fixes,4
Khaldun,flag,4
Khaldun,flank,4
Khaldun,flash,4
Khaldun,flat,4
Khaldun,flowing,4
Khaldun,fluctuation,4
Khaldun,fodder,4
Khaldun,forecasts,4
Khaldun,forgetfulness,4
Khaldun,freely,4
Khaldun,friendly,4
Khaldun,frighten,4
Khaldun,frontier,4
Khaldun,fulfilled,4
Khaldun,fundamental,4
Khaldun,furnished,4
Khaldun,fârâbî,4
Khaldun,gabès,4
Khaldun,gatherings,4
Khaldun,genera,4
Khaldun,genitive,4
Khaldun,genius,4
Khaldun,genuine,4
Khaldun,glass,4
Khaldun,goths,4
Khaldun,grammarians,4
Khaldun,green,4
Khaldun,greeting,4
Khaldun,guarantee,4
Khaldun,guarantees,4
Khaldun,guarded,4
Khaldun,guests,4
Khaldun,guide,4
Khaldun,hackneyed,4
Khaldun,half,4
Khaldun,halves,4
Khaldun,happening,4
Khaldun,happy,4
Khaldun,heavens,4
Khaldun,heavily,4
Khaldun,hebrew,4
Khaldun,helped,4
Khaldun,helpful,4
Khaldun,hints,4
Khaldun,homes,4
Khaldun,honours,4
Khaldun,housing,4
Khaldun,humid,4
Khaldun,humidity,4
Khaldun,imagined,4
Khaldun,imitated,4
Khaldun,immersed,4
Khaldun,impact,4
Khaldun,implanted,4
Khaldun,imposed,4
Khaldun,improbable,4
Khaldun,inaccessible,4
Khaldun,incapable,4
Khaldun,indigence,4
Khaldun,informed,4
Khaldun,inimitability,4
Khaldun,innermost,4
Khaldun,innovations,4
Khaldun,innumerable,4
Khaldun,instances,4
Khaldun,instrumental,4
Khaldun,insufficient,4
Khaldun,intemperance,4
Khaldun,intensity,4
Khaldun,interior,4
Khaldun,interpreted,4
Khaldun,intimate,4
Khaldun,introduction,4
Khaldun,issued,4
Khaldun,jacob,4
Khaldun,job,4
Khaldun,join,4
Khaldun,joseph,4
Khaldun,judah,4
Khaldun,killing,4
Khaldun,kills,4
Khaldun,kingdom,4
Khaldun,knots,4
Khaldun,kutâmah,4
Khaldun,lances,4
Khaldun,laziness,4
Khaldun,lazy,4
Khaldun,levies,4
Khaldun,levity,4
Khaldun,liar,4
Khaldun,libra,4
Khaldun,lineages,4
Khaldun,link,4
Khaldun,listening,4
Khaldun,literal,4
Khaldun,litters,4
Khaldun,livestock,4
Khaldun,loaded,4
Khaldun,located,4
Khaldun,logicians,4
Khaldun,lung,4
Khaldun,lying,4
Khaldun,madâ,4
Khaldun,maker,4
Khaldun,manifestation,4
Khaldun,march,4
Khaldun,marked,4
Khaldun,marks,4
Khaldun,marriage,4
Khaldun,maslamah,4
Khaldun,medicines,4
Khaldun,meet,4
Khaldun,membranes,4
Khaldun,merged,4
Khaldun,metals,4
Khaldun,metaphorically,4
Khaldun,mild,4
Khaldun,mildness,4
Khaldun,militiamen,4
Khaldun,minister,4
Khaldun,miraculous,4
Khaldun,mirror,4
Khaldun,misled,4
Khaldun,mixing,4
Khaldun,mode,4
Khaldun,modern,4
Khaldun,modes,4
Khaldun,modesty,4
Khaldun,monsters,4
Khaldun,mosul,4
Khaldun,muftis,4
Khaldun,multiplied,4
Khaldun,nativities,4
Khaldun,navigation,4
Khaldun,necessitated,4
Khaldun,negligence,4
Khaldun,noah,4
Khaldun,nobles,4
Khaldun,noise,4
Khaldun,observer,4
Khaldun,obstacle,4
Khaldun,occasions,4
Khaldun,occupies,4
Khaldun,occupying,4
Khaldun,offered,4
Khaldun,opponent,4
Khaldun,opportunities,4
Khaldun,oppression,4
Khaldun,optics,4
Khaldun,ordained,4
Khaldun,organ,4
Khaldun,owe,4
Khaldun,oxus,4
Khaldun,pack,4
Khaldun,parallel,4
Khaldun,parasangs,4
Khaldun,parents,4
Khaldun,passage,4
Khaldun,patience,4
Khaldun,pedigree,4
Khaldun,perceptive,4
Khaldun,perform,4
Khaldun,perseverance,4
Khaldun,persia,4
Khaldun,persistence,4
Khaldun,persists,4
Khaldun,persuasion,4
Khaldun,pertaining,4
Khaldun,pestilences,4
Khaldun,philosopher,4
Khaldun,physician,4
Khaldun,plains,4
Khaldun,plans,4
Khaldun,pleasurable,4
Khaldun,poll,4
Khaldun,populated,4
Khaldun,ports,4
Khaldun,possibilities,4
Khaldun,potential,4
Khaldun,preceded,4
Khaldun,precious,4
Khaldun,prefer,4
Khaldun,preparation,4
Khaldun,privation,4
Khaldun,proceeded,4
Khaldun,professions,4
Khaldun,profitable,4
Khaldun,prohibition,4
Khaldun,protects,4
Khaldun,psychological,4
Khaldun,psychologically,4
Khaldun,purgatory,4
Khaldun,pushed,4
Khaldun,quarrels,4
Khaldun,quarter,4
Khaldun,quick,4
Khaldun,qulzum,4
Khaldun,rabî,4
Khaldun,raided,4
Khaldun,rate,4
Khaldun,rats,4
Khaldun,realizes,4
Khaldun,rear,4
Khaldun,receded,4
Khaldun,recedes,4
Khaldun,refuse,4
Khaldun,refuted,4
Khaldun,regained,4
Khaldun,reliable,4
Khaldun,relics,4
Khaldun,remnant,4
Khaldun,remoteness,4
Khaldun,renewed,4
Khaldun,replace,4
Khaldun,reply,4
Khaldun,respective,4
Khaldun,restrain,4
Khaldun,rests,4
Khaldun,retained,4
Khaldun,retainers,4
Khaldun,retrograde,4
Khaldun,revert,4
Khaldun,rises,4
Khaldun,roof,4
Khaldun,rude,4
Khaldun,ruinous,4
Khaldun,rushd,4
Khaldun,sang,4
Khaldun,sat,4
Khaldun,satanic,4
Khaldun,scarce,4
Khaldun,seafaring,4
Khaldun,seceded,4
Khaldun,secluded,4
Khaldun,send,4
Khaldun,sensations,4
Khaldun,separately,4
Khaldun,sermons,4
Khaldun,servitude,4
Khaldun,severity,4
Khaldun,shaddâd,4
Khaldun,shaykh,4
Khaldun,shifâ,4
Khaldun,shortcomings,4
Khaldun,shrewd,4
Khaldun,shrink,4
Khaldun,shrinks,4
Khaldun,shun,4
Khaldun,singers,4
Khaldun,sit,4
Khaldun,site,4
Khaldun,slumps,4
Khaldun,socrates,4
Khaldun,soft,4
Khaldun,songs,4
Khaldun,soothsayer,4
Khaldun,soothsaying,4
Khaldun,space,4
Khaldun,splendour,4
Khaldun,stables,4
Khaldun,stations,4
Khaldun,stay,4
Khaldun,stood,4
Khaldun,store,4
Khaldun,stray,4
Khaldun,stupidity,4
Khaldun,submits,4
Khaldun,submitted,4
Khaldun,subsist,4
Khaldun,successively,4
Khaldun,succumb,4
Khaldun,sudan,4
Khaldun,sudanese,4
Khaldun,sufyân,4
Khaldun,supports,4
Khaldun,suppose,4
Khaldun,surname,4
Khaldun,surpassed,4
Khaldun,surprise,4
Khaldun,surveying,4
Khaldun,swallowed,4
Khaldun,tempers,4
Khaldun,tend,4
Khaldun,terrestrial,4
Khaldun,testimony,4
Khaldun,thamûd,4
Khaldun,thinkers,4
Khaldun,thread,4
Khaldun,tied,4
Khaldun,tin,4
Khaldun,tongues,4
Khaldun,torn,4
Khaldun,train,4
Khaldun,trained,4
Khaldun,transfer,4
Khaldun,transmits,4
Khaldun,transmitting,4
Khaldun,travels,4
Khaldun,treatises,4
Khaldun,tripoli,4
Khaldun,trusts,4
Khaldun,turkomans,4
Khaldun,twelfth,4
Khaldun,tying,4
Khaldun,unaided,4
Khaldun,undergoes,4
Khaldun,understandable,4
Khaldun,undertaking,4
Khaldun,unfamiliar,4
Khaldun,uniform,4
Khaldun,unit,4
Khaldun,unreliability,4
Khaldun,untrue,4
Khaldun,unusual,4
Khaldun,useless,4
Khaldun,usual,4
Khaldun,vapour,4
Khaldun,vapours,4
Khaldun,verification,4
Khaldun,vessel,4
Khaldun,vested,4
Khaldun,virtuous,4
Khaldun,vital,4
Khaldun,waiting,4
Khaldun,waqqâṣ,4
Khaldun,warm,4
Khaldun,weaken,4
Khaldun,weavers,4
Khaldun,weigh,4
Khaldun,winds,4
Khaldun,withstand,4
Khaldun,wording,4
Khaldun,writer,4
Khaldun,wrongdoing,4
Khaldun,yield,4
Khaldun,yields,4
Khaldun,yoke,4
Khaldun,ḥafṣid,4
Khaldun,ḥafṣids,4
Khaldun,ṣâḥib,4
Somerville,aberdeen,4
Somerville,accelerate,4
Somerville,accomplishment,4
Somerville,acids,4
Somerville,acoustics,4
Somerville,adhere,4
Somerville,advantage,4
Somerville,afternoon,4
Somerville,agencies,4
Somerville,agitation,4
Somerville,alexandria,4
Somerville,algol,4
Somerville,allowance,4
Somerville,almanac,4
Somerville,alpine,4
Somerville,alternations,4
Somerville,amalgamated,4
Somerville,animated,4
Somerville,antinous,4
Somerville,appreciable,4
Somerville,archipelago,4
Somerville,armature,4
Somerville,arriving,4
Somerville,ascend,4
Somerville,assign,4
Somerville,authority,4
Somerville,avoid,4
Somerville,axial,4
Somerville,baron,4
Somerville,barrow,4
Somerville,beautifully,4
Somerville,belief,4
Somerville,believed,4
Somerville,blackening,4
Somerville,blood,4
Somerville,blows,4
Somerville,bluish,4
Somerville,boards,4
Somerville,bode,4
Somerville,boundaries,4
Somerville,boundary,4
Somerville,brass,4
Somerville,breaking,4
Somerville,breathed,4
Somerville,bring,4
Somerville,bromide,4
Somerville,bulges,4
Somerville,burst,4
Somerville,calcium,4
Somerville,call,4
Somerville,capricorn,4
Somerville,cavities,4
Somerville,channel,4
Somerville,channels,4
Somerville,check,4
Somerville,chloride,4
Somerville,christ,4
Somerville,chromate,4
Somerville,chromatype,4
Somerville,circuits,4
Somerville,circularly,4
Somerville,circulating,4
Somerville,circumferences,4
Somerville,clairaut,4
Somerville,classification,4
Somerville,cleavages,4
Somerville,closely,4
Somerville,coincident,4
Somerville,collection,4
Somerville,compounds,4
Somerville,computers,4
Somerville,concentration,4
Somerville,conception,4
Somerville,concord,4
Somerville,conduct,4
Somerville,confirm,4
Somerville,confirming,4
Somerville,confirms,4
Somerville,conjectures,4
Somerville,connect,4
Somerville,considerations,4
Somerville,consisted,4
Somerville,conspire,4
Somerville,consumption,4
Somerville,contents,4
Somerville,converting,4
Somerville,cooler,4
Somerville,corkscrew,4
Somerville,corpuscular,4
Somerville,counted,4
Somerville,counter,4
Somerville,creating,4
Somerville,crowding,4
Somerville,crystallise,4
Somerville,daguerre,4
Somerville,damages,4
Somerville,danger,4
Somerville,daniell,4
Somerville,dart,4
Somerville,decidedly,4
Somerville,declinations,4
Somerville,deepest,4
Somerville,densest,4
Somerville,department,4
Somerville,departments,4
Somerville,descended,4
Somerville,describing,4
Somerville,deserted,4
Somerville,design,4
Somerville,destructive,4
Somerville,developing,4
Somerville,dielectric,4
Somerville,difficulties,4
Somerville,diluted,4
Somerville,discrepancy,4
Somerville,discs,4
Somerville,displaying,4
Somerville,dissipated,4
Somerville,distilled,4
Somerville,distinguish,4
Somerville,district,4
Somerville,draw,4
Somerville,draws,4
Somerville,drifting,4
Somerville,eastward,4
Somerville,editions,4
Somerville,edward,4
Somerville,eighteen,4
Somerville,elementary,4
Somerville,elevations,4
Somerville,emitting,4
Somerville,enabled,4
Somerville,enclosed,4
Somerville,endowed,4
Somerville,enlightened,4
Somerville,ensuring,4
Somerville,enumerated,4
Somerville,equidistant,4
Somerville,escapes,4
Somerville,esq,4
Somerville,establishing,4
Somerville,estimates,4
Somerville,etna,4
Somerville,events,4
Somerville,evolving,4
Somerville,excursions,4
Somerville,exempt,4
Somerville,expect,4
Somerville,experiences,4
Somerville,explain,4
Somerville,faculty,4
Somerville,fail,4
Somerville,fast,4
Somerville,fastened,4
Somerville,faster,4
Somerville,father,4
Somerville,fees,4
Somerville,fiftieth,4
Somerville,fill,4
Somerville,filling,4
Somerville,fit,4
Somerville,fix,4
Somerville,floras,4
Somerville,fluor,4
Somerville,flying,4
Somerville,forcibly,4
Somerville,forest,4
Somerville,format,4
Somerville,forte,4
Somerville,fragment,4
Somerville,frog,4
Somerville,fused,4
Somerville,gay,4
Somerville,generating,4
Somerville,generations,4
Somerville,genius,4
Somerville,george,4
Somerville,goodricke,4
Somerville,gradations,4
Somerville,graham,4
Somerville,grains,4
Somerville,granted,4
Somerville,greek,4
Somerville,gulfs,4
Somerville,hair,4
Somerville,hammer,4
Somerville,hare,4
Somerville,harp,4
Somerville,hastings,4
Somerville,hear,4
Somerville,heaths,4
Somerville,heavier,4
Somerville,heliacal,4
Somerville,helmholtz,4
Somerville,hevelius,4
Somerville,holder,4
Somerville,home,4
Somerville,homogeneity,4
Somerville,hyperbola,4
Somerville,hypotheses,4
Somerville,identified,4
Somerville,igneous,4
Somerville,imparting,4
Somerville,impinge,4
Somerville,impossibility,4
Somerville,improvements,4
Somerville,inappreciable,4
Somerville,inaudible,4
Somerville,includes,4
Somerville,inconvenience,4
Somerville,inhabited,4
Somerville,injury,4
Somerville,insufficient,4
Somerville,intercepts,4
Somerville,interferences,4
Somerville,intimately,4
Somerville,iodine,4
Somerville,ireland,4
Somerville,irregularly,4
Somerville,issued,4
Somerville,java,4
Somerville,jovial,4
Somerville,justly,4
Somerville,kasan,4
Somerville,keeping,4
Somerville,kindred,4
Somerville,knife,4
Somerville,lakes,4
Somerville,laroche,4
Somerville,lat,4
Somerville,leading,4
Somerville,leads,4
Somerville,learn,4
Somerville,lenticular,4
Somerville,leo,4
Somerville,letters,4
Somerville,libra,4
Somerville,librations,4
Somerville,lichen,4
Somerville,lie,4
Somerville,lighter,4
Somerville,lights,4
Somerville,links,4
Somerville,list,4
Somerville,losses,4
Somerville,love,4
Somerville,luminaries,4
Somerville,lussac,4
Somerville,lyra,4
Somerville,machinery,4
Somerville,machines,4
Somerville,madler,4
Somerville,majoris,4
Somerville,marking,4
Somerville,mary,4
Somerville,meadows,4
Somerville,medal,4
Somerville,melville,4
Somerville,mensuration,4
Somerville,midway,4
Somerville,mild,4
Somerville,millionth,4
Somerville,mirage,4
Somerville,missing,4
Somerville,modification,4
Somerville,modify,4
Somerville,motive,4
Somerville,naturally,4
Somerville,nay,4
Somerville,nearness,4
Somerville,newfoundland,4
Somerville,nineteen,4
Somerville,ninth,4
Somerville,nubecula,4
Somerville,objections,4
Somerville,obscurity,4
Somerville,obstacle,4
Somerville,obstructed,4
Somerville,obstruction,4
Somerville,occurs,4
Somerville,official,4
Somerville,olbers,4
Somerville,openings,4
Somerville,ophiuchi,4
Somerville,ophiuchus,4
Somerville,organised,4
Somerville,outer,4
Somerville,owner,4
Somerville,oxides,4
Somerville,parallelism,4
Somerville,parry,4
Somerville,passages,4
Somerville,peculiarities,4
Somerville,penetrates,4
Somerville,pervades,4
Somerville,phosphate,4
Somerville,phosphoric,4
Somerville,photo,4
Somerville,photographs,4
Somerville,photosphere,4
Somerville,phrase,4
Somerville,pisces,4
Somerville,plant,4
Somerville,platina,4
Somerville,poisson,4
Somerville,polarize,4
Somerville,posted,4
Somerville,precede,4
Somerville,precipitated,4
Somerville,preparation,4
Somerville,preserved,4
Somerville,probabilities,4
Somerville,products,4
Somerville,progressively,4
Somerville,prospective,4
Somerville,protection,4
Somerville,providing,4
Somerville,public,4
Somerville,pulsations,4
Somerville,pump,4
Somerville,purity,4
Somerville,purposes,4
Somerville,pursuit,4
Somerville,quadratures,4
Somerville,quadrupeds,4
Somerville,quickly,4
Somerville,race,4
Somerville,rankin,4
Somerville,ready,4
Somerville,reappears,4
Somerville,recognised,4
Somerville,reduces,4
Somerville,reference,4
Somerville,registered,4
Somerville,reign,4
Somerville,reinforced,4
Somerville,remainder,4
Somerville,requirements,4
Somerville,resolve,4
Somerville,restoration,4
Somerville,restoring,4
Somerville,rests,4
Somerville,retaining,4
Somerville,retarding,4
Somerville,richness,4
Somerville,ross,4
Somerville,rotates,4
Somerville,rough,4
Somerville,sabine,4
Somerville,sacks,4
Somerville,sagittarius,4
Somerville,sahara,4
Somerville,saussure,4
Somerville,savary,4
Somerville,scheele,4
Somerville,scott,4
Somerville,seaweeds,4
Somerville,sectors,4
Somerville,seed,4
Somerville,segment,4
Somerville,selected,4
Somerville,sensibility,4
Somerville,severity,4
Somerville,sharply,4
Somerville,shines,4
Somerville,shocks,4
Somerville,shone,4
Somerville,shore,4
Somerville,showers,4
Somerville,siberia,4
Somerville,sight,4
Somerville,signore,4
Somerville,simplicity,4
Somerville,simply,4
Somerville,slab,4
Somerville,smallness,4
Somerville,somerville,4
Somerville,spain,4
Somerville,specifically,4
Somerville,spider,4
Somerville,spoken,4
Somerville,spontaneous,4
Somerville,station,4
Somerville,status,4
Somerville,steps,4
Somerville,stokes,4
Somerville,stood,4
Somerville,stopping,4
Somerville,straits,4
Somerville,strictly,4
Somerville,striped,4
Somerville,subdivision,4
Somerville,sublime,4
Somerville,submitted,4
Somerville,sulphur,4
Somerville,summers,4
Somerville,surprised,4
Somerville,surround,4
Somerville,suspect,4
Somerville,sustained,4
Somerville,synodic,4
Somerville,syrup,4
Somerville,tartary,4
Somerville,teeth,4
Somerville,telegraphic,4
Somerville,tending,4
Somerville,tenths,4
Somerville,term,4
Somerville,theoretically,4
Somerville,thicker,4
Somerville,torpedo,4
Somerville,torricellian,4
Somerville,touches,4
Somerville,tour,4
Somerville,tracing,4
Somerville,transition,4
Somerville,transmissive,4
Somerville,travelling,4
Somerville,travels,4
Somerville,unable,4
Somerville,unaccountable,4
Somerville,uncertainty,4
Somerville,unchanged,4
Somerville,uncompensated,4
Somerville,unconnected,4
Somerville,unconscious,4
Somerville,understood,4
Somerville,unfavourable,4
Somerville,unlimited,4
Somerville,unparalleled,4
Somerville,ursæ,4
Somerville,verge,4
Somerville,victor,4
Somerville,visual,4
Somerville,vortex,4
Somerville,wafer,4
Somerville,website,4
Somerville,wedgwood,4
Somerville,week,4
Somerville,weigh,4
Somerville,wider,4
Somerville,wisdom,4
Goethe,abandoned,3
Goethe,abridged,3
Goethe,absurd,3
Goethe,abuse,3
Goethe,accepted,3
Goethe,acceso,3
Goethe,accompaniments,3
Goethe,accumulation,3
Goethe,accuracy,3
Goethe,acknowledges,3
Goethe,adding,3
Goethe,additions,3
Goethe,addresses,3
Goethe,admixture,3
Goethe,adoption,3
Goethe,advantageous,3
Goethe,affords,3
Goethe,agent,3
Goethe,ages,3
Goethe,aiming,3
Goethe,allusions,3
Goethe,amateur,3
Goethe,amusing,3
Goethe,angled,3
Goethe,answer,3
Goethe,anticipated,3
Goethe,antiquity,3
Goethe,antonello,3
Goethe,antonius,3
Goethe,anxious,3
Goethe,apelles,3
Goethe,apology,3
Goethe,apply,3
Goethe,approximate,3
Goethe,approximates,3
Goethe,aqua,3
Goethe,arisen,3
Goethe,arising,3
Goethe,arm,3
Goethe,arrange,3
Goethe,artificially,3
Goethe,ascent,3
Goethe,assist,3
Goethe,assisting,3
Goethe,association,3
Goethe,atoms,3
Goethe,atramentis,3
Goethe,atramentum,3
Goethe,attach,3
Goethe,attributes,3
Goethe,augmented,3
Goethe,autumn,3
Goethe,aversion,3
Goethe,backwards,3
Goethe,balls,3
Goethe,baly,3
Goethe,banished,3
Goethe,bartolommeo,3
Goethe,begins,3
Goethe,belief,3
Goethe,bent,3
Goethe,blades,3
Goethe,bleaching,3
Goethe,blu,3
Goethe,boast,3
Goethe,bologna,3
Goethe,bound,3
Goethe,breast,3
Goethe,breathed,3
Goethe,burnt,3
Goethe,calcareous,3
Goethe,canvas,3
Goethe,carries,3
Goethe,castle,3
Goethe,catalogue,3
Goethe,cataract,3
Goethe,centuries,3
Goethe,characterised,3
Goethe,charged,3
Goethe,cheeks,3
Goethe,chemist,3
Goethe,chemistry,3
Goethe,chemists,3
Goethe,chocolate,3
Goethe,cinnabar,3
Goethe,claim,3
Goethe,cleaned,3
Goethe,coal,3
Goethe,col,3
Goethe,color,3
Goethe,coming,3
Goethe,command,3
Goethe,committed,3
Goethe,comparisons,3
Goethe,complying,3
Goethe,concerned,3
Goethe,concise,3
Goethe,concoction,3
Goethe,conduct,3
Goethe,confess,3
Goethe,confirm,3
Goethe,confusedly,3
Goethe,confusion,3
Goethe,conjecture,3
Goethe,consistency,3
Goethe,consistent,3
Goethe,construct,3
Goethe,consult,3
Goethe,continue,3
Goethe,contracted,3
Goethe,contracting,3
Goethe,contrariwise,3
Goethe,controversial,3
Goethe,convenience,3
Goethe,converted,3
Goethe,conveyed,3
Goethe,conveying,3
Goethe,corner,3
Goethe,cramoisi,3
Goethe,created,3
Goethe,creature,3
Goethe,credit,3
Goethe,criterion,3
Goethe,cup,3
Goethe,darkening,3
Goethe,dating,3
Goethe,decision,3
Goethe,dedicated,3
Goethe,deepen,3
Goethe,deeper,3
Goethe,definition,3
Goethe,demand,3
Goethe,demonstration,3
Goethe,der,3
Goethe,derivation,3
Goethe,derivative,3
Goethe,designation,3
Goethe,develop,3
Goethe,developing,3
Goethe,deviates,3
Goethe,devote,3
Goethe,dialogo,3
Goethe,differing,3
Goethe,differs,3
Goethe,diffuse,3
Goethe,diminution,3
Goethe,dimmed,3
Goethe,disappeared,3
Goethe,disclaimer,3
Goethe,displace,3
Goethe,disposition,3
Goethe,dissimilar,3
Goethe,distinctions,3
Goethe,distinguishable,3
Goethe,divide,3
Goethe,doctrines,3
Goethe,doni,3
Goethe,draperies,3
Goethe,drapery,3
Goethe,dualism,3
Goethe,durability,3
Goethe,dust,3
Goethe,dutch,3
Goethe,dwell,3
Goethe,dye,3
Goethe,earliest,3
Goethe,earnestness,3
Goethe,eastlake,3
Goethe,effaced,3
Goethe,encircled,3
Goethe,endeavour,3
Goethe,endeavouring,3
Goethe,endeavours,3
Goethe,endless,3
Goethe,enduring,3
Goethe,enlarged,3
Goethe,enriched,3
Goethe,ensures,3
Goethe,entity,3
Goethe,enumeration,3
Goethe,equipment,3
Goethe,errors,3
Goethe,escape,3
Goethe,essays,3
Goethe,essentially,3
Goethe,eternal,3
Goethe,evanescence,3
Goethe,evoked,3
Goethe,exaggeration,3
Goethe,examines,3
Goethe,excellence,3
Goethe,exception,3
Goethe,exempt,3
Goethe,exhausted,3
Goethe,exhibitions,3
Goethe,expansive,3
Goethe,expenses,3
Goethe,experimentalist,3
Goethe,explanations,3
Goethe,exterior,3
Goethe,extracting,3
Goethe,fabio,3
Goethe,facilitate,3
Goethe,faded,3
Goethe,fashion,3
Goethe,fasten,3
Goethe,features,3
Goethe,feelings,3
Goethe,film,3
Goethe,films,3
Goethe,final,3
Goethe,finally,3
Goethe,finding,3
Goethe,fitly,3
Goethe,fixes,3
Goethe,fixing,3
Goethe,flies,3
Goethe,floating,3
Goethe,followers,3
Goethe,foreign,3
Goethe,forget,3
Goethe,forgetting,3
Goethe,forgotten,3
Goethe,fortis,3
Goethe,forty,3
Goethe,forward,3
Goethe,founded,3
Goethe,francesco,3
Goethe,fresh,3
Goethe,friends,3
Goethe,fruit,3
Goethe,gems,3
Goethe,gently,3
Goethe,genuine,3
Goethe,geometry,3
Goethe,gespräche,3
Goethe,globe,3
Goethe,gondolas,3
Goethe,grass,3
Goethe,grateful,3
Goethe,grinding,3
Goethe,growing,3
Goethe,habits,3
Goethe,hasty,3
Goethe,hear,3
Goethe,hearing,3
Goethe,height,3
Goethe,henceforth,3
Goethe,heretofore,3
Goethe,herschell,3
Goethe,hint,3
Goethe,honour,3
Goethe,hoped,3
Goethe,horizon,3
Goethe,hour,3
Goethe,hours,3
Goethe,identical,3
Goethe,impasted,3
Goethe,incidental,3
Goethe,inclination,3
Goethe,include,3
Goethe,includes,3
Goethe,independently,3
Goethe,index,3
Goethe,inferior,3
Goethe,ingredient,3
Goethe,ink,3
Goethe,inside,3
Goethe,insight,3
Goethe,insième,3
Goethe,insufficient,3
Goethe,invention,3
Goethe,invites,3
Goethe,joy,3
Goethe,judiciously,3
Goethe,key,3
Goethe,lake,3
Goethe,largest,3
Goethe,lay,3
Goethe,layers,3
Goethe,learnt,3
Goethe,liability,3
Goethe,lib,3
Goethe,limitation,3
Goethe,links,3
Goethe,lit,3
Goethe,lock,3
Goethe,loses,3
Goethe,love,3
Goethe,lumi,3
Goethe,lux,3
Goethe,mantles,3
Goethe,massicot,3
Goethe,master,3
Goethe,matters,3
Goethe,mellow,3
Goethe,melted,3
Goethe,memorie,3
Goethe,merimée,3
Goethe,merit,3
Goethe,messina,3
Goethe,mid,3
Goethe,milanese,3
Goethe,milky,3
Goethe,mingled,3
Goethe,minor,3
Goethe,misunderstood,3
Goethe,mit,3
Goethe,model,3
Goethe,momentary,3
Goethe,mordants,3
Goethe,motion,3
Goethe,mutual,3
Goethe,naples,3
Goethe,nel,3
Goethe,nella,3
Goethe,neutralising,3
Goethe,niccolo,3
Goethe,noble,3
Goethe,nostra,3
Goethe,objected,3
Goethe,obliquely,3
Goethe,obtaining,3
Goethe,occupation,3
Goethe,ochre,3
Goethe,official,3
Goethe,oftener,3
Goethe,oglio,3
Goethe,ogni,3
Goethe,oiled,3
Goethe,ombre,3
Goethe,omit,3
Goethe,opere,3
Goethe,opponents,3
Goethe,optical,3
Goethe,orb,3
Goethe,organs,3
Goethe,overcome,3
Goethe,overlooked,3
Goethe,pages,3
Goethe,pain,3
Goethe,palma,3
Goethe,panel,3
Goethe,partake,3
Goethe,partially,3
Goethe,party,3
Goethe,paying,3
Goethe,payments,3
Goethe,pearl,3
Goethe,peculiarly,3
Goethe,perceiving,3
Goethe,perceptibly,3
Goethe,perform,3
Goethe,performing,3
Goethe,periods,3
Goethe,perpendicularly,3
Goethe,perplexity,3
Goethe,persuade,3
Goethe,pervading,3
Goethe,phosphorus,3
Goethe,picturesque,3
Goethe,picturæ,3
Goethe,pino,3
Goethe,plaster,3
Goethe,platinum,3
Goethe,pliny,3
Goethe,plush,3
Goethe,polish,3
Goethe,polygon,3
Goethe,possessed,3
Goethe,pouring,3
Goethe,preceding,3
Goethe,precept,3
Goethe,preparatory,3
Goethe,preservation,3
Goethe,pretensions,3
Goethe,prevalent,3
Goethe,previous,3
Goethe,primitive,3
Goethe,printed,3
Goethe,prominent,3
Goethe,promoting,3
Goethe,pronounce,3
Goethe,properly,3
Goethe,proposes,3
Goethe,prosecuting,3
Goethe,prosecution,3
Goethe,proves,3
Goethe,proximity,3
Goethe,prussian,3
Goethe,purely,3
Goethe,pushed,3
Goethe,pushing,3
Goethe,qualified,3
Goethe,quarter,3
Goethe,quasi,3
Goethe,quel,3
Goethe,quick,3
Goethe,quicksilver,3
Goethe,quiet,3
Goethe,quit,3
Goethe,rapidity,3
Goethe,ravenna,3
Goethe,reduce,3
Goethe,references,3
Goethe,reflexes,3
Goethe,refrain,3
Goethe,refrangible,3
Goethe,relating,3
Goethe,religion,3
Goethe,remind,3
Goethe,reminded,3
Goethe,removing,3
Goethe,repass,3
Goethe,repeating,3
Goethe,representative,3
Goethe,represents,3
Goethe,repulsion,3
Goethe,request,3
Goethe,requisite,3
Goethe,resemblance,3
Goethe,retain,3
Goethe,retiring,3
Goethe,returned,3
Goethe,revolution,3
Goethe,revolve,3
Goethe,ridolfi,3
Goethe,roof,3
Goethe,roots,3
Goethe,rough,3
Goethe,royalties,3
Goethe,royalty,3
Goethe,ruler,3
Goethe,rules,3
Goethe,sake,3
Goethe,satisfaction,3
Goethe,satisfy,3
Goethe,saucer,3
Goethe,saucers,3
Goethe,scarmiglione,3
Goethe,scherfer,3
Goethe,scumbling,3
Goethe,secco,3
Goethe,sections,3
Goethe,seebeck,3
Goethe,select,3
Goethe,selection,3
Goethe,sensili,3
Goethe,sensu,3
Goethe,senza,3
Goethe,serene,3
Goethe,service,3
Goethe,seventeenth,3
Goethe,severe,3
Goethe,shadowy,3
Goethe,sharply,3
Goethe,sheet,3
Goethe,sign,3
Goethe,silent,3
Goethe,simultaneous,3
Goethe,simultaneously,3
Goethe,sixth,3
Goethe,sizes,3
Goethe,skilful,3
Goethe,slide,3
Goethe,sole,3
Goethe,solely,3
Goethe,solutions,3
Goethe,sopra,3
Goethe,sound,3
Goethe,species,3
Goethe,split,3
Goethe,spring,3
Goethe,start,3
Goethe,statue,3
Goethe,stems,3
Goethe,strike,3
Goethe,studied,3
Goethe,stuffs,3
Goethe,subduing,3
Goethe,subjectively,3
Goethe,subjoin,3
Goethe,submitted,3
Goethe,substituted,3
Goethe,substituting,3
Goethe,succeeding,3
Goethe,suggest,3
Goethe,superior,3
Goethe,surprise,3
Goethe,surprised,3
Goethe,survey,3
Goethe,tendencies,3
Goethe,theil,3
Goethe,theories,3
Goethe,theorise,3
Goethe,thickened,3
Goethe,thinly,3
Goethe,thinner,3
Goethe,thinness,3
Goethe,thread,3
Goethe,tinges,3
Goethe,transitions,3
Goethe,trementina,3
Goethe,trials,3
Goethe,triangle,3
Goethe,trouble,3
Goethe,una,3
Goethe,undergoes,3
Goethe,understands,3
Goethe,unfavourable,3
Goethe,unites,3
Goethe,unity,3
Goethe,universal,3
Goethe,universe,3
Goethe,unmoved,3
Goethe,unprejudiced,3
Goethe,untouched,3
Goethe,user,3
Goethe,vain,3
Goethe,vanished,3
Goethe,varnishing,3
Goethe,varying,3
Goethe,vase,3
Goethe,vegetables,3
Goethe,vel,3
Goethe,veri,3
Goethe,vertically,3
Goethe,viewed,3
Goethe,violent,3
Goethe,vital,3
Goethe,vividly,3
Goethe,volpato,3
Goethe,walls,3
Goethe,warrant,3
Goethe,warranties,3
Goethe,washing,3
Goethe,wax,3
Goethe,weight,3
Goethe,whitest,3
Goethe,wide,3
Goethe,william,3
Goethe,wise,3
Goethe,wished,3
Goethe,wishes,3
Goethe,witness,3
Goethe,wondered,3
Goethe,wood,3
Goethe,wrought,3
Goethe,xxxvii,3
Humboldt,accompanies,3
Humboldt,accompany,3
Humboldt,accordant,3
Humboldt,accounted,3
Humboldt,aconcagua,3
Humboldt,acosta,3
Humboldt,acquires,3
Humboldt,acuteness,3
Humboldt,adeo,3
Humboldt,admiration,3
Humboldt,admits,3
Humboldt,admixtures,3
Humboldt,adolphe,3
Humboldt,advert,3
Humboldt,aelian,3
Humboldt,aeriform,3
Humboldt,affirm,3
Humboldt,aided,3
Humboldt,akademie,3
Humboldt,alia,3
Humboldt,allude,3
Humboldt,alternations,3
Humboldt,altitudinem,3
Humboldt,ample,3
Humboldt,amygdaloid,3
Humboldt,anatomical,3
Humboldt,anatomie,3
Humboldt,announced,3
Humboldt,annular,3
Humboldt,antediluvian,3
Humboldt,anterior,3
Humboldt,anticipated,3
Humboldt,antisana,3
Humboldt,apennines,3
Humboldt,apollonia,3
Humboldt,appeal,3
Humboldt,appended,3
Humboldt,apper,3
Humboldt,applications,3
Humboldt,aquas,3
Humboldt,arabian,3
Humboldt,archaeology,3
Humboldt,ardor,3
Humboldt,areal,3
Humboldt,arica,3
Humboldt,aristarchus,3
Humboldt,arose,3
Humboldt,ascended,3
Humboldt,ascertain,3
Humboldt,ascribes,3
Humboldt,asiat,3
Humboldt,asserted,3
Humboldt,assistance,3
Humboldt,assured,3
Humboldt,ast,3
Humboldt,asteroid,3
Humboldt,astonishing,3
Humboldt,astronomiques,3
Humboldt,atoms,3
Humboldt,atque,3
Humboldt,attach,3
Humboldt,attaining,3
Humboldt,attest,3
Humboldt,attributes,3
Humboldt,augmenting,3
Humboldt,augustine,3
Humboldt,auroras,3
Humboldt,aurore,3
Humboldt,awakening,3
Humboldt,awakens,3
Humboldt,awful,3
Humboldt,baikal,3
Humboldt,baku,3
Humboldt,banana,3
Humboldt,barnaul,3
Humboldt,baron,3
Humboldt,barren,3
Humboldt,basalts,3
Humboldt,bases,3
Humboldt,beacon,3
Humboldt,beer,3
Humboldt,belonged,3
Humboldt,belt,3
Humboldt,bengal,3
Humboldt,bernardin,3
Humboldt,berton,3
Humboldt,bestowed,3
Humboldt,bibliotheque,3
Humboldt,bilin,3
Humboldt,binds,3
Humboldt,blossoms,3
Humboldt,blue,3
Humboldt,blumenbach,3
Humboldt,boast,3
Humboldt,bockh,3
Humboldt,bonpland,3
Humboldt,bopp,3
Humboldt,bordering,3
Humboldt,boring,3
Humboldt,bouguer,3
Humboldt,bounds,3
Humboldt,bramidos,3
Humboldt,branched,3
Humboldt,brazilian,3
Humboldt,bremen,3
Humboldt,brighter,3
Humboldt,bringing,3
Humboldt,bruno,3
Humboldt,brush,3
Humboldt,buffon,3
Humboldt,bunter,3
Humboldt,bursting,3
Humboldt,böckh,3
Humboldt,cadentes,3
Humboldt,cadere,3
Humboldt,calculus,3
Humboldt,calcutta,3
Humboldt,caldron,3
Humboldt,calendar,3
Humboldt,callao,3
Humboldt,calms,3
Humboldt,calorem,3
Humboldt,capocci,3
Humboldt,caraccas,3
Humboldt,caribbean,3
Humboldt,caripe,3
Humboldt,carry,3
Humboldt,carthage,3
Humboldt,cataracts,3
Humboldt,causa,3
Humboldt,cave,3
Humboldt,cenis,3
Humboldt,cent,3
Humboldt,centers,3
Humboldt,cessation,3
Humboldt,channel,3
Humboldt,characterizes,3
Humboldt,charleston,3
Humboldt,charming,3
Humboldt,chart,3
Humboldt,chasm,3
Humboldt,cherbourg,3
Humboldt,chief,3
Humboldt,childhood,3
Humboldt,china,3
Humboldt,christ,3
Humboldt,christian,3
Humboldt,chronology,3
Humboldt,chthonisothermal,3
Humboldt,church,3
Humboldt,churches,3
Humboldt,circulation,3
Humboldt,cirro,3
Humboldt,cited,3
Humboldt,claim,3
Humboldt,clothed,3
Humboldt,coeli,3
Humboldt,coexistence,3
Humboldt,coincidence,3
Humboldt,coincident,3
Humboldt,coldness,3
Humboldt,colebrooke,3
Humboldt,collections,3
Humboldt,colonist,3
Humboldt,comae,3
Humboldt,combines,3
Humboldt,combining,3
Humboldt,cometary,3
Humboldt,cometes,3
Humboldt,comfort,3
Humboldt,command,3
Humboldt,comment,3
Humboldt,commercial,3
Humboldt,communicate,3
Humboldt,compensated,3
Humboldt,complying,3
Humboldt,comprehension,3
Humboldt,computation,3
Humboldt,concentrated,3
Humboldt,concerned,3
Humboldt,conclusive,3
Humboldt,concussion,3
Humboldt,conducive,3
Humboldt,confirmation,3
Humboldt,conglomerated,3
Humboldt,conjunction,3
Humboldt,consecutively,3
Humboldt,consisted,3
Humboldt,constellations,3
Humboldt,constituted,3
Humboldt,consumed,3
Humboldt,contemplate,3
Humboldt,contemporaries,3
Humboldt,contracted,3
Humboldt,convex,3
Humboldt,convexity,3
Humboldt,conveying,3
Humboldt,copernicanæ,3
Humboldt,copious,3
Humboldt,coraboeuf,3
Humboldt,cordilleres,3
Humboldt,corn,3
Humboldt,corona,3
Humboldt,counteracting,3
Humboldt,creations,3
Humboldt,credatur,3
Humboldt,crocodile,3
Humboldt,crocodiles,3
Humboldt,crowned,3
Humboldt,cumulus,3
Humboldt,curvatures,3
Humboldt,cutch,3
Humboldt,dalton,3
Humboldt,dangers,3
Humboldt,dante,3
Humboldt,dated,3
Humboldt,dates,3
Humboldt,daussy,3
Humboldt,dazzling,3
Humboldt,daïmachos,3
Humboldt,decided,3
Humboldt,decidedly,3
Humboldt,defect,3
Humboldt,defective,3
Humboldt,deficient,3
Humboldt,delineated,3
Humboldt,delineations,3
Humboldt,delusive,3
Humboldt,demarkation,3
Humboldt,denies,3
Humboldt,denison,3
Humboldt,derivative,3
Humboldt,descendants,3
Humboldt,descends,3
Humboldt,deserts,3
Humboldt,designates,3
Humboldt,designed,3
Humboldt,desirable,3
Humboldt,devastation,3
Humboldt,deviate,3
Humboldt,deviations,3
Humboldt,dialogus,3
Humboldt,diatomaceae,3
Humboldt,dicaearchus,3
Humboldt,diffrent,3
Humboldt,directive,3
Humboldt,disappearance,3
Humboldt,discern,3
Humboldt,discernible,3
Humboldt,discharge,3
Humboldt,disclaimer,3
Humboldt,displacement,3
Humboldt,disregard,3
Humboldt,disregarded,3
Humboldt,divide,3
Humboldt,divides,3
Humboldt,documents,3
Humboldt,don,3
Humboldt,doubly,3
Humboldt,dreadful,3
Humboldt,dream,3
Humboldt,drift,3
Humboldt,drying,3
Humboldt,duc,3
Humboldt,duke,3
Humboldt,dureau,3
Humboldt,ecclesiæ,3
Humboldt,economie,3
Humboldt,edifice,3
Humboldt,edited,3
Humboldt,effusions,3
Humboldt,eifel,3
Humboldt,eject,3
Humboldt,elasticity,3
Humboldt,elba,3
Humboldt,electrical,3
Humboldt,elegant,3
Humboldt,elucidated,3
Humboldt,emanated,3
Humboldt,embracing,3
Humboldt,eminently,3
Humboldt,emit,3
Humboldt,emmanuel,3
Humboldt,encircled,3
Humboldt,encyclopedia,3
Humboldt,encyclopedic,3
Humboldt,endeavors,3
Humboldt,endlicher,3
Humboldt,energetic,3
Humboldt,engendering,3
Humboldt,entity,3
Humboldt,enumerated,3
Humboldt,epicharmus,3
Humboldt,epit,3
Humboldt,epitome,3
Humboldt,equality,3
Humboldt,equinox,3
Humboldt,equivalent,3
Humboldt,erde,3
Humboldt,erdkorpers,3
Humboldt,erdkunde,3
Humboldt,erection,3
Humboldt,esq,3
Humboldt,esteemed,3
Humboldt,ethnographical,3
Humboldt,evidently,3
Humboldt,evils,3
Humboldt,evoke,3
Humboldt,evolved,3
Humboldt,examining,3
Humboldt,excess,3
Humboldt,excitement,3
Humboldt,exclude,3
Humboldt,exhibitions,3
Humboldt,exogenous,3
Humboldt,exp,3
Humboldt,expect,3
Humboldt,expeditions,3
Humboldt,experiences,3
Humboldt,experiencing,3
Humboldt,externally,3
Humboldt,fahr,3
Humboldt,fahrenheit,3
Humboldt,faith,3
Humboldt,famous,3
Humboldt,fan,3
Humboldt,fanciful,3
Humboldt,farquharson,3
Humboldt,feathery,3
Humboldt,fed,3
Humboldt,feeble,3
Humboldt,fern,3
Humboldt,fibers,3
Humboldt,fiedler,3
Humboldt,fifteenth,3
Humboldt,figures,3
Humboldt,filaments,3
Humboldt,final,3
Humboldt,fissured,3
Humboldt,fix,3
Humboldt,flakes,3
Humboldt,fleecy,3
Humboldt,fleurieu,3
Humboldt,flexibility,3
Humboldt,flickering,3
Humboldt,flumen,3
Humboldt,fogs,3
Humboldt,forgotten,3
Humboldt,foster,3
Humboldt,founded,3
Humboldt,fountains,3
Humboldt,fraction,3
Humboldt,fruitful,3
Humboldt,fuego,3
Humboldt,fuel,3
Humboldt,fuisse,3
Humboldt,furnace,3
Humboldt,fury,3
Humboldt,gard,3
Humboldt,generalities,3
Humboldt,generate,3
Humboldt,generated,3
Humboldt,generations,3
Humboldt,gently,3
Humboldt,genuine,3
Humboldt,geodesical,3
Humboldt,geodetic,3
Humboldt,geometrical,3
Humboldt,germanic,3
Humboldt,germans,3
Humboldt,geyser,3
Humboldt,gieseke,3
Humboldt,gifted,3
Humboldt,girdle,3
Humboldt,globular,3
Humboldt,glorious,3
Humboldt,gothe,3
Humboldt,governed,3
Humboldt,government,3
Humboldt,grace,3
Humboldt,granules,3
Humboldt,graphic,3
Humboldt,grasp,3
Humboldt,gravel,3
Humboldt,greenstones,3
Humboldt,griechenland,3
Humboldt,grounded,3
Humboldt,guiding,3
Humboldt,haec,3
Humboldt,hall,3
Humboldt,hansteen,3
Humboldt,happily,3
Humboldt,hardened,3
Humboldt,harmless,3
Humboldt,harmonious,3
Humboldt,heart,3
Humboldt,heaving,3
Humboldt,heeren,3
Humboldt,hegel,3
Humboldt,helena,3
Humboldt,henfrey,3
Humboldt,hercules,3
Humboldt,herod,3
Humboldt,herodotus,3
Humboldt,hippalos,3
Humboldt,hodgson,3
Humboldt,hold,3
Humboldt,homeric,3
Humboldt,hood,3
Humboldt,hooker,3
Humboldt,hostile,3
Humboldt,house,3
Humboldt,howard,3
Humboldt,hurled,3
Humboldt,hygrometer,3
Humboldt,ichthyosauri,3
Humboldt,identify,3
Humboldt,ignis,3
Humboldt,ignition,3
Humboldt,ignorance,3
Humboldt,iles,3
Humboldt,illis,3
Humboldt,illumination,3
Humboldt,immobility,3
Humboldt,improved,3
Humboldt,inch,3
Humboldt,inclose,3
Humboldt,incontrovertible,3
Humboldt,inde,3
Humboldt,indias,3
Humboldt,indication,3
Humboldt,indigenous,3
Humboldt,individuality,3
Humboldt,induce,3
Humboldt,inhabitant,3
Humboldt,initial,3
Humboldt,inquiring,3
Humboldt,insects,3
Humboldt,instanced,3
Humboldt,instructive,3
Humboldt,intelligence,3
Humboldt,interference,3
Humboldt,intermission,3
Humboldt,interpreted,3
Humboldt,interspersed,3
Humboldt,intervened,3
Humboldt,intervening,3
Humboldt,interwoven,3
Humboldt,introduced,3
Humboldt,intuitive,3
Humboldt,invention,3
Humboldt,inverted,3
Humboldt,isogeothermal,3
Humboldt,isolation,3
Humboldt,itaque,3
Humboldt,joseph,3
Humboldt,kasan,3
Humboldt,kawi,3
Humboldt,kindred,3
Humboldt,klaproth,3
Humboldt,kolivan,3
Humboldt,krusenstern,3
Humboldt,kuopho,3
Humboldt,kupffer,3
Humboldt,ladak,3
Humboldt,lagullas,3
Humboldt,lalande,3
Humboldt,lamont,3
Humboldt,lapse,3
Humboldt,lassen,3
Humboldt,latent,3
Humboldt,laugier,3
Humboldt,laurel,3
Humboldt,learns,3
Humboldt,leaved,3
Humboldt,lengthened,3
Humboldt,lepidodendra,3
Humboldt,liability,3
Humboldt,liable,3
Humboldt,liege,3
Humboldt,lieu,3
Humboldt,lignes,3
Humboldt,lii,3
Humboldt,lion,3
Humboldt,liquids,3
Humboldt,literally,3
Humboldt,literature,3
Humboldt,liverworts,3
Humboldt,lives,3
Humboldt,llanos,3
Humboldt,localities,3
Humboldt,loftiest,3
Humboldt,looked,3
Humboldt,luster,3
Humboldt,lxxv,3
Humboldt,madrid,3
Humboldt,mag,3
Humboldt,magazine,3
Humboldt,magis,3
Humboldt,magistrates,3
Humboldt,mahlmann,3
Humboldt,malayan,3
Humboldt,malle,3
Humboldt,mantle,3
Humboldt,marginal,3
Humboldt,marking,3
Humboldt,marseilles,3
Humboldt,marshes,3
Humboldt,martin,3
Humboldt,martyr,3
Humboldt,mary,3
Humboldt,mastodons,3
Humboldt,math,3
Humboldt,mathem,3
Humboldt,mayer,3
Humboldt,meeting,3
Humboldt,memnon,3
Humboldt,mentions,3
Humboldt,mer,3
Humboldt,meridians,3
Humboldt,metal,3
Humboldt,metalliferous,3
Humboldt,metamorphosed,3
Humboldt,methana,3
Humboldt,meyen,3
Humboldt,microscope,3
Humboldt,mid,3
Humboldt,migration,3
Humboldt,migrations,3
Humboldt,milder,3
Humboldt,mildness,3
Humboldt,minden,3
Humboldt,miner,3
Humboldt,mitchell,3
Humboldt,moderate,3
Humboldt,money,3
Humboldt,monocotyledons,3
Humboldt,montagnes,3
Humboldt,montium,3
Humboldt,monumens,3
Humboldt,monument,3
Humboldt,morgan,3
Humboldt,morphology,3
Humboldt,mother,3
Humboldt,motus,3
Humboldt,moya,3
Humboldt,moyens,3
Humboldt,multiplied,3
Humboldt,multitude,3
Humboldt,myrtle,3
Humboldt,mythology,3
Humboldt,naiades,3
Humboldt,narni,3
Humboldt,nation,3
Humboldt,naturwissenschaft,3
Humboldt,needles,3
Humboldt,negro,3
Humboldt,negroes,3
Humboldt,neokaimeni,3
Humboldt,nepaul,3
Humboldt,neutral,3
Humboldt,nicholl,3
Humboldt,nineteen,3
Humboldt,nitrogenous,3
Humboldt,nobis,3
Humboldt,noblest,3
Humboldt,northwestern,3
Humboldt,nouv,3
Humboldt,noxious,3
Humboldt,nubecula,3
Humboldt,obedience,3
Humboldt,oby,3
Humboldt,occasioning,3
Humboldt,occasions,3
Humboldt,occulation,3
Humboldt,occurrences,3
Humboldt,oceanicis,3
Humboldt,oersted,3
Humboldt,olympus,3
Humboldt,omni,3
Humboldt,omnibus,3
Humboldt,oolite,3
Humboldt,opal,3
Humboldt,operation,3
Humboldt,orange,3
Humboldt,orbigny,3
Humboldt,ornament,3
Humboldt,ossemens,3
Humboldt,osseous,3
Humboldt,ostrich,3
Humboldt,overcast,3
Humboldt,overcome,3
Humboldt,overflowed,3
Humboldt,ovid,3
Humboldt,owes,3
Humboldt,oxydized,3
Humboldt,padua,3
Humboldt,painting,3
Humboldt,palaeontology,3
Humboldt,palermo,3
Humboldt,palmer,3
Humboldt,pantellaria,3
Humboldt,paragraphs,3
Humboldt,paros,3
Humboldt,pars,3
Humboldt,parte,3
Humboldt,pasto,3
Humboldt,paul,3
Humboldt,pausanias,3
Humboldt,paying,3
Humboldt,payments,3
Humboldt,peaks,3
Humboldt,peculiarity,3
Humboldt,peloponnesus,3
Humboldt,pelvis,3
Humboldt,perfection,3
Humboldt,perfectionner,3
Humboldt,performing,3
Humboldt,perihelia,3
Humboldt,permanency,3
Humboldt,permanently,3
Humboldt,perseus,3
Humboldt,philosophie,3
Humboldt,physikal,3
Humboldt,physiology,3
Humboldt,piece,3
Humboldt,pignerol,3
Humboldt,playfair,3
Humboldt,poetry,3
Humboldt,polariscope,3
Humboldt,politique,3
Humboldt,polygastria,3
Humboldt,pores,3
Humboldt,porous,3
Humboldt,porto,3
Humboldt,posidonius,3
Humboldt,pragensis,3
Humboldt,praise,3
Humboldt,predominate,3
Humboldt,print,3
Humboldt,proceeded,3
Humboldt,proclaim,3
Humboldt,proclaimed,3
Humboldt,prodigious,3
Humboldt,prolongation,3
Humboldt,prometheus,3
Humboldt,promoting,3
Humboldt,prompted,3
Humboldt,pronounced,3
Humboldt,proposal,3
Humboldt,propres,3
Humboldt,prosecuted,3
Humboldt,protracted,3
Humboldt,prussia,3
Humboldt,psychrometer,3
Humboldt,pulverized,3
Humboldt,pursuit,3
Humboldt,pyrites,3
Humboldt,pyroxenic,3
Humboldt,qua,3
Humboldt,qualitative,3
Humboldt,quibus,3
Humboldt,quiet,3
Humboldt,quum,3
Humboldt,radiant,3
Humboldt,rarefied,3
Humboldt,ravines,3
Humboldt,reappear,3
Humboldt,rebus,3
Humboldt,receives,3
Humboldt,rech,3
Humboldt,reciprocally,3
Humboldt,recognizing,3
Humboldt,recourse,3
Humboldt,redness,3
Humboldt,reefs,3
Humboldt,referable,3
Humboldt,references,3
Humboldt,regis,3
Humboldt,regulating,3
Humboldt,reigns,3
Humboldt,related,3
Humboldt,relates,3
Humboldt,relics,3
Humboldt,relief,3
Humboldt,remembered,3
Humboldt,remusat,3
Humboldt,replace,3
Humboldt,replaced,3
Humboldt,request,3
Humboldt,requirement,3
Humboldt,resemble,3
Humboldt,reserved,3
Humboldt,resisting,3
Humboldt,resting,3
Humboldt,restricted,3
Humboldt,restrictions,3
Humboldt,retardation,3
Humboldt,retrogressive,3
Humboldt,reveal,3
Humboldt,riches,3
Humboldt,richest,3
Humboldt,ripeness,3
Humboldt,rive,3
Humboldt,rockets,3
Humboldt,rod,3
Humboldt,rossel,3
Humboldt,rothmann,3
Humboldt,rows,3
Humboldt,roy,3
Humboldt,royalties,3
Humboldt,royalty,3
Humboldt,ruins,3
Humboldt,russegger,3
Humboldt,russian,3
Humboldt,saccharoidal,3
Humboldt,samos,3
Humboldt,sargasso,3
Humboldt,satire,3
Humboldt,scan,3
Humboldt,scene,3
Humboldt,schan,3
Humboldt,schelling,3
Humboldt,schists,3
Humboldt,schleiden,3
Humboldt,scotland,3
Humboldt,seances,3
Humboldt,secret,3
Humboldt,seed,3
Humboldt,seeds,3
Humboldt,seeking,3
Humboldt,seismometer,3
Humboldt,send,3
Humboldt,sensations,3
Humboldt,separates,3
Humboldt,serene,3
Humboldt,service,3
Humboldt,seventeen,3
Humboldt,severe,3
Humboldt,severer,3
Humboldt,severity,3
Humboldt,sewalik,3
Humboldt,shafts,3
Humboldt,shaking,3
Humboldt,shallow,3
Humboldt,share,3
Humboldt,shed,3
Humboldt,ship,3
Humboldt,shot,3
Humboldt,sicilian,3
Humboldt,signified,3
Humboldt,silicic,3
Humboldt,siljerstrom,3
Humboldt,simul,3
Humboldt,sine,3
Humboldt,skies,3
Humboldt,skillful,3
Humboldt,slender,3
Humboldt,slightest,3
Humboldt,societe,3
Humboldt,soda,3
Humboldt,sodium,3
Humboldt,solinus,3
Humboldt,solo,3
Humboldt,soul,3
Humboldt,sounds,3
Humboldt,sous,3
Humboldt,sparkling,3
Humboldt,specimen,3
Humboldt,spectator,3
Humboldt,speculation,3
Humboldt,spermatozoa,3
Humboldt,spiritual,3
Humboldt,sprache,3
Humboldt,springing,3
Humboldt,stagirite,3
Humboldt,standard,3
Humboldt,started,3
Humboldt,station,3
Humboldt,steady,3
Humboldt,stellæ,3
Humboldt,step,3
Humboldt,steppe,3
Humboldt,steps,3
Humboldt,strike,3
Humboldt,strive,3
Humboldt,strongest,3
Humboldt,strongyle,3
Humboldt,stupendous,3
Humboldt,style,3
Humboldt,subjective,3
Humboldt,subjoin,3
Humboldt,sublime,3
Humboldt,substratum,3
Humboldt,subterranea,3
Humboldt,succeeds,3
Humboldt,succifer,3
Humboldt,suffice,3
Humboldt,suggested,3
Humboldt,suited,3
Humboldt,summers,3
Humboldt,super,3
Humboldt,supposes,3
Humboldt,swiss,3
Humboldt,swords,3
Humboldt,symond,3
Humboldt,systematic,3
Humboldt,systeme,3
Humboldt,tab,3
Humboldt,tablet,3
Humboldt,tabular,3
Humboldt,tacitus,3
Humboldt,taimura,3
Humboldt,tall,3
Humboldt,tam,3
Humboldt,telescope,3
Humboldt,temporary,3
Humboldt,temps,3
Humboldt,tems,3
Humboldt,tended,3
Humboldt,tendencies,3
Humboldt,terminating,3
Humboldt,territory,3
Humboldt,textures,3
Humboldt,theodectes,3
Humboldt,theophrastus,3
Humboldt,therasia,3
Humboldt,thermometers,3
Humboldt,thianschan,3
Humboldt,thickly,3
Humboldt,thine,3
Humboldt,thousandth,3
Humboldt,threads,3
Humboldt,threatened,3
Humboldt,throwing,3
Humboldt,tierra,3
Humboldt,tobias,3
Humboldt,todtliegende,3
Humboldt,tongue,3
Humboldt,torn,3
Humboldt,torrents,3
Humboldt,tortoise,3
Humboldt,tournefort,3
Humboldt,traité,3
Humboldt,tralles,3
Humboldt,transforming,3
Humboldt,transitions,3
Humboldt,transmit,3
Humboldt,transverse,3
Humboldt,tread,3
Humboldt,treatises,3
Humboldt,trilobites,3
Humboldt,triple,3
Humboldt,tropic,3
Humboldt,tropiques,3
Humboldt,truths,3
Humboldt,tufa,3
Humboldt,tum,3
Humboldt,tunguragua,3
Humboldt,turbid,3
Humboldt,turks,3
Humboldt,tuscany,3
Humboldt,ukert,3
Humboldt,unattended,3
Humboldt,uncertain,3
Humboldt,uncertainty,3
Humboldt,undergone,3
Humboldt,undertake,3
Humboldt,unexpected,3
Humboldt,unfolding,3
Humboldt,unfortunate,3
Humboldt,unger,3
Humboldt,unite,3
Humboldt,unnecessary,3
Humboldt,unphilosophical,3
Humboldt,unstratified,3
Humboldt,unusually,3
Humboldt,upheavals,3
Humboldt,urged,3
Humboldt,user,3
Humboldt,usque,3
Humboldt,utility,3
Humboldt,variability,3
Humboldt,variable,3
Humboldt,vascular,3
Humboldt,vaulted,3
Humboldt,vega,3
Humboldt,venas,3
Humboldt,venezuela,3
Humboldt,ventos,3
Humboldt,vents,3
Humboldt,verd,3
Humboldt,vertebrata,3
Humboldt,vessels,3
Humboldt,vibrating,3
Humboldt,victor,3
Humboldt,victoria,3
Humboldt,vigne,3
Humboldt,vineyards,3
Humboldt,violence,3
Humboldt,vis,3
Humboldt,visa,3
Humboldt,vividly,3
Humboldt,voltaic,3
Humboldt,vues,3
Humboldt,vulgaris,3
Humboldt,warmest,3
Humboldt,warming,3
Humboldt,warranties,3
Humboldt,wartmann,3
Humboldt,waving,3
Humboldt,weakened,3
Humboldt,weary,3
Humboldt,web,3
Humboldt,webster,3
Humboldt,weeds,3
Humboldt,westerly,3
Humboldt,wet,3
Humboldt,width,3
Humboldt,willingly,3
Humboldt,windrose,3
Humboldt,wines,3
Humboldt,wissenschaftliche,3
Humboldt,witness,3
Humboldt,witnesses,3
Humboldt,worlds,3
Humboldt,worship,3
Humboldt,xlviii,3
Humboldt,xxiii,3
Humboldt,xxv,3
Humboldt,xxvi,3
Humboldt,xxxviii,3
Humboldt,yields,3
Humboldt,zinc,3
Humboldt,zoology,3
Humboldt,ægos,3
Khaldun,absence,3
Khaldun,abstracts,3
Khaldun,abyss,3
Khaldun,accessible,3
Khaldun,accident,3
Khaldun,accord,3
Khaldun,accounts,3
Khaldun,accurate,3
Khaldun,acquaint,3
Khaldun,acted,3
Khaldun,acting,3
Khaldun,adds,3
Khaldun,adherence,3
Khaldun,admits,3
Khaldun,admitting,3
Khaldun,adopting,3
Khaldun,advised,3
Khaldun,afflicts,3
Khaldun,affords,3
Khaldun,african,3
Khaldun,aims,3
Khaldun,algiers,3
Khaldun,alid,3
Khaldun,alids,3
Khaldun,allegory,3
Khaldun,allusion,3
Khaldun,allâh,3
Khaldun,almoravids,3
Khaldun,altered,3
Khaldun,amassing,3
Khaldun,anew,3
Khaldun,animality,3
Khaldun,antichrist,3
Khaldun,antiquity,3
Khaldun,apodeictica,3
Khaldun,apparel,3
Khaldun,apperceptions,3
Khaldun,appointing,3
Khaldun,appointments,3
Khaldun,approximate,3
Khaldun,arabism,3
Khaldun,arabî,3
Khaldun,architectural,3
Khaldun,arrows,3
Khaldun,arteries,3
Khaldun,ascertained,3
Khaldun,ascertains,3
Khaldun,ascetics,3
Khaldun,ashghâl,3
Khaldun,aspired,3
Khaldun,aspires,3
Khaldun,assiduously,3
Khaldun,attachment,3
Khaldun,attended,3
Khaldun,attest,3
Khaldun,attests,3
Khaldun,attributed,3
Khaldun,audacious,3
Khaldun,audible,3
Khaldun,average,3
Khaldun,averroes,3
Khaldun,averse,3
Khaldun,averted,3
Khaldun,awareness,3
Khaldun,babel,3
Khaldun,bags,3
Khaldun,bah,3
Khaldun,balanced,3
Khaldun,banners,3
Khaldun,banquets,3
Khaldun,battlefields,3
Khaldun,bayân,3
Khaldun,bear,3
Khaldun,beasts,3
Khaldun,beautiful,3
Khaldun,befall,3
Khaldun,befalls,3
Khaldun,beggar,3
Khaldun,behave,3
Khaldun,bellies,3
Khaldun,belt,3
Khaldun,beset,3
Khaldun,bid,3
Khaldun,biographies,3
Khaldun,bishop,3
Khaldun,blemish,3
Khaldun,blessing,3
Khaldun,blessings,3
Khaldun,blowing,3
Khaldun,boil,3
Khaldun,boils,3
Khaldun,bold,3
Khaldun,borne,3
Khaldun,bougie,3
Khaldun,bound,3
Khaldun,bounties,3
Khaldun,box,3
Khaldun,breeding,3
Khaldun,bridge,3
Khaldun,buffaloes,3
Khaldun,burden,3
Khaldun,canaan,3
Khaldun,canaanites,3
Khaldun,capitalists,3
Khaldun,capricorn,3
Khaldun,captured,3
Khaldun,carpenters,3
Khaldun,carried,3
Khaldun,causality,3
Khaldun,caverns,3
Khaldun,cavities,3
Khaldun,celebrated,3
Khaldun,cellars,3
Khaldun,chains,3
Khaldun,chairs,3
Khaldun,charity,3
Khaldun,cheap,3
Khaldun,cheat,3
Khaldun,cheating,3
Khaldun,chieftains,3
Khaldun,choking,3
Khaldun,chooses,3
Khaldun,choosing,3
Khaldun,chyme,3
Khaldun,circles,3
Khaldun,circumscribed,3
Khaldun,circumstantial,3
Khaldun,classification,3
Khaldun,clever,3
Khaldun,coined,3
Khaldun,collapsed,3
Khaldun,combines,3
Khaldun,commentary,3
Khaldun,commented,3
Khaldun,commission,3
Khaldun,communicated,3
Khaldun,compatriots,3
Khaldun,compelling,3
Khaldun,compose,3
Khaldun,comprise,3
Khaldun,concentrates,3
Khaldun,concupiscence,3
Khaldun,confirmation,3
Khaldun,conforming,3
Khaldun,confuses,3
Khaldun,congenial,3
Khaldun,conjecturing,3
Khaldun,connecting,3
Khaldun,consciousness,3
Khaldun,conspire,3
Khaldun,constantine,3
Khaldun,consult,3
Khaldun,consulted,3
Khaldun,contempt,3
Khaldun,continuity,3
Khaldun,contracts,3
Khaldun,contradicted,3
Khaldun,contrive,3
Khaldun,controversial,3
Khaldun,conveying,3
Khaldun,cook,3
Khaldun,cooking,3
Khaldun,cooperation,3
Khaldun,correcting,3
Khaldun,corrupting,3
Khaldun,cost,3
Khaldun,coveted,3
Khaldun,craftsmanship,3
Khaldun,crete,3
Khaldun,crime,3
Khaldun,criticized,3
Khaldun,cross,3
Khaldun,crowded,3
Khaldun,cryptic,3
Khaldun,ctesiphon,3
Khaldun,cubits,3
Khaldun,cure,3
Khaldun,currency,3
Khaldun,curriculum,3
Khaldun,cuts,3
Khaldun,córdoba,3
Khaldun,dance,3
Khaldun,deception,3
Khaldun,decided,3
Khaldun,decision,3
Khaldun,decree,3
Khaldun,deductions,3
Khaldun,deductive,3
Khaldun,deference,3
Khaldun,deity,3
Khaldun,delay,3
Khaldun,deluded,3
Khaldun,delve,3
Khaldun,demolished,3
Khaldun,dependants,3
Khaldun,dependence,3
Khaldun,deposits,3
Khaldun,descend,3
Khaldun,descends,3
Khaldun,describe,3
Khaldun,designed,3
Khaldun,designs,3
Khaldun,desirous,3
Khaldun,despised,3
Khaldun,detailed,3
Khaldun,deviation,3
Khaldun,devils,3
Khaldun,devote,3
Khaldun,dieting,3
Khaldun,differentiated,3
Khaldun,digested,3
Khaldun,digestion,3
Khaldun,dignity,3
Khaldun,dimensions,3
Khaldun,diminishes,3
Khaldun,directing,3
Khaldun,discarded,3
Khaldun,discontinuous,3
Khaldun,disdain,3
Khaldun,disintegrates,3
Khaldun,dislike,3
Khaldun,displayed,3
Khaldun,disputant,3
Khaldun,disputation,3
Khaldun,disputations,3
Khaldun,distances,3
Khaldun,distinctions,3
Khaldun,distinguishable,3
Khaldun,distorted,3
Khaldun,distributes,3
Khaldun,disturbing,3
Khaldun,diversified,3
Khaldun,diversity,3
Khaldun,divination,3
Khaldun,divinely,3
Khaldun,divisions,3
Khaldun,dogma,3
Khaldun,dogmas,3
Khaldun,domain,3
Khaldun,doors,3
Khaldun,drank,3
Khaldun,draws,3
Khaldun,drew,3
Khaldun,driven,3
Khaldun,drought,3
Khaldun,drums,3
Khaldun,dung,3
Khaldun,dwindling,3
Khaldun,dâr,3
Khaldun,dîn,3
Khaldun,earliest,3
Khaldun,easiest,3
Khaldun,eastward,3
Khaldun,eats,3
Khaldun,educate,3
Khaldun,educational,3
Khaldun,effectiveness,3
Khaldun,effigies,3
Khaldun,eggs,3
Khaldun,elegance,3
Khaldun,elegant,3
Khaldun,elementary,3
Khaldun,eliminate,3
Khaldun,eliminates,3
Khaldun,employment,3
Khaldun,encouraged,3
Khaldun,encouragement,3
Khaldun,engravings,3
Khaldun,enjoined,3
Khaldun,entail,3
Khaldun,epistles,3
Khaldun,equivalent,3
Khaldun,esteem,3
Khaldun,evils,3
Khaldun,exaggerate,3
Khaldun,exaggerated,3
Khaldun,exalted,3
Khaldun,examine,3
Khaldun,exceedingly,3
Khaldun,exchanged,3
Khaldun,excursions,3
Khaldun,executing,3
Khaldun,exercising,3
Khaldun,exert,3
Khaldun,exertions,3
Khaldun,exhaustively,3
Khaldun,exile,3
Khaldun,extremities,3
Khaldun,facilitate,3
Khaldun,factual,3
Khaldun,fallen,3
Khaldun,falsehoods,3
Khaldun,fanciful,3
Khaldun,farm,3
Khaldun,farming,3
Khaldun,fashion,3
Khaldun,fashioned,3
Khaldun,fate,3
Khaldun,fears,3
Khaldun,fed,3
Khaldun,fetched,3
Khaldun,feverous,3
Khaldun,fewer,3
Khaldun,fifteen,3
Khaldun,fines,3
Khaldun,firewood,3
Khaldun,fitting,3
Khaldun,fled,3
Khaldun,flee,3
Khaldun,flowers,3
Khaldun,fond,3
Khaldun,forcefulness,3
Khaldun,forcing,3
Khaldun,forgery,3
Khaldun,forgets,3
Khaldun,formulas,3
Khaldun,fortresses,3
Khaldun,fourteenth,3
Khaldun,fresh,3
Khaldun,friday,3
Khaldun,furnish,3
Khaldun,futile,3
Khaldun,fârs,3
Khaldun,gate,3
Khaldun,genealogy,3
Khaldun,generates,3
Khaldun,gently,3
Khaldun,ghazzâli,3
Khaldun,ghumârah,3
Khaldun,ghâyah,3
Khaldun,gifted,3
Khaldun,glad,3
Khaldun,glimpses,3
Khaldun,glued,3
Khaldun,goats,3
Khaldun,gothic,3
Khaldun,grandfather,3
Khaldun,granted,3
Khaldun,gratuitous,3
Khaldun,greatness,3
Khaldun,grief,3
Khaldun,guardians,3
Khaldun,guarding,3
Khaldun,guards,3
Khaldun,handshake,3
Khaldun,hasmoneans,3
Khaldun,heads,3
Khaldun,herod,3
Khaldun,hesitation,3
Khaldun,hiding,3
Khaldun,historian,3
Khaldun,hit,3
Khaldun,hoarded,3
Khaldun,hoarding,3
Khaldun,holder,3
Khaldun,holdings,3
Khaldun,homosexuality,3
Khaldun,honey,3
Khaldun,horse,3
Khaldun,hostilities,3
Khaldun,humour,3
Khaldun,humours,3
Khaldun,hundreds,3
Khaldun,hung,3
Khaldun,hunt,3
Khaldun,hârûn,3
Khaldun,hâshimites,3
Khaldun,ibrâhîm,3
Khaldun,ill,3
Khaldun,illegal,3
Khaldun,illusion,3
Khaldun,imagine,3
Khaldun,imagines,3
Khaldun,imams,3
Khaldun,immediately,3
Khaldun,impetus,3
Khaldun,implicit,3
Khaldun,impose,3
Khaldun,imposition,3
Khaldun,impress,3
Khaldun,incarnation,3
Khaldun,incentives,3
Khaldun,incidence,3
Khaldun,incompatible,3
Khaldun,incomplete,3
Khaldun,indigestion,3
Khaldun,indirect,3
Khaldun,indirectly,3
Khaldun,individually,3
Khaldun,inexpressible,3
Khaldun,infatuation,3
Khaldun,influx,3
Khaldun,inherit,3
Khaldun,insignia,3
Khaldun,insignificant,3
Khaldun,insincerity,3
Khaldun,inspector,3
Khaldun,intact,3
Khaldun,intellectually,3
Khaldun,intend,3
Khaldun,intensive,3
Khaldun,interruption,3
Khaldun,intervals,3
Khaldun,intervene,3
Khaldun,intuition,3
Khaldun,invalid,3
Khaldun,investigates,3
Khaldun,involve,3
Khaldun,inân,3
Khaldun,irâqs,3
Khaldun,isaac,3
Khaldun,ishah,3
Khaldun,island,3
Khaldun,isolation,3
Khaldun,issues,3
Khaldun,items,3
Khaldun,jarîd,3
Khaldun,jazîrah,3
Khaldun,jealous,3
Khaldun,john,3
Khaldun,joshua,3
Khaldun,jutting,3
Khaldun,kayyanid,3
Khaldun,khalaf,3
Khaldun,khazars,3
Khaldun,khaṭṭâb,3
Khaldun,khuwârizm,3
Khaldun,khârijites,3
Khaldun,kurds,3
Khaldun,lasting,3
Khaldun,lawful,3
Khaldun,legally,3
Khaldun,lesser,3
Khaldun,liaison,3
Khaldun,liberality,3
Khaldun,lifetime,3
Khaldun,lift,3
Khaldun,likes,3
Khaldun,limited,3
Khaldun,linen,3
Khaldun,lion,3
Khaldun,listen,3
Khaldun,listener,3
Khaldun,literally,3
Khaldun,locusts,3
Khaldun,lofty,3
Khaldun,magistrates,3
Khaldun,mahdîyah,3
Khaldun,mainspring,3
Khaldun,male,3
Khaldun,manager,3
Khaldun,manhood,3
Khaldun,manufacture,3
Khaldun,map,3
Khaldun,mechanics,3
Khaldun,medical,3
Khaldun,menelaus,3
Khaldun,merinids,3
Khaldun,messiah,3
Khaldun,metaphoric,3
Khaldun,metaphorical,3
Khaldun,metaphysical,3
Khaldun,metaphysicians,3
Khaldun,metrical,3
Khaldun,midst,3
Khaldun,midway,3
Khaldun,mingle,3
Khaldun,mingled,3
Khaldun,minimum,3
Khaldun,missions,3
Khaldun,mixture,3
Khaldun,mob,3
Khaldun,motivated,3
Khaldun,murder,3
Khaldun,mutawakkil,3
Khaldun,mystic,3
Khaldun,mysticism,3
Khaldun,nabataean,3
Khaldun,najâh,3
Khaldun,narrowed,3
Khaldun,narrower,3
Khaldun,naṣr,3
Khaldun,needy,3
Khaldun,negro,3
Khaldun,nonsense,3
Khaldun,notes,3
Khaldun,noteworthy,3
Khaldun,notices,3
Khaldun,noting,3
Khaldun,notion,3
Khaldun,nutritive,3
Khaldun,nâṣir,3
Khaldun,obeyed,3
Khaldun,obsequious,3
Khaldun,observable,3
Khaldun,observers,3
Khaldun,obtuse,3
Khaldun,officer,3
Khaldun,oman,3
Khaldun,oppose,3
Khaldun,oppressed,3
Khaldun,orally,3
Khaldun,orange,3
Khaldun,origins,3
Khaldun,ornamentation,3
Khaldun,orphan,3
Khaldun,orthography,3
Khaldun,outright,3
Khaldun,outsiders,3
Khaldun,overbearing,3
Khaldun,overrun,3
Khaldun,overseer,3
Khaldun,pages,3
Khaldun,pains,3
Khaldun,palm,3
Khaldun,papers,3
Khaldun,parallels,3
Khaldun,parentage,3
Khaldun,partisanship,3
Khaldun,partly,3
Khaldun,party,3
Khaldun,pasturage,3
Khaldun,pasture,3
Khaldun,patient,3
Khaldun,pattern,3
Khaldun,peaceful,3
Khaldun,peak,3
Khaldun,pearls,3
Khaldun,pebbles,3
Khaldun,penetrate,3
Khaldun,penetrated,3
Khaldun,penetrating,3
Khaldun,perfecting,3
Khaldun,perfectly,3
Khaldun,performance,3
Khaldun,performed,3
Khaldun,perishes,3
Khaldun,persecution,3
Khaldun,pestilence,3
Khaldun,petitions,3
Khaldun,phenomenon,3
Khaldun,phrases,3
Khaldun,plane,3
Khaldun,planted,3
Khaldun,planting,3
Khaldun,play,3
Khaldun,poetic,3
Khaldun,poetics,3
Khaldun,populations,3
Khaldun,populous,3
Khaldun,possessing,3
Khaldun,posterior,3
Khaldun,pours,3
Khaldun,practising,3
Khaldun,precautions,3
Khaldun,precedes,3
Khaldun,precession,3
Khaldun,preponderant,3
Khaldun,preserving,3
Khaldun,pressing,3
Khaldun,priest,3
Khaldun,prince,3
Khaldun,prisoners,3
Khaldun,privilege,3
Khaldun,producers,3
Khaldun,progeny,3
Khaldun,prohibited,3
Khaldun,prohibitions,3
Khaldun,prolonged,3
Khaldun,prominent,3
Khaldun,promise,3
Khaldun,prosody,3
Khaldun,proved,3
Khaldun,proverb,3
Khaldun,providing,3
Khaldun,proving,3
Khaldun,punish,3
Khaldun,punished,3
Khaldun,pursuit,3
Khaldun,putting,3
Khaldun,quantity,3
Khaldun,quest,3
Khaldun,quiddities,3
Khaldun,quotation,3
Khaldun,qâsim,3
Khaldun,rain,3
Khaldun,raise,3
Khaldun,ranked,3
Khaldun,rarest,3
Khaldun,rat,3
Khaldun,reader,3
Khaldun,realization,3
Khaldun,reared,3
Khaldun,receptivity,3
Khaldun,recite,3
Khaldun,recited,3
Khaldun,records,3
Khaldun,recover,3
Khaldun,referring,3
Khaldun,reforms,3
Khaldun,rejection,3
Khaldun,relief,3
Khaldun,remember,3
Khaldun,repetitions,3
Khaldun,resist,3
Khaldun,resources,3
Khaldun,respected,3
Khaldun,restrictions,3
Khaldun,restricts,3
Khaldun,resume,3
Khaldun,resumed,3
Khaldun,retirement,3
Khaldun,reveal,3
Khaldun,reveals,3
Khaldun,revenge,3
Khaldun,reverted,3
Khaldun,rhythmic,3
Khaldun,riches,3
Khaldun,rising,3
Khaldun,rival,3
Khaldun,round,3
Khaldun,rout,3
Khaldun,routes,3
Khaldun,routs,3
Khaldun,rugged,3
Khaldun,running,3
Khaldun,sacrifices,3
Khaldun,safeguard,3
Khaldun,saljûq,3
Khaldun,sardinia,3
Khaldun,satisfaction,3
Khaldun,saturated,3
Khaldun,scope,3
Khaldun,scriptures,3
Khaldun,seasons,3
Khaldun,seceders,3
Khaldun,securing,3
Khaldun,seed,3
Khaldun,seeds,3
Khaldun,seizes,3
Khaldun,seizing,3
Khaldun,sensationalism,3
Khaldun,sermon,3
Khaldun,serving,3
Khaldun,sessions,3
Khaldun,setting,3
Khaldun,settlement,3
Khaldun,settling,3
Khaldun,sewn,3
Khaldun,sharp,3
Khaldun,sharpness,3
Khaldun,shortage,3
Khaldun,shortcoming,3
Khaldun,shortest,3
Khaldun,shrubs,3
Khaldun,sick,3
Khaldun,siege,3
Khaldun,sight,3
Khaldun,similarity,3
Khaldun,simpler,3
Khaldun,sin,3
Khaldun,sincerely,3
Khaldun,sing,3
Khaldun,sins,3
Khaldun,sister,3
Khaldun,sixteen,3
Khaldun,slaughter,3
Khaldun,slavery,3
Khaldun,slightest,3
Khaldun,slip,3
Khaldun,slips,3
Khaldun,smell,3
Khaldun,softened,3
Khaldun,softness,3
Khaldun,sold,3
Khaldun,solids,3
Khaldun,solution,3
Khaldun,specifically,3
Khaldun,speculate,3
Khaldun,speedily,3
Khaldun,spiritualities,3
Khaldun,spoiled,3
Khaldun,stabbed,3
Khaldun,stable,3
Khaldun,stamped,3
Khaldun,statue,3
Khaldun,stays,3
Khaldun,steadfastness,3
Khaldun,stimulates,3
Khaldun,stir,3
Khaldun,stirred,3
Khaldun,stock,3
Khaldun,storing,3
Khaldun,strengthens,3
Khaldun,string,3
Khaldun,stripped,3
Khaldun,stylistic,3
Khaldun,subdue,3
Khaldun,subsequently,3
Khaldun,suddenly,3
Khaldun,suffered,3
Khaldun,suffices,3
Khaldun,suggestion,3
Khaldun,summer,3
Khaldun,superfluity,3
Khaldun,supervise,3
Khaldun,supporting,3
Khaldun,surround,3
Khaldun,suspects,3
Khaldun,swarms,3
Khaldun,sweat,3
Khaldun,sweetness,3
Khaldun,symbols,3
Khaldun,symmetrical,3
Khaldun,syrians,3
Khaldun,sîbawayh,3
Khaldun,sûrahs,3
Khaldun,tactics,3
Khaldun,tailors,3
Khaldun,talion,3
Khaldun,talks,3
Khaldun,tazilah,3
Khaldun,tears,3
Khaldun,temple,3
Khaldun,test,3
Khaldun,testify,3
Khaldun,theories,3
Khaldun,thinker,3
Khaldun,thirty,3
Khaldun,thrones,3
Khaldun,throws,3
Khaldun,tibet,3
Khaldun,tidings,3
Khaldun,torts,3
Khaldun,touched,3
Khaldun,touching,3
Khaldun,tough,3
Khaldun,towers,3
Khaldun,transform,3
Khaldun,translation,3
Khaldun,translators,3
Khaldun,transparent,3
Khaldun,traversed,3
Khaldun,treasurer,3
Khaldun,treasuries,3
Khaldun,trenches,3
Khaldun,tribesmen,3
Khaldun,trick,3
Khaldun,tyrannical,3
Khaldun,ultimately,3
Khaldun,unaware,3
Khaldun,unchanged,3
Khaldun,uncle,3
Khaldun,undergone,3
Khaldun,underlying,3
Khaldun,undermines,3
Khaldun,undoing,3
Khaldun,unite,3
Khaldun,unjustified,3
Khaldun,unlimited,3
Khaldun,unlucky,3
Khaldun,unnecessary,3
Khaldun,unprepared,3
Khaldun,unsuccessful,3
Khaldun,upward,3
Khaldun,urged,3
Khaldun,ustâdh,3
Khaldun,uvula,3
Khaldun,values,3
Khaldun,vanishes,3
Khaldun,varying,3
Khaldun,veiled,3
Khaldun,veneration,3
Khaldun,venice,3
Khaldun,vices,3
Khaldun,vie,3
Khaldun,visual,3
Khaldun,volume,3
Khaldun,voluntary,3
Khaldun,vowels,3
Khaldun,wages,3
Khaldun,wax,3
Khaldun,weaker,3
Khaldun,wear,3
Khaldun,wearing,3
Khaldun,weighed,3
Khaldun,weights,3
Khaldun,welfare,3
Khaldun,wholesome,3
Khaldun,wicked,3
Khaldun,widened,3
Khaldun,widening,3
Khaldun,willingly,3
Khaldun,wind,3
Khaldun,withdrawn,3
Khaldun,withdraws,3
Khaldun,witnessed,3
Khaldun,wives,3
Khaldun,wooden,3
Khaldun,worn,3
Khaldun,worthlessness,3
Khaldun,wrapped,3
Khaldun,yamâmah,3
Khaldun,yesterday,3
Khaldun,youth,3
Khaldun,zajal,3
Khaldun,zanj,3
Khaldun,zeal,3
Khaldun,zebedee,3
Khaldun,âmir,3
Khaldun,ḥayyân,3
Khaldun,ḥâkim,3
Khaldun,ḥîrah,3
Khaldun,ṣâliḥ,3
Khaldun,ṭalḥah,3
Somerville,abound,3
Somerville,accession,3
Somerville,accidentally,3
Somerville,accordance,3
Somerville,accounting,3
Somerville,accounts,3
Somerville,acquiring,3
Somerville,acuteness,3
Somerville,adaptation,3
Somerville,adding,3
Somerville,adhesion,3
Somerville,adjustment,3
Somerville,admitted,3
Somerville,admitting,3
Somerville,affording,3
Somerville,african,3
Somerville,agrees,3
Somerville,alarm,3
Somerville,aleutian,3
Somerville,aliquot,3
Somerville,alkali,3
Somerville,alps,3
Somerville,alteration,3
Somerville,altering,3
Somerville,alternating,3
Somerville,amazons,3
Somerville,amorphous,3
Somerville,analysed,3
Somerville,analytically,3
Somerville,analyze,3
Somerville,anticipated,3
Somerville,anticipation,3
Somerville,antithetic,3
Somerville,apertures,3
Somerville,apex,3
Somerville,apogee,3
Somerville,argand,3
Somerville,arisen,3
Somerville,arithmetical,3
Somerville,arms,3
Somerville,arranges,3
Somerville,arseniate,3
Somerville,asiatic,3
Somerville,assured,3
Somerville,auditory,3
Somerville,augment,3
Somerville,australis,3
Somerville,autumnal,3
Somerville,awful,3
Somerville,babinet,3
Somerville,bacon,3
Somerville,balances,3
Somerville,baltic,3
Somerville,banks,3
Somerville,barometric,3
Somerville,based,3
Somerville,bases,3
Somerville,batteries,3
Somerville,beating,3
Somerville,beds,3
Somerville,bells,3
Somerville,berard,3
Somerville,beryl,3
Somerville,bias,3
Somerville,birt,3
Somerville,boiled,3
Somerville,boiler,3
Somerville,bologna,3
Somerville,bonn,3
Somerville,borate,3
Somerville,bordering,3
Somerville,borrowed,3
Somerville,botanical,3
Somerville,bowen,3
Somerville,box,3
Somerville,boötes,3
Somerville,breadths,3
Somerville,break,3
Somerville,broadest,3
Somerville,brorsen,3
Somerville,buildings,3
Somerville,bulge,3
Somerville,bulging,3
Somerville,burned,3
Somerville,bursting,3
Somerville,calcareous,3
Somerville,calculating,3
Somerville,calendar,3
Somerville,camera,3
Somerville,canaries,3
Somerville,cane,3
Somerville,canis,3
Somerville,canton,3
Somerville,caribbean,3
Somerville,castor,3
Somerville,casual,3
Somerville,catastrophe,3
Somerville,cayenne,3
Somerville,cell,3
Somerville,cendré,3
Somerville,centaur,3
Somerville,centigrade,3
Somerville,characteristic,3
Somerville,characteristics,3
Somerville,chiaroscuro,3
Somerville,chief,3
Somerville,chile,3
Somerville,chord,3
Somerville,chosen,3
Somerville,classed,3
Somerville,clean,3
Somerville,cliff,3
Somerville,coats,3
Somerville,coiled,3
Somerville,coin,3
Somerville,columns,3
Somerville,combustible,3
Somerville,commence,3
Somerville,communicate,3
Somerville,compelling,3
Somerville,compensates,3
Somerville,compensations,3
Somerville,completes,3
Somerville,complex,3
Somerville,complying,3
Somerville,comprised,3
Somerville,compute,3
Somerville,conceive,3
Somerville,concurs,3
Somerville,condense,3
Somerville,conformity,3
Somerville,confused,3
Somerville,conjecture,3
Somerville,conjectured,3
Somerville,connects,3
Somerville,conscious,3
Somerville,contemplation,3
Somerville,contemporaneous,3
Somerville,continental,3
Somerville,continuance,3
Somerville,continuing,3
Somerville,convenience,3
Somerville,conversation,3
Somerville,convert,3
Somerville,conviction,3
Somerville,convinced,3
Somerville,cools,3
Somerville,cooper,3
Somerville,core,3
Somerville,cornish,3
Somerville,correct,3
Somerville,cost,3
Somerville,counteract,3
Somerville,counteracted,3
Somerville,create,3
Somerville,creator,3
Somerville,creatures,3
Somerville,crest,3
Somerville,crimson,3
Somerville,crystallised,3
Somerville,crystallising,3
Somerville,cultivated,3
Somerville,cyanotype,3
Somerville,darkening,3
Somerville,darkest,3
Somerville,darts,3
Somerville,deccan,3
Somerville,decennial,3
Somerville,declivities,3
Somerville,decomposing,3
Somerville,deduction,3
Somerville,deeply,3
Somerville,defended,3
Somerville,deoxydating,3
Somerville,depended,3
Somerville,deposited,3
Somerville,deposits,3
Somerville,derivative,3
Somerville,detached,3
Somerville,dielectrics,3
Somerville,dilate,3
Somerville,dilated,3
Somerville,dilute,3
Somerville,dim,3
Somerville,dips,3
Somerville,disagreeable,3
Somerville,disclaimer,3
Somerville,discovering,3
Somerville,discussion,3
Somerville,displayed,3
Somerville,disproving,3
Somerville,distinguishing,3
Somerville,doradus,3
Somerville,dormant,3
Somerville,dorpat,3
Somerville,doubtless,3
Somerville,doubts,3
Somerville,dove,3
Somerville,draconis,3
Somerville,dried,3
Somerville,drop,3
Somerville,dumb,3
Somerville,dusejour,3
Somerville,egypt,3
Somerville,egyptians,3
Somerville,elective,3
Somerville,eliminated,3
Somerville,elongated,3
Somerville,emanates,3
Somerville,emanation,3
Somerville,embouchure,3
Somerville,emit,3
Somerville,empire,3
Somerville,employ,3
Somerville,employing,3
Somerville,encircling,3
Somerville,endless,3
Somerville,engravings,3
Somerville,enlarged,3
Somerville,enter,3
Somerville,entity,3
Somerville,entrance,3
Somerville,envelope,3
Somerville,enveloped,3
Somerville,epipolic,3
Somerville,equipment,3
Somerville,eridani,3
Somerville,erroneously,3
Somerville,establish,3
Somerville,eternal,3
Somerville,eudoxus,3
Somerville,exceeding,3
Somerville,exceedingly,3
Somerville,excite,3
Somerville,excites,3
Somerville,exclude,3
Somerville,excludes,3
Somerville,exercise,3
Somerville,exercised,3
Somerville,expanded,3
Somerville,expended,3
Somerville,exploded,3
Somerville,explosions,3
Somerville,fabricius,3
Somerville,fahr,3
Somerville,fails,3
Somerville,false,3
Somerville,families,3
Somerville,fatal,3
Somerville,feathers,3
Somerville,features,3
Somerville,feebleness,3
Somerville,feebly,3
Somerville,filings,3
Somerville,films,3
Somerville,firmly,3
Somerville,fletcher,3
Somerville,flies,3
Somerville,flourish,3
Somerville,flowed,3
Somerville,fluctuation,3
Somerville,foil,3
Somerville,food,3
Somerville,formidable,3
Somerville,fourier,3
Somerville,freeze,3
Somerville,freyberg,3
Somerville,friend,3
Somerville,frost,3
Somerville,fuel,3
Somerville,gain,3
Somerville,gained,3
Somerville,galileo,3
Somerville,galvanism,3
Somerville,genera,3
Somerville,geneva,3
Somerville,gentlemen,3
Somerville,geography,3
Somerville,geology,3
Somerville,glasgow,3
Somerville,glory,3
Somerville,goodness,3
Somerville,gradation,3
Somerville,grand,3
Somerville,grass,3
Somerville,grasses,3
Somerville,gravitate,3
Somerville,groombridge,3
Somerville,grow,3
Somerville,gun,3
Somerville,harbour,3
Somerville,hardest,3
Somerville,haze,3
Somerville,helena,3
Somerville,helices,3
Somerville,heller,3
Somerville,henley,3
Somerville,herbarium,3
Somerville,hercules,3
Somerville,heretofore,3
Somerville,hindostan,3
Somerville,hoar,3
Somerville,hoogly,3
Somerville,horn,3
Somerville,horoscope,3
Somerville,hotter,3
Somerville,hydriodate,3
Somerville,illuminating,3
Somerville,illustrating,3
Somerville,imitating,3
Somerville,impact,3
Somerville,imparts,3
Somerville,impede,3
Somerville,improbable,3
Somerville,inaccurate,3
Somerville,include,3
Somerville,inconceivably,3
Somerville,indestructible,3
Somerville,indians,3
Somerville,indicating,3
Somerville,indus,3
Somerville,inert,3
Somerville,inferences,3
Somerville,infers,3
Somerville,infinitely,3
Somerville,ingenious,3
Somerville,initial,3
Somerville,ink,3
Somerville,inseparably,3
Somerville,instituted,3
Somerville,insulate,3
Somerville,interchange,3
Somerville,interplanetary,3
Somerville,interpreted,3
Somerville,intersection,3
Somerville,inundation,3
Somerville,invariability,3
Somerville,inventions,3
Somerville,isochronous,3
Somerville,isomorphous,3
Somerville,issuing,3
Somerville,italy,3
Somerville,journal,3
Somerville,july,3
Somerville,kane,3
Somerville,kew,3
Somerville,killed,3
Somerville,kingdom,3
Somerville,lacaille,3
Somerville,lamellæ,3
Somerville,language,3
Somerville,lasting,3
Somerville,laterally,3
Somerville,launched,3
Somerville,layang,3
Somerville,leaf,3
Somerville,leonis,3
Somerville,leslie,3
Somerville,letter,3
Somerville,liability,3
Somerville,lighted,3
Somerville,limbs,3
Somerville,limitation,3
Somerville,limpid,3
Somerville,link,3
Somerville,lion,3
Somerville,liquidity,3
Somerville,lived,3
Somerville,lobes,3
Somerville,locomotive,3
Somerville,lowering,3
Somerville,lubbock,3
Somerville,lumière,3
Somerville,luxuriance,3
Somerville,magnesia,3
Somerville,magnetising,3
Somerville,magnetizing,3
Somerville,magnificence,3
Somerville,magnitudes,3
Somerville,maguire,3
Somerville,malta,3
Somerville,malus,3
Somerville,manufactories,3
Somerville,marcet,3
Somerville,marco,3
Somerville,marseilles,3
Somerville,mathematicians,3
Somerville,maury,3
Somerville,meeting,3
Somerville,melting,3
Somerville,memorable,3
Somerville,mercurial,3
Somerville,meteorites,3
Somerville,minus,3
Somerville,minutest,3
Somerville,mirrors,3
Somerville,miss,3
Somerville,mistaken,3
Somerville,moderately,3
Somerville,money,3
Somerville,mosses,3
Somerville,multitude,3
Somerville,mysterious,3
Somerville,mystery,3
Somerville,mètre,3
Somerville,narrower,3
Somerville,negatively,3
Somerville,neutralise,3
Somerville,neutralizing,3
Somerville,newtonian,3
Somerville,niagara,3
Somerville,nobili,3
Somerville,northward,3
Somerville,nʹʹʹ,3
Somerville,objection,3
Somerville,obliterated,3
Somerville,oblong,3
Somerville,obscura,3
Somerville,obscured,3
Somerville,occasioning,3
Somerville,octahedron,3
Somerville,octahedrons,3
Somerville,oersted,3
Somerville,offer,3
Somerville,omitted,3
Somerville,operations,3
Somerville,optics,3
Somerville,organized,3
Somerville,orifice,3
Somerville,orinoco,3
Somerville,oscillates,3
Somerville,overlap,3
Somerville,oxydizing,3
Somerville,pairs,3
Somerville,palms,3
Somerville,papers,3
Somerville,paragraphs,3
Somerville,paying,3
Somerville,payments,3
Somerville,pegasus,3
Somerville,perfected,3
Somerville,perihelio,3
Somerville,periodically,3
Somerville,perseus,3
Somerville,personal,3
Somerville,philosophical,3
Somerville,philosophy,3
Somerville,plating,3
Somerville,pleasing,3
Somerville,pleiades,3
Somerville,poinsot,3
Somerville,polo,3
Somerville,potential,3
Somerville,predicted,3
Somerville,pretty,3
Somerville,preventing,3
Somerville,processes,3
Somerville,procyon,3
Somerville,projectile,3
Somerville,prolongation,3
Somerville,properly,3
Somerville,proportionate,3
Somerville,protecting,3
Somerville,prussian,3
Somerville,pulse,3
Somerville,pumps,3
Somerville,quarters,3
Somerville,rains,3
Somerville,rainy,3
Somerville,ratios,3
Somerville,reached,3
Somerville,reader,3
Somerville,reappearance,3
Somerville,reasons,3
Somerville,recess,3
Somerville,recession,3
Somerville,reciprocally,3
Somerville,reckoning,3
Somerville,rectilinear,3
Somerville,recur,3
Somerville,redness,3
Somerville,reed,3
Somerville,refers,3
Somerville,refined,3
Somerville,reflector,3
Somerville,refract,3
Somerville,regulate,3
Somerville,reich,3
Somerville,remove,3
Somerville,removes,3
Somerville,removing,3
Somerville,rendering,3
Somerville,renewing,3
Somerville,repels,3
Somerville,requiring,3
Somerville,residual,3
Somerville,resists,3
Somerville,resolves,3
Somerville,resting,3
Somerville,resultant,3
Somerville,resume,3
Somerville,resumed,3
Somerville,resumes,3
Somerville,reverse,3
Somerville,reversing,3
Somerville,rhombohedron,3
Somerville,ribbon,3
Somerville,richest,3
Somerville,ridge,3
Somerville,rigorous,3
Somerville,rigorously,3
Somerville,ritchie,3
Somerville,rive,3
Somerville,roused,3
Somerville,royalties,3
Somerville,royalty,3
Somerville,rub,3
Somerville,rubbed,3
Somerville,rule,3
Somerville,rulers,3
Somerville,rules,3
Somerville,runs,3
Somerville,rushing,3
Somerville,russia,3
Somerville,saint,3
Somerville,sake,3
Somerville,sargassa,3
Somerville,saturated,3
Somerville,saurian,3
Somerville,scene,3
Somerville,seleniate,3
Somerville,send,3
Somerville,sending,3
Somerville,sensations,3
Somerville,sensitiveness,3
Somerville,serve,3
Somerville,seventeen,3
Somerville,shade,3
Somerville,shading,3
Somerville,shafts,3
Somerville,sharp,3
Somerville,shield,3
Somerville,shining,3
Somerville,sign,3
Somerville,signifying,3
Somerville,silesia,3
Somerville,similarly,3
Somerville,singularly,3
Somerville,slices,3
Somerville,slits,3
Somerville,sole,3
Somerville,sonorous,3
Somerville,special,3
Somerville,spectacle,3
Somerville,spheroids,3
Somerville,spindle,3
Somerville,spinning,3
Somerville,spoke,3
Somerville,stamford,3
Somerville,stand,3
Somerville,stands,3
Somerville,started,3
Somerville,steadily,3
Somerville,steer,3
Somerville,stephenson,3
Somerville,stock,3
Somerville,stratified,3
Somerville,stripe,3
Somerville,strokes,3
Somerville,stronger,3
Somerville,studied,3
Somerville,subdivided,3
Somerville,subdivisions,3
Somerville,subjected,3
Somerville,substituted,3
Somerville,subtracted,3
Somerville,successful,3
Somerville,successfully,3
Somerville,suffers,3
Somerville,suit,3
Somerville,sumbawa,3
Somerville,summits,3
Somerville,sunlight,3
Somerville,sunset,3
Somerville,superimposed,3
Somerville,supported,3
Somerville,supreme,3
Somerville,surpass,3
Somerville,surpassed,3
Somerville,sweep,3
Somerville,swell,3
Somerville,swept,3
Somerville,syene,3
Somerville,symbols,3
Somerville,symmetrically,3
Somerville,tahiti,3
Somerville,talents,3
Somerville,tangents,3
Somerville,task,3
Somerville,telescopium,3
Somerville,temper,3
Somerville,temporarily,3
Somerville,tended,3
Somerville,terminate,3
Somerville,terrible,3
Somerville,terrific,3
Somerville,tessular,3
Somerville,testimony,3
Somerville,thames,3
Somerville,theoretical,3
Somerville,thermal,3
Somerville,thinly,3
Somerville,thirds,3
Somerville,thirtieth,3
Somerville,thunderstorm,3
Somerville,tongues,3
Somerville,traceable,3
Somerville,traces,3
Somerville,transactions,3
Somerville,transcriber,3
Somerville,translated,3
Somerville,traveller,3
Somerville,traverses,3
Somerville,treatise,3
Somerville,tribe,3
Somerville,trifling,3
Somerville,trigonometrical,3
Somerville,twelfth,3
Somerville,twilight,3
Somerville,unalterable,3
Somerville,unchangeable,3
Somerville,undergoes,3
Somerville,underground,3
Somerville,understand,3
Somerville,undiminished,3
Somerville,unexpected,3
Somerville,unfit,3
Somerville,uninterrupted,3
Somerville,unorganised,3
Somerville,unsolved,3
Somerville,unusual,3
Somerville,user,3
Somerville,valuable,3
Somerville,vane,3
Somerville,variables,3
Somerville,vegetables,3
Somerville,verdant,3
Somerville,verified,3
Somerville,verify,3
Somerville,versed,3
Somerville,vesta,3
Somerville,violently,3
Somerville,virtue,3
Somerville,visibly,3
Somerville,warranties,3
Somerville,wash,3
Somerville,watches,3
Somerville,weaker,3
Somerville,weeks,3
Somerville,westerly,3
Somerville,whitish,3
Somerville,willis,3
Somerville,wing,3
Somerville,winters,3
Somerville,withdrawn,3
Somerville,witnessed,3
Somerville,worthy,3
Somerville,xxii,3
Somerville,yards,3
Somerville,zodiacal,3
Somerville,éboulemens,3
Goethe,abezzo,2
Goethe,abies,2
Goethe,abounds,2
Goethe,absolutely,2
Goethe,absorption,2
Goethe,accept,2
Goethe,acceptable,2
Goethe,accidents,2
Goethe,accompanying,2
Goethe,accomplishing,2
Goethe,accords,2
Goethe,accumulated,2
Goethe,accustom,2
Goethe,acknowledge,2
Goethe,acknowledged,2
Goethe,adaptation,2
Goethe,address,2
Goethe,addressed,2
Goethe,adequate,2
Goethe,adhesion,2
Goethe,admiration,2
Goethe,admissible,2
Goethe,adopting,2
Goethe,adorn,2
Goethe,advisable,2
Goethe,affect,2
Goethe,affections,2
Goethe,afforded,2
Goethe,agitated,2
Goethe,agreeably,2
Goethe,agreed,2
Goethe,aided,2
Goethe,aimed,2
Goethe,aims,2
Goethe,akin,2
Goethe,alike,2
Goethe,alla,2
Goethe,alluding,2
Goethe,alquanto,2
Goethe,alter,2
Goethe,alternating,2
Goethe,alternation,2
Goethe,altri,2
Goethe,alum,2
Goethe,amateurs,2
Goethe,amber,2
Goethe,analogies,2
Goethe,announced,2
Goethe,anonymous,2
Goethe,anticipate,2
Goethe,antonio,2
Goethe,apex,2
Goethe,appearing,2
Goethe,applications,2
Goethe,appreciated,2
Goethe,approached,2
Goethe,arch,2
Goethe,archipelago,2
Goethe,architect,2
Goethe,arcimboldo,2
Goethe,aristotile,2
Goethe,arose,2
Goethe,arrives,2
Goethe,artifice,2
Goethe,ascended,2
Goethe,ascertained,2
Goethe,ascii,2
Goethe,asphaltum,2
Goethe,aspiring,2
Goethe,assai,2
Goethe,asserts,2
Goethe,assisted,2
Goethe,associate,2
Goethe,atomically,2
Goethe,attachment,2
Goethe,attempted,2
Goethe,attend,2
Goethe,attract,2
Goethe,attracted,2
Goethe,attractive,2
Goethe,attribute,2
Goethe,augmenting,2
Goethe,aut,2
Goethe,axis,2
Goethe,aëronauts,2
Goethe,balanced,2
Goethe,balloon,2
Goethe,balsam,2
Goethe,balsams,2
Goethe,banish,2
Goethe,barometer,2
Goethe,base,2
Goethe,battery,2
Goethe,bears,2
Goethe,beer,2
Goethe,begun,2
Goethe,beholder,2
Goethe,believes,2
Goethe,bells,2
Goethe,ben,2
Goethe,betake,2
Goethe,biographers,2
Goethe,blade,2
Goethe,bleaches,2
Goethe,blindwerden,2
Goethe,blossom,2
Goethe,blot,2
Goethe,blow,2
Goethe,boards,2
Goethe,boiling,2
Goethe,bolognese,2
Goethe,bordered,2
Goethe,bordering,2
Goethe,bottles,2
Goethe,branched,2
Goethe,branches,2
Goethe,brass,2
Goethe,breach,2
Goethe,breaking,2
Goethe,breathe,2
Goethe,brevity,2
Goethe,brilliantly,2
Goethe,bringing,2
Goethe,bulb,2
Goethe,bundles,2
Goethe,business,2
Goethe,butterfly,2
Goethe,calcined,2
Goethe,calculate,2
Goethe,calling,2
Goethe,calmly,2
Goethe,camayeu,2
Goethe,caravaggio,2
Goethe,cardinal,2
Goethe,carnations,2
Goethe,carracci,2
Goethe,carriage,2
Goethe,casts,2
Goethe,casual,2
Goethe,category,2
Goethe,caused,2
Goethe,caussâ,2
Goethe,cav,2
Goethe,celeste,2
Goethe,celio,2
Goethe,censure,2
Goethe,cessation,2
Goethe,chameleon,2
Goethe,changé,2
Goethe,chapters,2
Goethe,charcoal,2
Goethe,charles,2
Goethe,charm,2
Goethe,chords,2
Goethe,christoforo,2
Goethe,christopher,2
Goethe,circumstanced,2
Goethe,circumstantial,2
Goethe,classing,2
Goethe,cleanness,2
Goethe,cleared,2
Goethe,clearest,2
Goethe,closer,2
Goethe,cloudless,2
Goethe,cochineal,2
Goethe,coincidence,2
Goethe,coldness,2
Goethe,colorem,2
Goethe,colossal,2
Goethe,comments,2
Goethe,commercial,2
Goethe,commotion,2
Goethe,companions,2
Goethe,compares,2
Goethe,comparing,2
Goethe,compel,2
Goethe,completed,2
Goethe,completion,2
Goethe,complexions,2
Goethe,compose,2
Goethe,computer,2
Goethe,computers,2
Goethe,conceals,2
Goethe,concentrated,2
Goethe,concept,2
Goethe,concludes,2
Goethe,concords,2
Goethe,concur,2
Goethe,cone,2
Goethe,confirmation,2
Goethe,confounded,2
Goethe,confounding,2
Goethe,connecting,2
Goethe,consist,2
Goethe,consisted,2
Goethe,consisting,2
Goethe,conspicuous,2
Goethe,constancy,2
Goethe,constituted,2
Goethe,constitution,2
Goethe,consulted,2
Goethe,consummate,2
Goethe,contended,2
Goethe,contradict,2
Goethe,contradiction,2
Goethe,contribute,2
Goethe,conversing,2
Goethe,convert,2
Goethe,cool,2
Goethe,cooler,2
Goethe,corners,2
Goethe,cosmetics,2
Goethe,costs,2
Goethe,cotton,2
Goethe,counterpoise,2
Goethe,covers,2
Goethe,crimson,2
Goethe,criterions,2
Goethe,critical,2
Goethe,criticised,2
Goethe,criticism,2
Goethe,crossing,2
Goethe,crustaceous,2
Goethe,crystalline,2
Goethe,crystallised,2
Goethe,crystals,2
Goethe,cubical,2
Goethe,cure,2
Goethe,curiosity,2
Goethe,custom,2
Goethe,customary,2
Goethe,daily,2
Goethe,dal,2
Goethe,damage,2
Goethe,dangerous,2
Goethe,dante,2
Goethe,daring,2
Goethe,dazzle,2
Goethe,deal,2
Goethe,dear,2
Goethe,deceived,2
Goethe,decide,2
Goethe,decomposition,2
Goethe,dedication,2
Goethe,deduce,2
Goethe,deducible,2
Goethe,deducing,2
Goethe,deficient,2
Goethe,degenerated,2
Goethe,delle,2
Goethe,demanding,2
Goethe,demonstrated,2
Goethe,denomination,2
Goethe,denominations,2
Goethe,dense,2
Goethe,depending,2
Goethe,depentori,2
Goethe,depressed,2
Goethe,descamps,2
Goethe,deserved,2
Goethe,desire,2
Goethe,desired,2
Goethe,destroyed,2
Goethe,destroys,2
Goethe,detected,2
Goethe,determination,2
Goethe,determine,2
Goethe,developes,2
Goethe,deviations,2
Goethe,dexterity,2
Goethe,diagonal,2
Goethe,dialect,2
Goethe,diastole,2
Goethe,died,2
Goethe,difficulties,2
Goethe,diffusely,2
Goethe,dilated,2
Goethe,dilating,2
Goethe,diluted,2
Goethe,diminishes,2
Goethe,dimmer,2
Goethe,dirt,2
Goethe,discern,2
Goethe,disorders,2
Goethe,displacing,2
Goethe,disposed,2
Goethe,disputed,2
Goethe,distinguishes,2
Goethe,distinguishing,2
Goethe,distortion,2
Goethe,disturbs,2
Goethe,divers,2
Goethe,diversified,2
Goethe,divides,2
Goethe,divine,2
Goethe,divisibility,2
Goethe,divisible,2
Goethe,document,2
Goethe,domain,2
Goethe,dreams,2
Goethe,dressed,2
Goethe,dried,2
Goethe,driven,2
Goethe,drop,2
Goethe,duller,2
Goethe,duoi,2
Goethe,dwells,2
Goethe,dyes,2
Goethe,dynamic,2
Goethe,ear,2
Goethe,earthly,2
Goethe,ecclesiastic,2
Goethe,effective,2
Goethe,egg,2
Goethe,eighteen,2
Goethe,elastic,2
Goethe,elasticity,2
Goethe,electronically,2
Goethe,elongation,2
Goethe,elucidate,2
Goethe,email,2
Goethe,embody,2
Goethe,embrace,2
Goethe,embraced,2
Goethe,emerald,2
Goethe,emerging,2
Goethe,emit,2
Goethe,emotion,2
Goethe,emphatic,2
Goethe,emphatici,2
Goethe,empirically,2
Goethe,empiricism,2
Goethe,encroaches,2
Goethe,encyclopædia,2
Goethe,energies,2
Goethe,enhancing,2
Goethe,enigma,2
Goethe,enjoyed,2
Goethe,enlightened,2
Goethe,enlivened,2
Goethe,enlivening,2
Goethe,ensuring,2
Goethe,entertained,2
Goethe,epoch,2
Goethe,equality,2
Goethe,erunt,2
Goethe,est,2
Goethe,esteemed,2
Goethe,estremi,2
Goethe,evil,2
Goethe,exactness,2
Goethe,exaggerated,2
Goethe,examined,2
Goethe,excluded,2
Goethe,exclusive,2
Goethe,excuse,2
Goethe,exertions,2
Goethe,expect,2
Goethe,expense,2
Goethe,experimentally,2
Goethe,expiration,2
Goethe,explains,2
Goethe,expose,2
Goethe,exposition,2
Goethe,extending,2
Goethe,extols,2
Goethe,extremities,2
Goethe,facing,2
Goethe,fairer,2
Goethe,fallacious,2
Goethe,falls,2
Goethe,falsely,2
Goethe,famous,2
Goethe,fanciful,2
Goethe,farbenl,2
Goethe,fasces,2
Goethe,federal,2
Goethe,feels,2
Goethe,fiammeggiante,2
Goethe,fibres,2
Goethe,fiction,2
Goethe,fill,2
Goethe,filling,2
Goethe,filosofi,2
Goethe,finely,2
Goethe,finest,2
Goethe,finger,2
Goethe,fingers,2
Goethe,fir,2
Goethe,firenze,2
Goethe,fixation,2
Goethe,flamands,2
Goethe,flanders,2
Goethe,flashes,2
Goethe,floats,2
Goethe,flores,2
Goethe,fluctuate,2
Goethe,fluctuating,2
Goethe,fly,2
Goethe,folds,2
Goethe,fond,2
Goethe,foot,2
Goethe,forcibly,2
Goethe,forestieri,2
Goethe,formats,2
Goethe,forwards,2
Goethe,fourteen,2
Goethe,fresco,2
Goethe,friuli,2
Goethe,fro,2
Goethe,frost,2
Goethe,froth,2
Goethe,fuligno,2
Goethe,fulvo,2
Goethe,fundamental,2
Goethe,furnish,2
Goethe,galen,2
Goethe,gall,2
Goethe,gallery,2
Goethe,gathered,2
Goethe,generation,2
Goethe,generations,2
Goethe,generic,2
Goethe,germ,2
Goethe,geschichte,2
Goethe,gesso,2
Goethe,giallognolo,2
Goethe,giambatista,2
Goethe,girl,2
Goethe,gladdening,2
Goethe,gladness,2
Goethe,glittering,2
Goethe,golden,2
Goethe,grand,2
Goethe,grazia,2
Goethe,greek,2
Goethe,grooves,2
Goethe,groundless,2
Goethe,guard,2
Goethe,guest,2
Goethe,gülich,2
Goethe,hangs,2
Goethe,hard,2
Goethe,heard,2
Goethe,heighten,2
Goethe,heinrich,2
Goethe,herculaneum,2
Goethe,hidden,2
Goethe,historian,2
Goethe,historischer,2
Goethe,hole,2
Goethe,holland,2
Goethe,hostile,2
Goethe,hot,2
Goethe,humour,2
Goethe,humours,2
Goethe,hyper,2
Goethe,hyperchromatic,2
Goethe,hypochondriacs,2
Goethe,hypotheses,2
Goethe,ice,2
Goethe,ideas,2
Goethe,identified,2
Goethe,igne,2
Goethe,illusions,2
Goethe,illustrated,2
Goethe,imitated,2
Goethe,immutable,2
Goethe,imparting,2
Goethe,impeded,2
Goethe,imperceptibly,2
Goethe,implicitly,2
Goethe,implied,2
Goethe,import,2
Goethe,importa,2
Goethe,impossibility,2
Goethe,impregnated,2
Goethe,improved,2
Goethe,improvement,2
Goethe,improvements,2
Goethe,inability,2
Goethe,inadequate,2
Goethe,incapable,2
Goethe,incarnato,2
Goethe,inches,2
Goethe,incidentally,2
Goethe,incompatible,2
Goethe,incongruous,2
Goethe,inconvenience,2
Goethe,indebted,2
Goethe,indefinite,2
Goethe,indifferent,2
Goethe,indurated,2
Goethe,influenced,2
Goethe,inform,2
Goethe,infra,2
Goethe,ingenious,2
Goethe,inharmonious,2
Goethe,inherited,2
Goethe,insert,2
Goethe,insisted,2
Goethe,inspiration,2
Goethe,instant,2
Goethe,instantaneously,2
Goethe,intellectual,2
Goethe,intelligent,2
Goethe,intenseness,2
Goethe,intentional,2
Goethe,intercourse,2
Goethe,internally,2
Goethe,interposition,2
Goethe,interval,2
Goethe,intervals,2
Goethe,intrinsic,2
Goethe,introductory,2
Goethe,inventor,2
Goethe,invisible,2
Goethe,involving,2
Goethe,iridescence,2
Goethe,island,2
Goethe,italy,2
Goethe,items,2
Goethe,jealous,2
Goethe,jesuit,2
Goethe,johannes,2
Goethe,joint,2
Goethe,judicious,2
Goethe,june,2
Goethe,justice,2
Goethe,justified,2
Goethe,kiln,2
Goethe,knife,2
Goethe,lagunes,2
Goethe,lamps,2
Goethe,lasted,2
Goethe,lasting,2
Goethe,lauro,2
Goethe,lays,2
Goethe,leaf,2
Goethe,learn,2
Goethe,learned,2
Goethe,leather,2
Goethe,lectured,2
Goethe,legal,2
Goethe,library,2
Goethe,licet,2
Goethe,lid,2
Goethe,lies,2
Goethe,lieu,2
Goethe,lightly,2
Goethe,lii,2
Goethe,liii,2
Goethe,limbs,2
Goethe,lime,2
Goethe,linear,2
Goethe,linnæi,2
Goethe,lips,2
Goethe,liquor,2
Goethe,liv,2
Goethe,liveries,2
Goethe,lixiviums,2
Goethe,lorenzo,2
Goethe,losing,2
Goethe,loss,2
Goethe,lowest,2
Goethe,luce,2
Goethe,lucid,2
Goethe,luigi,2
Goethe,lustre,2
Goethe,lvi,2
Goethe,lüttich,2
Goethe,madonna,2
Goethe,maestri,2
Goethe,magical,2
Goethe,magnet,2
Goethe,magnetic,2
Goethe,magnetism,2
Goethe,magnified,2
Goethe,magnifying,2
Goethe,maladies,2
Goethe,mammalia,2
Goethe,manifold,2
Goethe,mantlings,2
Goethe,mantua,2
Goethe,manufacturers,2
Goethe,marble,2
Goethe,marco,2
Goethe,marcucci,2
Goethe,mathematicians,2
Goethe,meadows,2
Goethe,medical,2
Goethe,melody,2
Goethe,melting,2
Goethe,melts,2
Goethe,memoir,2
Goethe,memory,2
Goethe,mental,2
Goethe,mentioning,2
Goethe,metropolitana,2
Goethe,meyer,2
Goethe,mezzo,2
Goethe,michael,2
Goethe,milder,2
Goethe,mineralogy,2
Goethe,mingle,2
Goethe,mingles,2
Goethe,mingling,2
Goethe,minutely,2
Goethe,minuteness,2
Goethe,minuter,2
Goethe,mirrored,2
Goethe,mistake,2
Goethe,mitigation,2
Goethe,modifies,2
Goethe,modifying,2
Goethe,modo,2
Goethe,moist,2
Goethe,monotony,2
Goethe,morphology,2
Goethe,mother,2
Goethe,multitude,2
Goethe,munich,2
Goethe,murano,2
Goethe,murex,2
Goethe,mutually,2
Goethe,mysterious,2
Goethe,mystic,2
Goethe,mysticism,2
Goethe,napoleon,2
Goethe,needles,2
Goethe,neglect,2
Goethe,neighbourhood,2
Goethe,nell,2
Goethe,neutralize,2
Goethe,neutralized,2
Goethe,nice,2
Goethe,noon,2
Goethe,northern,2
Goethe,notch,2
Goethe,notizie,2
Goethe,novelty,2
Goethe,november,2
Goethe,nudo,2
Goethe,numbered,2
Goethe,numerically,2
Goethe,nuts,2
Goethe,objection,2
Goethe,objectionable,2
Goethe,obscure,2
Goethe,obsolete,2
Goethe,obtained,2
Goethe,occasional,2
Goethe,occhio,2
Goethe,occolti,2
Goethe,occupations,2
Goethe,occupy,2
Goethe,ocria,2
Goethe,offered,2
Goethe,offers,2
Goethe,office,2
Goethe,ombra,2
Goethe,opal,2
Goethe,openly,2
Goethe,opponent,2
Goethe,opposing,2
Goethe,oppositely,2
Goethe,orifice,2
Goethe,outset,2
Goethe,oven,2
Goethe,owe,2
Goethe,owed,2
Goethe,owns,2
Goethe,oxydised,2
Goethe,oxydizable,2
Goethe,oxydized,2
Goethe,oxygen,2
Goethe,pacheco,2
Goethe,padua,2
Goethe,pala,2
Goethe,palette,2
Goethe,pan,2
Goethe,parchment,2
Goethe,parte,2
Goethe,partial,2
Goethe,path,2
Goethe,pathology,2
Goethe,pay,2
Goethe,peach,2
Goethe,peintres,2
Goethe,peinture,2
Goethe,penetrates,2
Goethe,perception,2
Goethe,perishable,2
Goethe,permanence,2
Goethe,pernicious,2
Goethe,personal,2
Goethe,petals,2
Goethe,phantastici,2
Goethe,physiologists,2
Goethe,pietro,2
Goethe,pitoresco,2
Goethe,pittorica,2
Goethe,plan,2
Goethe,planes,2
Goethe,plateau,2
Goethe,playing,2
Goethe,pohlmann,2
Goethe,poise,2
Goethe,pole,2
Goethe,polidoro,2
Goethe,pope,2
Goethe,possession,2
Goethe,posterity,2
Goethe,powerless,2
Goethe,preceded,2
Goethe,precetti,2
Goethe,precincts,2
Goethe,precision,2
Goethe,predecessors,2
Goethe,predilection,2
Goethe,predominates,2
Goethe,preference,2
Goethe,preferring,2
Goethe,prejudices,2
Goethe,preparations,2
Goethe,preponderance,2
Goethe,prescribed,2
Goethe,presentiment,2
Goethe,pressing,2
Goethe,prevalence,2
Goethe,prevented,2
Goethe,primi,2
Goethe,principali,2
Goethe,principally,2
Goethe,print,2
Goethe,priscianese,2
Goethe,procure,2
Goethe,profit,2
Goethe,prohibition,2
Goethe,projecting,2
Goethe,prolonged,2
Goethe,prominently,2
Goethe,promote,2
Goethe,propensity,2
Goethe,proportionally,2
Goethe,propositions,2
Goethe,protect,2
Goethe,pursued,2
Goethe,pursuit,2
Goethe,quadrangular,2
Goethe,quale,2
Goethe,quali,2
Goethe,qualifying,2
Goethe,qualità,2
Goethe,questo,2
Goethe,qui,2
Goethe,quote,2
Goethe,radiating,2
Goethe,rare,2
Goethe,rarely,2
Goethe,ratio,2
Goethe,reach,2
Goethe,reaching,2
Goethe,reaction,2
Goethe,readable,2
Goethe,reasonable,2
Goethe,recall,2
Goethe,receipt,2
Goethe,receives,2
Goethe,receiving,2
Goethe,reciprocal,2
Goethe,reckon,2
Goethe,recommendation,2
Goethe,reconcile,2
Goethe,recourse,2
Goethe,recovers,2
Goethe,rectilinear,2
Goethe,redistributing,2
Goethe,redistribution,2
Goethe,redness,2
Goethe,referable,2
Goethe,refinement,2
Goethe,reflexions,2
Goethe,refulgent,2
Goethe,regarded,2
Goethe,registered,2
Goethe,reiterated,2
Goethe,relied,2
Goethe,reluctant,2
Goethe,reluctantly,2
Goethe,rembrandt,2
Goethe,reminds,2
Goethe,rendering,2
Goethe,renown,2
Goethe,repetitions,2
Goethe,reported,2
Goethe,representations,2
Goethe,reproduction,2
Goethe,republished,2
Goethe,reputation,2
Goethe,requisites,2
Goethe,resemble,2
Goethe,resins,2
Goethe,resistance,2
Goethe,resisting,2
Goethe,resolved,2
Goethe,resorted,2
Goethe,resources,2
Goethe,respective,2
Goethe,resplendent,2
Goethe,responding,2
Goethe,restless,2
Goethe,restored,2
Goethe,restout,2
Goethe,restrict,2
Goethe,restrictions,2
Goethe,retire,2
Goethe,retouching,2
Goethe,returning,2
Goethe,reverence,2
Goethe,reversing,2
Goethe,reviewing,2
Goethe,revived,2
Goethe,ribbons,2
Goethe,richly,2
Goethe,rightly,2
Goethe,riposo,2
Goethe,road,2
Goethe,robe,2
Goethe,rod,2
Goethe,romans,2
Goethe,rosea,2
Goethe,rossiccio,2
Goethe,rotten,2
Goethe,rouge,2
Goethe,royal,2
Goethe,rubbed,2
Goethe,rubbing,2
Goethe,rumford,2
Goethe,salts,2
Goethe,sat,2
Goethe,satin,2
Goethe,saussure,2
Goethe,savage,2
Goethe,scanty,2
Goethe,scheme,2
Goethe,scholars,2
Goethe,scratches,2
Goethe,screen,2
Goethe,search,2
Goethe,secretion,2
Goethe,secrets,2
Goethe,secured,2
Goethe,seek,2
Goethe,selected,2
Goethe,seneca,2
Goethe,sentence,2
Goethe,separately,2
Goethe,sera,2
Goethe,seventeen,2
Goethe,seventh,2
Goethe,shadings,2
Goethe,shape,2
Goethe,shed,2
Goethe,shop,2
Goethe,shortly,2
Goethe,shutting,2
Goethe,sick,2
Goethe,sideways,2
Goethe,silks,2
Goethe,simpler,2
Goethe,simply,2
Goethe,sincere,2
Goethe,site,2
Goethe,sixteen,2
Goethe,skins,2
Goethe,slow,2
Goethe,slowly,2
Goethe,smartly,2
Goethe,smoked,2
Goethe,smoothness,2
Goethe,softer,2
Goethe,solet,2
Goethe,solicit,2
Goethe,solve,2
Goethe,solvents,2
Goethe,somma,2
Goethe,soot,2
Goethe,sounds,2
Goethe,south,2
Goethe,southern,2
Goethe,sparingly,2
Goethe,spars,2
Goethe,special,2
Goethe,spider,2
Goethe,sponge,2
Goethe,spontaneously,2
Goethe,springs,2
Goethe,stagnant,2
Goethe,stating,2
Goethe,stead,2
Goethe,stimulate,2
Goethe,stimulated,2
Goethe,stimulating,2
Goethe,stops,2
Goethe,storia,2
Goethe,straw,2
Goethe,streams,2
Goethe,stress,2
Goethe,strictness,2
Goethe,stuff,2
Goethe,subleyras,2
Goethe,subservient,2
Goethe,substantial,2
Goethe,succeeded,2
Goethe,successful,2
Goethe,successfully,2
Goethe,suggesting,2
Goethe,suggests,2
Goethe,suitable,2
Goethe,sul,2
Goethe,sullied,2
Goethe,summer,2
Goethe,sunny,2
Goethe,suns,2
Goethe,superficially,2
Goethe,supplement,2
Goethe,supposition,2
Goethe,surpass,2
Goethe,surveyed,2
Goethe,symptoms,2
Goethe,systole,2
Goethe,tacitly,2
Goethe,tail,2
Goethe,talent,2
Goethe,tapestry,2
Goethe,taylor,2
Goethe,teach,2
Goethe,teaches,2
Goethe,telescopes,2
Goethe,tells,2
Goethe,tempered,2
Goethe,temple,2
Goethe,temporary,2
Goethe,terminated,2
Goethe,text,2
Goethe,texture,2
Goethe,thermometer,2
Goethe,thickening,2
Goethe,thinking,2
Goethe,thinnest,2
Goethe,thirty,2
Goethe,thousand,2
Goethe,throw,2
Goethe,tolerable,2
Goethe,total,2
Goethe,touched,2
Goethe,touching,2
Goethe,traces,2
Goethe,tracing,2
Goethe,traditional,2
Goethe,traditions,2
Goethe,translate,2
Goethe,translations,2
Goethe,traveller,2
Goethe,travelling,2
Goethe,tre,2
Goethe,treasure,2
Goethe,tree,2
Goethe,triaca,2
Goethe,tribe,2
Goethe,tribunal,2
Goethe,troubling,2
Goethe,tubes,2
Goethe,turbid,2
Goethe,turbith,2
Goethe,tutte,2
Goethe,type,2
Goethe,uccello,2
Goethe,ultimately,2
Goethe,umbria,2
Goethe,unassisted,2
Goethe,uncommon,2
Goethe,undergo,2
Goethe,undermost,2
Goethe,understanding,2
Goethe,undeveloped,2
Goethe,undisturbed,2
Goethe,undulation,2
Goethe,uneducated,2
Goethe,unexcited,2
Goethe,uniformly,2
Goethe,uniforms,2
Goethe,unimportant,2
Goethe,uninterruptedly,2
Goethe,unmixed,2
Goethe,unnoticed,2
Goethe,unpleasantly,2
Goethe,unquiet,2
Goethe,unremittingly,2
Goethe,unsatisfactory,2
Goethe,unsoundness,2
Goethe,unusual,2
Goethe,updated,2
Goethe,uppermost,2
Goethe,upright,2
Goethe,valid,2
Goethe,vanilla,2
Goethe,vanishing,2
Goethe,vapoury,2
Goethe,vast,2
Goethe,vatican,2
Goethe,vehement,2
Goethe,velocity,2
Goethe,ventures,2
Goethe,vera,2
Goethe,verbatim,2
Goethe,verdigris,2
Goethe,vernise,2
Goethe,vessels,2
Goethe,vie,2
Goethe,viewing,2
Goethe,vigour,2
Goethe,vii,2
Goethe,viii,2
Goethe,violacea,2
Goethe,violaceo,2
Goethe,violence,2
Goethe,visit,2
Goethe,vitiate,2
Goethe,vitiated,2
Goethe,von,2
Goethe,votaries,2
Goethe,wait,2
Goethe,waking,2
Goethe,war,2
Goethe,warmer,2
Goethe,warmest,2
Goethe,warranted,2
Goethe,warrants,2
Goethe,warranty,2
Goethe,watery,2
Goethe,weakly,2
Goethe,wearing,2
Goethe,weather,2
Goethe,week,2
Goethe,weimar,2
Goethe,whatsoever,2
Goethe,wheel,2
Goethe,whiter,2
Goethe,wholly,2
Goethe,widely,2
Goethe,widest,2
Goethe,wings,2
Goethe,wiped,2
Goethe,witnessed,2
Goethe,woods,2
Goethe,write,2
Goethe,writings,2
Goethe,xii,2
Goethe,xiii,2
Goethe,xiv,2
Goethe,xix,2
Goethe,xli,2
Goethe,xlii,2
Goethe,xliii,2
Goethe,xliv,2
Goethe,xlix,2
Goethe,xlv,2
Goethe,xlvi,2
Goethe,xlvii,2
Goethe,xlviii,2
Goethe,xvi,2
Goethe,xvii,2
Goethe,xviii,2
Goethe,xxi,2
Goethe,xxii,2
Goethe,xxiii,2
Goethe,xxiv,2
Goethe,xxix,2
Goethe,xxv,2
Goethe,xxvi,2
Goethe,xxvii,2
Goethe,xxviii,2
Goethe,xxx,2
Goethe,xxxi,2
Goethe,xxxii,2
Goethe,xxxiii,2
Goethe,xxxiv,2
Goethe,xxxix,2
Goethe,xxxv,2
Goethe,xxxvi,2
Goethe,xxxviii,2
Goethe,æsthetical,2
Goethe,étoit,2
Humboldt,abbate,2
Humboldt,aberration,2
Humboldt,abich,2
Humboldt,abnormal,2
Humboldt,abo,2
Humboldt,abounded,2
Humboldt,abscheron,2
Humboldt,absorbing,2
Humboldt,abstract,2
Humboldt,académie,2
Humboldt,accedunt,2
Humboldt,acceptation,2
Humboldt,accepted,2
Humboldt,accident,2
Humboldt,accord,2
Humboldt,accounts,2
Humboldt,accumulate,2
Humboldt,accumulating,2
Humboldt,accused,2
Humboldt,acknowledged,2
Humboldt,acquisition,2
Humboldt,acro,2
Humboldt,acutely,2
Humboldt,adapting,2
Humboldt,add,2
Humboldt,adds,2
Humboldt,adduced,2
Humboldt,aedipsus,2
Humboldt,aegean,2
Humboldt,aeolian,2
Humboldt,aerem,2
Humboldt,aeris,2
Humboldt,aerostatic,2
Humboldt,aetnae,2
Humboldt,affectiones,2
Humboldt,affects,2
Humboldt,affinities,2
Humboldt,afternoon,2
Humboldt,agathemerus,2
Humboldt,agave,2
Humboldt,agglomerate,2
Humboldt,agglomeration,2
Humboldt,aggregate,2
Humboldt,agitation,2
Humboldt,agreed,2
Humboldt,alais,2
Humboldt,alani,2
Humboldt,alarm,2
Humboldt,alberti,2
Humboldt,alexandria,2
Humboldt,aliquando,2
Humboldt,aliquæ,2
Humboldt,allgemeine,2
Humboldt,allusion,2
Humboldt,alluvium,2
Humboldt,aloysio,2
Humboldt,als,2
Humboldt,alternating,2
Humboldt,alternation,2
Humboldt,alterthumskunde,2
Humboldt,alumina,2
Humboldt,amalgamation,2
Humboldt,americana,2
Humboldt,amounted,2
Humboldt,amsterdam,2
Humboldt,amy,2
Humboldt,amygdaloids,2
Humboldt,analyse,2
Humboldt,analytic,2
Humboldt,analytical,2
Humboldt,anatomists,2
Humboldt,anatomy,2
Humboldt,anciently,2
Humboldt,andre,2
Humboldt,andrea,2
Humboldt,anima,2
Humboldt,animalculites,2
Humboldt,animalia,2
Humboldt,animalium,2
Humboldt,animates,2
Humboldt,anning,2
Humboldt,announce,2
Humboldt,announces,2
Humboldt,annually,2
Humboldt,answer,2
Humboldt,antheridia,2
Humboldt,antonio,2
Humboldt,anxious,2
Humboldt,apennine,2
Humboldt,aphorismen,2
Humboldt,aphorismi,2
Humboldt,aphorisms,2
Humboldt,apoll,2
Humboldt,apparet,2
Humboldt,apparition,2
Humboldt,apparitions,2
Humboldt,appearances,2
Humboldt,appellation,2
Humboldt,appendix,2
Humboldt,apples,2
Humboldt,appointed,2
Humboldt,apprehended,2
Humboldt,approaching,2
Humboldt,approximate,2
Humboldt,approximative,2
Humboldt,apt,2
Humboldt,apteryx,2
Humboldt,aquis,2
Humboldt,arabic,2
Humboldt,aragonite,2
Humboldt,araucaria,2
Humboldt,arbeiten,2
Humboldt,arbitrarily,2
Humboldt,arc,2
Humboldt,arca,2
Humboldt,archangel,2
Humboldt,ardèche,2
Humboldt,argentiferous,2
Humboldt,argos,2
Humboldt,arist,2
Humboldt,aristoteles,2
Humboldt,armed,2
Humboldt,arms,2
Humboldt,arrest,2
Humboldt,arrival,2
Humboldt,arriving,2
Humboldt,arsenic,2
Humboldt,article,2
Humboldt,articles,2
Humboldt,artifically,2
Humboldt,ascii,2
Humboldt,aspire,2
Humboldt,asserts,2
Humboldt,assign,2
Humboldt,assuredly,2
Humboldt,astronom,2
Humboldt,asunder,2
Humboldt,athos,2
Humboldt,atlantis,2
Humboldt,atomic,2
Humboldt,attaches,2
Humboldt,attracting,2
Humboldt,attracts,2
Humboldt,attributed,2
Humboldt,augment,2
Humboldt,ausc,2
Humboldt,ausgabe,2
Humboldt,austrian,2
Humboldt,authentic,2
Humboldt,authenticity,2
Humboldt,authors,2
Humboldt,autumnal,2
Humboldt,auxiliary,2
Humboldt,avignon,2
Humboldt,axiom,2
Humboldt,azimuth,2
Humboldt,bab,2
Humboldt,baer,2
Humboldt,bamboo,2
Humboldt,bambusa,2
Humboldt,bare,2
Humboldt,bas,2
Humboldt,basil,2
Humboldt,basing,2
Humboldt,bathed,2
Humboldt,batten,2
Humboldt,battle,2
Humboldt,beaming,2
Humboldt,bearings,2
Humboldt,beaudant,2
Humboldt,beccaria,2
Humboldt,bedford,2
Humboldt,beheld,2
Humboldt,behold,2
Humboldt,bekk,2
Humboldt,belgium,2
Humboldt,believing,2
Humboldt,benedicti,2
Humboldt,beneficial,2
Humboldt,benjamin,2
Humboldt,bericht,2
Humboldt,bernard,2
Humboldt,beschr,2
Humboldt,beta,2
Humboldt,bewegung,2
Humboldt,beyrich,2
Humboldt,bhote,2
Humboldt,bishop,2
Humboldt,bitter,2
Humboldt,bitumen,2
Humboldt,bjornholm,2
Humboldt,blackness,2
Humboldt,bladder,2
Humboldt,blaming,2
Humboldt,blaupain,2
Humboldt,blowing,2
Humboldt,blown,2
Humboldt,bluish,2
Humboldt,board,2
Humboldt,bode,2
Humboldt,bogoslowsk,2
Humboldt,boldly,2
Humboldt,bone,2
Humboldt,bonn,2
Humboldt,boorendo,2
Humboldt,bor,2
Humboldt,bore,2
Humboldt,borings,2
Humboldt,bottoms,2
Humboldt,bound,2
Humboldt,boundary,2
Humboldt,bounding,2
Humboldt,boundlessness,2
Humboldt,bourg,2
Humboldt,boussole,2
Humboldt,bowen,2
Humboldt,bradley,2
Humboldt,breach,2
Humboldt,bremiker,2
Humboldt,bridge,2
Humboldt,brings,2
Humboldt,bristol,2
Humboldt,bronguiart,2
Humboldt,brooke,2
Humboldt,bruxelles,2
Humboldt,building,2
Humboldt,built,2
Humboldt,bundles,2
Humboldt,bunsen,2
Humboldt,burgomaster,2
Humboldt,buschmann,2
Humboldt,butter,2
Humboldt,cabello,2
Humboldt,cacao,2
Humboldt,cadiz,2
Humboldt,calamites,2
Humboldt,calculate,2
Humboldt,caldas,2
Humboldt,calientes,2
Humboldt,calling,2
Humboldt,calor,2
Humboldt,calore,2
Humboldt,calyx,2
Humboldt,camargo,2
Humboldt,cambrian,2
Humboldt,campaigns,2
Humboldt,canarischen,2
Humboldt,canary,2
Humboldt,cancer,2
Humboldt,cane,2
Humboldt,cannon,2
Humboldt,capacities,2
Humboldt,capella,2
Humboldt,caracas,2
Humboldt,caramanian,2
Humboldt,carguairazo,2
Humboldt,carib,2
Humboldt,carlos,2
Humboldt,carolinas,2
Humboldt,carpathians,2
Humboldt,carrying,2
Humboldt,carus,2
Humboldt,cashmir,2
Humboldt,cassiquiare,2
Humboldt,cassotis,2
Humboldt,castalia,2
Humboldt,catholic,2
Humboldt,cattle,2
Humboldt,caucasian,2
Humboldt,caucasus,2
Humboldt,causing,2
Humboldt,cautious,2
Humboldt,cautley,2
Humboldt,cavanilles,2
Humboldt,cavendish,2
Humboldt,ceased,2
Humboldt,centesimal,2
Humboldt,centre,2
Humboldt,cephalopodes,2
Humboldt,cerro,2
Humboldt,chancay,2
Humboldt,chance,2
Humboldt,chantonnay,2
Humboldt,chaon,2
Humboldt,chaotic,2
Humboldt,chara,2
Humboldt,characeae,2
Humboldt,charred,2
Humboldt,chartreuse,2
Humboldt,checks,2
Humboldt,cheerful,2
Humboldt,chemica,2
Humboldt,cherish,2
Humboldt,cherished,2
Humboldt,chestnuts,2
Humboldt,chevandier,2
Humboldt,child,2
Humboldt,chill,2
Humboldt,chimera,2
Humboldt,chimique,2
Humboldt,chionaea,2
Humboldt,chlorid,2
Humboldt,chlorids,2
Humboldt,choice,2
Humboldt,choiseul,2
Humboldt,chronicle,2
Humboldt,chronometry,2
Humboldt,cincinnati,2
Humboldt,circulating,2
Humboldt,circumstantial,2
Humboldt,circumstantiality,2
Humboldt,cite,2
Humboldt,civilate,2
Humboldt,clap,2
Humboldt,clarke,2
Humboldt,classified,2
Humboldt,claz,2
Humboldt,clazomenian,2
Humboldt,clearest,2
Humboldt,cleft,2
Humboldt,clermont,2
Humboldt,clew,2
Humboldt,closing,2
Humboldt,clothe,2
Humboldt,clouded,2
Humboldt,coarse,2
Humboldt,coelo,2
Humboldt,coeval,2
Humboldt,cohesion,2
Humboldt,coincide,2
Humboldt,colchester,2
Humboldt,coldest,2
Humboldt,colladon,2
Humboldt,collecting,2
Humboldt,collective,2
Humboldt,collectively,2
Humboldt,colmenares,2
Humboldt,colonies,2
Humboldt,colonization,2
Humboldt,colophon,2
Humboldt,columnar,2
Humboldt,combustible,2
Humboldt,comm,2
Humboldt,commemorat,2
Humboldt,commencement,2
Humboldt,commensurate,2
Humboldt,commerce,2
Humboldt,committee,2
Humboldt,comp,2
Humboldt,companion,2
Humboldt,comparativa,2
Humboldt,comparatively,2
Humboldt,comparee,2
Humboldt,compilation,2
Humboldt,complementary,2
Humboldt,completion,2
Humboldt,compositing,2
Humboldt,compound,2
Humboldt,comprehending,2
Humboldt,comprehends,2
Humboldt,computations,2
Humboldt,computer,2
Humboldt,computers,2
Humboldt,con,2
Humboldt,concatenation,2
Humboldt,concavity,2
Humboldt,conceal,2
Humboldt,concept,2
Humboldt,concerns,2
Humboldt,conciseness,2
Humboldt,concluded,2
Humboldt,concretions,2
Humboldt,concur,2
Humboldt,concurrent,2
Humboldt,concussions,2
Humboldt,conde,2
Humboldt,condensing,2
Humboldt,condorcet,2
Humboldt,conductor,2
Humboldt,conductors,2
Humboldt,conflict,2
Humboldt,confused,2
Humboldt,congo,2
Humboldt,congregated,2
Humboldt,coniferous,2
Humboldt,conjectural,2
Humboldt,connections,2
Humboldt,connects,2
Humboldt,conoidal,2
Humboldt,conquest,2
Humboldt,conquests,2
Humboldt,conscious,2
Humboldt,consolation,2
Humboldt,constituent,2
Humboldt,constructed,2
Humboldt,consult,2
Humboldt,contemplated,2
Humboldt,contemplates,2
Humboldt,contemporaneous,2
Humboldt,contends,2
Humboldt,contingeret,2
Humboldt,continuing,2
Humboldt,continuously,2
Humboldt,contract,2
Humboldt,contradiction,2
Humboldt,contradictions,2
Humboldt,contrasted,2
Humboldt,control,2
Humboldt,controlling,2
Humboldt,controversy,2
Humboldt,convenient,2
Humboldt,convent,2
Humboldt,convergence,2
Humboldt,converting,2
Humboldt,conveys,2
Humboldt,conviction,2
Humboldt,convince,2
Humboldt,cool,2
Humboldt,cooler,2
Humboldt,coosh,2
Humboldt,copernican,2
Humboldt,corinth,2
Humboldt,corr,2
Humboldt,correction,2
Humboldt,correctness,2
Humboldt,corroborated,2
Humboldt,coruscation,2
Humboldt,corypha,2
Humboldt,costs,2
Humboldt,cotta,2
Humboldt,cotton,2
Humboldt,couche,2
Humboldt,council,2
Humboldt,courier,2
Humboldt,crackling,2
Humboldt,cradle,2
Humboldt,create,2
Humboldt,creatures,2
Humboldt,cretaceous,2
Humboldt,cretan,2
Humboldt,crevices,2
Humboldt,crines,2
Humboldt,critical,2
Humboldt,crossed,2
Humboldt,crozier,2
Humboldt,crustacea,2
Humboldt,crustaceans,2
Humboldt,cubiti,2
Humboldt,cup,2
Humboldt,curtius,2
Humboldt,customary,2
Humboldt,cycadeen,2
Humboldt,cycas,2
Humboldt,cygnus,2
Humboldt,cylindrical,2
Humboldt,damage,2
Humboldt,danish,2
Humboldt,dare,2
Humboldt,darkened,2
Humboldt,darkens,2
Humboldt,darker,2
Humboldt,daylight,2
Humboldt,decay,2
Humboldt,deception,2
Humboldt,decidens,2
Humboldt,decimi,2
Humboldt,decisive,2
Humboldt,decl,2
Humboldt,declared,2
Humboldt,decomposed,2
Humboldt,deduce,2
Humboldt,deducti,2
Humboldt,deem,2
Humboldt,defects,2
Humboldt,define,2
Humboldt,defining,2
Humboldt,delarue,2
Humboldt,delivered,2
Humboldt,delta,2
Humboldt,demand,2
Humboldt,demonstrate,2
Humboldt,demonstrated,2
Humboldt,denominations,2
Humboldt,departments,2
Humboldt,departure,2
Humboldt,depict,2
Humboldt,depicts,2
Humboldt,depressed,2
Humboldt,depressions,2
Humboldt,descended,2
Humboldt,deserve,2
Humboldt,deserving,2
Humboldt,deshayes,2
Humboldt,desired,2
Humboldt,destinies,2
Humboldt,destiny,2
Humboldt,destroying,2
Humboldt,destructive,2
Humboldt,detailed,2
Humboldt,detrimental,2
Humboldt,deutsche,2
Humboldt,deutschen,2
Humboldt,devastated,2
Humboldt,devastating,2
Humboldt,developing,2
Humboldt,deviates,2
Humboldt,devised,2
Humboldt,diallage,2
Humboldt,diamonds,2
Humboldt,diaphragm,2
Humboldt,dicotyledonous,2
Humboldt,dicotyledons,2
Humboldt,died,2
Humboldt,diffusing,2
Humboldt,dimly,2
Humboldt,diri,2
Humboldt,discharged,2
Humboldt,discharges,2
Humboldt,discoidal,2
Humboldt,discoloration,2
Humboldt,discouraging,2
Humboldt,discourse,2
Humboldt,discoverable,2
Humboldt,discrepancy,2
Humboldt,disengaged,2
Humboldt,disinclined,2
Humboldt,displayed,2
Humboldt,disposition,2
Humboldt,dissimilarity,2
Humboldt,dissolving,2
Humboldt,distinctness,2
Humboldt,distrust,2
Humboldt,diversified,2
Humboldt,divined,2
Humboldt,divisional,2
Humboldt,doctrines,2
Humboldt,dogmatical,2
Humboldt,dogs,2
Humboldt,doleritic,2
Humboldt,dolorite,2
Humboldt,domains,2
Humboldt,domesticated,2
Humboldt,domini,2
Humboldt,doric,2
Humboldt,dormant,2
Humboldt,doubtless,2
Humboldt,doyere,2
Humboldt,drake,2
Humboldt,draws,2
Humboldt,dubium,2
Humboldt,duly,2
Humboldt,dunkirk,2
Humboldt,dunlop,2
Humboldt,duprez,2
Humboldt,dwelling,2
Humboldt,dwelt,2
Humboldt,dynamical,2
Humboldt,eager,2
Humboldt,ear,2
Humboldt,earnestly,2
Humboldt,earum,2
Humboldt,easterly,2
Humboldt,econ,2
Humboldt,eddying,2
Humboldt,edifices,2
Humboldt,edinb,2
Humboldt,editor,2
Humboldt,eduard,2
Humboldt,efficiently,2
Humboldt,ein,2
Humboldt,ejection,2
Humboldt,elaborate,2
Humboldt,electronically,2
Humboldt,eleolite,2
Humboldt,elephant,2
Humboldt,ellicot,2
Humboldt,ellipticity,2
Humboldt,elucidate,2
Humboldt,elucidating,2
Humboldt,email,2
Humboldt,emanates,2
Humboldt,emanating,2
Humboldt,embellish,2
Humboldt,embellished,2
Humboldt,embodied,2
Humboldt,emerged,2
Humboldt,emission,2
Humboldt,emitted,2
Humboldt,emperor,2
Humboldt,enables,2
Humboldt,enacted,2
Humboldt,encircles,2
Humboldt,encircling,2
Humboldt,encounter,2
Humboldt,encourage,2
Humboldt,endless,2
Humboldt,engaging,2
Humboldt,engendered,2
Humboldt,engenders,2
Humboldt,engineers,2
Humboldt,enjoy,2
Humboldt,enlarge,2
Humboldt,enlightened,2
Humboldt,enrich,2
Humboldt,enterprising,2
Humboldt,entrance,2
Humboldt,eocene,2
Humboldt,eorum,2
Humboldt,ephemeral,2
Humboldt,ephemerides,2
Humboldt,epist,2
Humboldt,equable,2
Humboldt,equateur,2
Humboldt,equators,2
Humboldt,equivalents,2
Humboldt,erasinos,2
Humboldt,eratosthenes,2
Humboldt,erythrea,2
Humboldt,erzrevier,2
Humboldt,escapes,2
Humboldt,escaping,2
Humboldt,eschman,2
Humboldt,especial,2
Humboldt,essence,2
Humboldt,essent,2
Humboldt,establishing,2
Humboldt,establishments,2
Humboldt,estimation,2
Humboldt,estimations,2
Humboldt,ethiopians,2
Humboldt,etiam,2
Humboldt,etoiles,2
Humboldt,etymological,2
Humboldt,eugene,2
Humboldt,euripides,2
Humboldt,europeans,2
Humboldt,event,2
Humboldt,evident,2
Humboldt,exaggerated,2
Humboldt,examines,2
Humboldt,exceedingly,2
Humboldt,excrements,2
Humboldt,excursions,2
Humboldt,exempt,2
Humboldt,exert,2
Humboldt,exhalation,2
Humboldt,exhausted,2
Humboldt,exhausting,2
Humboldt,exhibiting,2
Humboldt,expands,2
Humboldt,expectation,2
Humboldt,expenses,2
Humboldt,explains,2
Humboldt,explanations,2
Humboldt,expressive,2
Humboldt,extensively,2
Humboldt,extols,2
Humboldt,extracts,2
Humboldt,facie,2
Humboldt,facilitated,2
Humboldt,facilities,2
Humboldt,facility,2
Humboldt,failed,2
Humboldt,fainter,2
Humboldt,faintest,2
Humboldt,farina,2
Humboldt,fate,2
Humboldt,favoring,2
Humboldt,feared,2
Humboldt,feature,2
Humboldt,feb,2
Humboldt,federal,2
Humboldt,feldhuysen,2
Humboldt,feldt,2
Humboldt,female,2
Humboldt,ferri,2
Humboldt,fever,2
Humboldt,fewer,2
Humboldt,fibrous,2
Humboldt,fidelity,2
Humboldt,fierce,2
Humboldt,fig,2
Humboldt,figuratively,2
Humboldt,filamentous,2
Humboldt,filantes,2
Humboldt,file,2
Humboldt,finding,2
Humboldt,finland,2
Humboldt,finnish,2
Humboldt,fins,2
Humboldt,fiord,2
Humboldt,fir,2
Humboldt,firm,2
Humboldt,firmly,2
Humboldt,firs,2
Humboldt,fisove,2
Humboldt,fit,2
Humboldt,fits,2
Humboldt,fitted,2
Humboldt,flaming,2
Humboldt,flashed,2
Humboldt,flashes,2
Humboldt,flattening,2
Humboldt,flatter,2
Humboldt,flee,2
Humboldt,floated,2
Humboldt,flood,2
Humboldt,florida,2
Humboldt,flotzgebirge,2
Humboldt,flourish,2
Humboldt,flourishing,2
Humboldt,flower,2
Humboldt,fluctuation,2
Humboldt,fluminus,2
Humboldt,fly,2
Humboldt,foliaceous,2
Humboldt,fond,2
Humboldt,forced,2
Humboldt,foretold,2
Humboldt,forget,2
Humboldt,formats,2
Humboldt,formentera,2
Humboldt,formulae,2
Humboldt,forschungen,2
Humboldt,fort,2
Humboldt,fortress,2
Humboldt,fossile,2
Humboldt,foundations,2
Humboldt,founders,2
Humboldt,fourteenth,2
Humboldt,fracastoro,2
Humboldt,fragm,2
Humboldt,freiberg,2
Humboldt,freiberger,2
Humboldt,freunde,2
Humboldt,freycinet,2
Humboldt,friburgensis,2
Humboldt,fuci,2
Humboldt,fucus,2
Humboldt,fulfill,2
Humboldt,function,2
Humboldt,funnel,2
Humboldt,furnaces,2
Humboldt,furnishes,2
Humboldt,fusinieri,2
Humboldt,gaira,2
Humboldt,galle,2
Humboldt,galvanism,2
Humboldt,garb,2
Humboldt,gardens,2
Humboldt,gasparin,2
Humboldt,gebilde,2
Humboldt,gehlenite,2
Humboldt,gehler,2
Humboldt,gemini,2
Humboldt,generalis,2
Humboldt,generality,2
Humboldt,generatio,2
Humboldt,genere,2
Humboldt,generic,2
Humboldt,genial,2
Humboldt,genius,2
Humboldt,gentle,2
Humboldt,geodes,2
Humboldt,geog,2
Humboldt,geognosia,2
Humboldt,geognosiam,2
Humboldt,geognost,2
Humboldt,geographique,2
Humboldt,geolog,2
Humboldt,geologiques,2
Humboldt,gesch,2
Humboldt,gessellschaft,2
Humboldt,gioja,2
Humboldt,girard,2
Humboldt,gird,2
Humboldt,girgenti,2
Humboldt,girt,2
Humboldt,glacier,2
Humboldt,gloomy,2
Humboldt,glory,2
Humboldt,god,2
Humboldt,godin,2
Humboldt,gods,2
Humboldt,goldfuss,2
Humboldt,gothic,2
Humboldt,governing,2
Humboldt,gradation,2
Humboldt,grades,2
Humboldt,graec,2
Humboldt,grain,2
Humboldt,gramineae,2
Humboldt,grammar,2
Humboldt,grandest,2
Humboldt,granit,2
Humboldt,granitic,2
Humboldt,granted,2
Humboldt,granulation,2
Humboldt,grape,2
Humboldt,grasped,2
Humboldt,grave,2
Humboldt,greed,2
Humboldt,gregarious,2
Humboldt,grenelle,2
Humboldt,griechen,2
Humboldt,groves,2
Humboldt,guadaloupe,2
Humboldt,guagings,2
Humboldt,guam,2
Humboldt,guanaxuata,2
Humboldt,guarantee,2
Humboldt,guayaquil,2
Humboldt,gumprecht,2
Humboldt,gymnasium,2
Humboldt,göthe,2
Humboldt,habit,2
Humboldt,habitability,2
Humboldt,habitations,2
Humboldt,habits,2
Humboldt,habitually,2
Humboldt,haidinger,2
Humboldt,hands,2
Humboldt,happen,2
Humboldt,hardening,2
Humboldt,hardness,2
Humboldt,harvard,2
Humboldt,hath,2
Humboldt,haud,2
Humboldt,hazardous,2
Humboldt,heads,2
Humboldt,heaps,2
Humboldt,heath,2
Humboldt,heavier,2
Humboldt,hedenstrom,2
Humboldt,heft,2
Humboldt,heine,2
Humboldt,heliocentric,2
Humboldt,hemmer,2
Humboldt,hencke,2
Humboldt,henry,2
Humboldt,hensius,2
Humboldt,herbaceous,2
Humboldt,herbert,2
Humboldt,herder,2
Humboldt,herr,2
Humboldt,herrnhut,2
Humboldt,hesychius,2
Humboldt,hibbert,2
Humboldt,hiera,2
Humboldt,hieroglyphics,2
Humboldt,hinder,2
Humboldt,hinterlassene,2
Humboldt,hipparchus,2
Humboldt,historiam,2
Humboldt,historic,2
Humboldt,historischen,2
Humboldt,hitchcock,2
Humboldt,hobart,2
Humboldt,hodie,2
Humboldt,hoff,2
Humboldt,honda,2
Humboldt,horowic,2
Humboldt,horse,2
Humboldt,horticultural,2
Humboldt,houses,2
Humboldt,huaura,2
Humboldt,huge,2
Humboldt,humb,2
Humboldt,humitidy,2
Humboldt,hundreds,2
Humboldt,hungary,2
Humboldt,hurricane,2
Humboldt,hurricanes,2
Humboldt,hydrostatic,2
Humboldt,hygrometry,2
Humboldt,hypersthene,2
Humboldt,hypogene,2
Humboldt,ibarra,2
Humboldt,idioms,2
Humboldt,idocrase,2
Humboldt,illius,2
Humboldt,illumined,2
Humboldt,illusive,2
Humboldt,illustrated,2
Humboldt,illustrating,2
Humboldt,imbert,2
Humboldt,imitation,2
Humboldt,immigrating,2
Humboldt,immovable,2
Humboldt,impartial,2
Humboldt,impatience,2
Humboldt,impede,2
Humboldt,impeded,2
Humboldt,imperial,2
Humboldt,implicitly,2
Humboldt,imposed,2
Humboldt,impracticable,2
Humboldt,impresses,2
Humboldt,imprints,2
Humboldt,imprudently,2
Humboldt,impulses,2
Humboldt,inappropriate,2
Humboldt,incas,2
Humboldt,incendia,2
Humboldt,incidental,2
Humboldt,inclinations,2
Humboldt,inclinatorium,2
Humboldt,inclosing,2
Humboldt,inclosure,2
Humboldt,inclosures,2
Humboldt,incontestably,2
Humboldt,incorporated,2
Humboldt,incrusted,2
Humboldt,indefatigable,2
Humboldt,indelibly,2
Humboldt,indische,2
Humboldt,indissoluble,2
Humboldt,indo,2
Humboldt,inductions,2
Humboldt,indulgence,2
Humboldt,indus,2
Humboldt,infer,2
Humboldt,infernalibus,2
Humboldt,infinity,2
Humboldt,inflated,2
Humboldt,informed,2
Humboldt,infrequent,2
Humboldt,infusionsthierchen,2
Humboldt,inhale,2
Humboldt,injury,2
Humboldt,inneren,2
Humboldt,inquire,2
Humboldt,inquirer,2
Humboldt,inscr,2
Humboldt,inscribed,2
Humboldt,insel,2
Humboldt,inseparable,2
Humboldt,inspiration,2
Humboldt,institute,2
Humboldt,instruction,2
Humboldt,instructions,2
Humboldt,insufficient,2
Humboldt,insulated,2
Humboldt,intercalation,2
Humboldt,intercommunication,2
Humboldt,intermixed,2
Humboldt,international,2
Humboldt,interposed,2
Humboldt,interpret,2
Humboldt,intervention,2
Humboldt,introd,2
Humboldt,introductory,2
Humboldt,intuitions,2
Humboldt,investigating,2
Humboldt,investigator,2
Humboldt,investment,2
Humboldt,invigorated,2
Humboldt,invited,2
Humboldt,ipse,2
Humboldt,iranian,2
Humboldt,irregularity,2
Humboldt,irtysch,2
Humboldt,ischia,2
Humboldt,islet,2
Humboldt,isoclinal,2
Humboldt,isothermes,2
Humboldt,ispahan,2
Humboldt,isthmus,2
Humboldt,iter,2
Humboldt,japan,2
Humboldt,jerusalem,2
Humboldt,jessen,2
Humboldt,jesuit,2
Humboldt,jets,2
Humboldt,jetzt,2
Humboldt,johannes,2
Humboldt,johannis,2
Humboldt,journ,2
Humboldt,journeys,2
Humboldt,joy,2
Humboldt,jugements,2
Humboldt,junction,2
Humboldt,junipers,2
Humboldt,jurassic,2
Humboldt,justy,2
Humboldt,juxta,2
Humboldt,kalee,2
Humboldt,karl,2
Humboldt,karsten,2
Humboldt,keeping,2
Humboldt,keilhau,2
Humboldt,kendal,2
Humboldt,kenntniss,2
Humboldt,klimii,2
Humboldt,kloden,2
Humboldt,kordofan,2
Humboldt,korper,2
Humboldt,kritik,2
Humboldt,krug,2
Humboldt,kunth,2
Humboldt,kurile,2
Humboldt,labrador,2
Humboldt,lactea,2
Humboldt,laertius,2
Humboldt,lame,2
Humboldt,lamented,2
Humboldt,lametherie,2
Humboldt,lancerote,2
Humboldt,lances,2
Humboldt,lapidem,2
Humboldt,lapides,2
Humboldt,lapis,2
Humboldt,laquelle,2
Humboldt,largr,2
Humboldt,lassa,2
Humboldt,laterally,2
Humboldt,latus,2
Humboldt,lavoisier,2
Humboldt,leafy,2
Humboldt,ledges,2
Humboldt,legal,2
Humboldt,lehrb,2
Humboldt,lelantine,2
Humboldt,lemnos,2
Humboldt,lengua,2
Humboldt,lenticular,2
Humboldt,leo,2
Humboldt,lepidosteus,2
Humboldt,letters,2
Humboldt,lexicon,2
Humboldt,liberated,2
Humboldt,lichtenberg,2
Humboldt,lieut,2
Humboldt,lieutenant,2
Humboldt,lift,2
Humboldt,lighted,2
Humboldt,ligneous,2
Humboldt,ligyan,2
Humboldt,list,2
Humboldt,lithuanian,2
Humboldt,littora,2
Humboldt,littrow,2
Humboldt,lively,2
Humboldt,lix,2
Humboldt,loadstone,2
Humboldt,locality,2
Humboldt,locusts,2
Humboldt,lodazales,2
Humboldt,longs,2
Humboldt,loong,2
Humboldt,love,2
Humboldt,lovely,2
Humboldt,lowenorn,2
Humboldt,lowered,2
Humboldt,lowlands,2
Humboldt,lunae,2
Humboldt,lutke,2
Humboldt,luxurious,2
Humboldt,lycia,2
Humboldt,lyra,2
Humboldt,lyrae,2
Humboldt,macalubi,2
Humboldt,macao,2
Humboldt,macclelland,2
Humboldt,machine,2
Humboldt,macigno,2
Humboldt,mackenzie,2
Humboldt,macrobius,2
Humboldt,magic,2
Humboldt,magical,2
Humboldt,magnes,2
Humboldt,magnetischen,2
Humboldt,magni,2
Humboldt,magnificence,2
Humboldt,magnussen,2
Humboldt,mai,2
Humboldt,maintenance,2
Humboldt,majestic,2
Humboldt,majesty,2
Humboldt,malacca,2
Humboldt,malapert,2
Humboldt,malleable,2
Humboldt,mandeb,2
Humboldt,mandibles,2
Humboldt,manheim,2
Humboldt,maples,2
Humboldt,marbles,2
Humboldt,margins,2
Humboldt,maria,2
Humboldt,marie,2
Humboldt,mariners,2
Humboldt,marius,2
Humboldt,marl,2
Humboldt,marshy,2
Humboldt,marta,2
Humboldt,marvel,2
Humboldt,massive,2
Humboldt,master,2
Humboldt,mastodon,2
Humboldt,mathematica,2
Humboldt,mathematicians,2
Humboldt,mathematics,2
Humboldt,mathém,2
Humboldt,matrial,2
Humboldt,matters,2
Humboldt,mausim,2
Humboldt,mazari,2
Humboldt,meadows,2
Humboldt,meal,2
Humboldt,media,2
Humboldt,medical,2
Humboldt,medina,2
Humboldt,meissner,2
Humboldt,melancholy,2
Humboldt,melaphyres,2
Humboldt,melloni,2
Humboldt,melting,2
Humboldt,membranous,2
Humboldt,menschlichen,2
Humboldt,mensuram,2
Humboldt,menzel,2
Humboldt,mercurial,2
Humboldt,merry,2
Humboldt,mesure,2
Humboldt,mesures,2
Humboldt,metallis,2
Humboldt,metamorphose,2
Humboldt,metaph,2
Humboldt,meteorodes,2
Humboldt,meteorologische,2
Humboldt,meters,2
Humboldt,mexicana,2
Humboldt,micaceous,2
Humboldt,microkaimeni,2
Humboldt,micuipampa,2
Humboldt,mighty,2
Humboldt,migrate,2
Humboldt,milano,2
Humboldt,millim,2
Humboldt,mineralogy,2
Humboldt,miners,2
Humboldt,mingled,2
Humboldt,mirror,2
Humboldt,mischief,2
Humboldt,miss,2
Humboldt,mix,2
Humboldt,mixtures,2
Humboldt,moa,2
Humboldt,modeled,2
Humboldt,modifies,2
Humboldt,moistening,2
Humboldt,moments,2
Humboldt,monarchi,2
Humboldt,monastic,2
Humboldt,mongolians,2
Humboldt,monographie,2
Humboldt,mons,2
Humboldt,montes,2
Humboldt,monthly,2
Humboldt,montibus,2
Humboldt,montpellier,2
Humboldt,monuments,2
Humboldt,morbid,2
Humboldt,morphological,2
Humboldt,morton,2
Humboldt,moser,2
Humboldt,mosychlos,2
Humboldt,mouths,2
Humboldt,movable,2
Humboldt,multiplying,2
Humboldt,muncke,2
Humboldt,mundum,2
Humboldt,munich,2
Humboldt,mural,2
Humboldt,musaceae,2
Humboldt,muschenbroek,2
Humboldt,mysteriously,2
Humboldt,myths,2
Humboldt,nachrichten,2
Humboldt,nain,2
Humboldt,nake,2
Humboldt,narnia,2
Humboldt,narnus,2
Humboldt,narym,2
Humboldt,naturae,2
Humboldt,naturalists,2
Humboldt,naturally,2
Humboldt,nautique,2
Humboldt,navigation,2
Humboldt,navy,2
Humboldt,nay,2
Humboldt,nebulæ,2
Humboldt,neight,2
Humboldt,neilson,2
Humboldt,nemæan,2
Humboldt,nericat,2
Humboldt,nero,2
Humboldt,neronis,2
Humboldt,nerves,2
Humboldt,nether,2
Humboldt,nicholas,2
Humboldt,nicholson,2
Humboldt,nickelliferous,2
Humboldt,nicolai,2
Humboldt,nidda,2
Humboldt,nihil,2
Humboldt,nineteenth,2
Humboldt,ninths,2
Humboldt,nisyros,2
Humboldt,nobile,2
Humboldt,noggerath,2
Humboldt,nomadic,2
Humboldt,nordamerika,2
Humboldt,nordmann,2
Humboldt,norge,2
Humboldt,norman,2
Humboldt,northeastern,2
Humboldt,norther,2
Humboldt,northumberland,2
Humboldt,norwegian,2
Humboldt,nos,2
Humboldt,nourishment,2
Humboldt,nouvelles,2
Humboldt,novam,2
Humboldt,novum,2
Humboldt,nubicola,2
Humboldt,nullis,2
Humboldt,nutation,2
Humboldt,nutrient,2
Humboldt,nutrition,2
Humboldt,nyt,2
Humboldt,obi,2
Humboldt,objectionable,2
Humboldt,objective,2
Humboldt,obligations,2
Humboldt,obliged,2
Humboldt,obscurations,2
Humboldt,obscured,2
Humboldt,obtaining,2
Humboldt,occasional,2
Humboldt,occupies,2
Humboldt,occupying,2
Humboldt,octahedral,2
Humboldt,ocular,2
Humboldt,offers,2
Humboldt,ohio,2
Humboldt,olives,2
Humboldt,oltmanns,2
Humboldt,olympiad,2
Humboldt,omnes,2
Humboldt,omnium,2
Humboldt,opera,2
Humboldt,opportunities,2
Humboldt,oppose,2
Humboldt,orbe,2
Humboldt,orbem,2
Humboldt,orbis,2
Humboldt,organ,2
Humboldt,organische,2
Humboldt,organon,2
Humboldt,oriantur,2
Humboldt,origen,2
Humboldt,originem,2
Humboldt,orizaba,2
Humboldt,ornithic,2
Humboldt,oryctologica,2
Humboldt,osteological,2
Humboldt,otho,2
Humboldt,outward,2
Humboldt,overlook,2
Humboldt,overlooked,2
Humboldt,overrated,2
Humboldt,overthrown,2
Humboldt,oviedo,2
Humboldt,owns,2
Humboldt,oxus,2
Humboldt,palaeologica,2
Humboldt,palaeosaurus,2
Humboldt,palmeta,2
Humboldt,pape,2
Humboldt,papers,2
Humboldt,papuas,2
Humboldt,park,2
Humboldt,parnassia,2
Humboldt,parrot,2
Humboldt,parrots,2
Humboldt,partem,2
Humboldt,partes,2
Humboldt,parum,2
Humboldt,pastures,2
Humboldt,patches,2
Humboldt,patricii,2
Humboldt,pause,2
Humboldt,peaceful,2
Humboldt,pelagic,2
Humboldt,pene,2
Humboldt,peopled,2
Humboldt,perform,2
Humboldt,performed,2
Humboldt,perilous,2
Humboldt,perpendicularly,2
Humboldt,perpetua,2
Humboldt,perpetuated,2
Humboldt,persecution,2
Humboldt,persevering,2
Humboldt,perspective,2
Humboldt,perspectively,2
Humboldt,peters,2
Humboldt,petersbourg,2
Humboldt,petite,2
Humboldt,peucati,2
Humboldt,peuples,2
Humboldt,phaedriadae,2
Humboldt,phanerogamia,2
Humboldt,phantoms,2
Humboldt,phasells,2
Humboldt,philological,2
Humboldt,philologist,2
Humboldt,philosophiae,2
Humboldt,phonolithe,2
Humboldt,photographic,2
Humboldt,phraseology,2
Humboldt,physic,2
Humboldt,physically,2
Humboldt,pictures,2
Humboldt,picturesquely,2
Humboldt,pieces,2
Humboldt,pierce,2
Humboldt,pierces,2
Humboldt,pilatus,2
Humboldt,pindar,2
Humboldt,pineta,2
Humboldt,pinnacles,2
Humboldt,pioneer,2
Humboldt,pirene,2
Humboldt,pisces,2
Humboldt,plainly,2
Humboldt,plana,2
Humboldt,planis,2
Humboldt,plantae,2
Humboldt,plates,2
Humboldt,platinum,2
Humboldt,pleiades,2
Humboldt,plesiosauri,2
Humboldt,plural,2
Humboldt,plurimi,2
Humboldt,podocarpus,2
Humboldt,poetic,2
Humboldt,polo,2
Humboldt,polybasic,2
Humboldt,polybius,2
Humboldt,polygastric,2
Humboldt,polythalamia,2
Humboldt,pons,2
Humboldt,pontificatus,2
Humboldt,poor,2
Humboldt,poplars,2
Humboldt,portrait,2
Humboldt,portugal,2
Humboldt,post,2
Humboldt,potest,2
Humboldt,poured,2
Humboldt,praderias,2
Humboldt,precede,2
Humboldt,precious,2
Humboldt,precision,2
Humboldt,predict,2
Humboldt,prediction,2
Humboldt,predominated,2
Humboldt,predominates,2
Humboldt,predominating,2
Humboldt,preference,2
Humboldt,preliminary,2
Humboldt,preparing,2
Humboldt,presentation,2
Humboldt,preservation,2
Humboldt,presume,2
Humboldt,presumed,2
Humboldt,presupposes,2
Humboldt,pretensions,2
Humboldt,prevent,2
Humboldt,prevents,2
Humboldt,prevost,2
Humboldt,primam,2
Humboldt,primaria,2
Humboldt,primordially,2
Humboldt,prince,2
Humboldt,principally,2
Humboldt,prismatic,2
Humboldt,probabilité,2
Humboldt,probaby,2
Humboldt,processions,2
Humboldt,profit,2
Humboldt,profoundly,2
Humboldt,progressively,2
Humboldt,projectile,2
Humboldt,prominent,2
Humboldt,prominently,2
Humboldt,promises,2
Humboldt,prompts,2
Humboldt,promulgated,2
Humboldt,prony,2
Humboldt,propagate,2
Humboldt,proportionate,2
Humboldt,proposition,2
Humboldt,proprium,2
Humboldt,prose,2
Humboldt,protect,2
Humboldt,protection,2
Humboldt,proves,2
Humboldt,provision,2
Humboldt,pterophyllum,2
Humboldt,publicly,2
Humboldt,publishing,2
Humboldt,puits,2
Humboldt,purest,2
Humboldt,purposely,2
Humboldt,pursues,2
Humboldt,putting,2
Humboldt,pyramid,2
Humboldt,pyramidally,2
Humboldt,pétersbourg,2
Humboldt,quaeque,2
Humboldt,quarters,2
Humboldt,quasi,2
Humboldt,quaternary,2
Humboldt,quenstedt,2
Humboldt,quia,2
Humboldt,quick,2
Humboldt,quidam,2
Humboldt,quintae,2
Humboldt,quis,2
Humboldt,quos,2
Humboldt,quote,2
Humboldt,quæ,2
Humboldt,radiate,2
Humboldt,radiations,2
Humboldt,rainbows,2
Humboldt,rainy,2
Humboldt,raising,2
Humboldt,ramifications,2
Humboldt,rammelsberg,2
Humboldt,ranked,2
Humboldt,rapilli,2
Humboldt,rapports,2
Humboldt,rawak,2
Humboldt,readable,2
Humboldt,readers,2
Humboldt,reasonable,2
Humboldt,recall,2
Humboldt,recedes,2
Humboldt,receding,2
Humboldt,receipt,2
Humboldt,recognise,2
Humboldt,recognizes,2
Humboldt,recollect,2
Humboldt,recommend,2
Humboldt,reconcile,2
Humboldt,records,2
Humboldt,recur,2
Humboldt,recurs,2
Humboldt,reddish,2
Humboldt,redistributing,2
Humboldt,redistribution,2
Humboldt,reducing,2
Humboldt,reed,2
Humboldt,referring,2
Humboldt,reflect,2
Humboldt,reflective,2
Humboldt,reflector,2
Humboldt,reflects,2
Humboldt,refuge,2
Humboldt,refuse,2
Humboldt,registering,2
Humboldt,regret,2
Humboldt,regulated,2
Humboldt,reigned,2
Humboldt,reinhold,2
Humboldt,reinwardt,2
Humboldt,rejects,2
Humboldt,relate,2
Humboldt,relinquish,2
Humboldt,remainder,2
Humboldt,rendering,2
Humboldt,repelled,2
Humboldt,repetition,2
Humboldt,reply,2
Humboldt,reported,2
Humboldt,reports,2
Humboldt,reproductive,2
Humboldt,reputation,2
Humboldt,res,2
Humboldt,residence,2
Humboldt,resist,2
Humboldt,resolve,2
Humboldt,respects,2
Humboldt,respiration,2
Humboldt,respiratory,2
Humboldt,resplendent,2
Humboldt,restoration,2
Humboldt,retina,2
Humboldt,returns,2
Humboldt,revealing,2
Humboldt,revision,2
Humboldt,revival,2
Humboldt,revolves,2
Humboldt,rhomboidal,2
Humboldt,rib,2
Humboldt,ribes,2
Humboldt,richard,2
Humboldt,richly,2
Humboldt,richmond,2
Humboldt,ridge,2
Humboldt,righi,2
Humboldt,rind,2
Humboldt,road,2
Humboldt,robertson,2
Humboldt,rodriguez,2
Humboldt,romam,2
Humboldt,romantic,2
Humboldt,romer,2
Humboldt,ronalds,2
Humboldt,roof,2
Humboldt,rorerbubel,2
Humboldt,roses,2
Humboldt,rotate,2
Humboldt,rough,2
Humboldt,rounded,2
Humboldt,rozier,2
Humboldt,rucu,2
Humboldt,rudolph,2
Humboldt,ruined,2
Humboldt,rumker,2
Humboldt,run,2
Humboldt,ruppell,2
Humboldt,russland,2
Humboldt,sadness,2
Humboldt,safe,2
Humboldt,saga,2
Humboldt,sagittarius,2
Humboldt,sagra,2
Humboldt,sailors,2
Humboldt,salamander,2
Humboldt,saltness,2
Humboldt,samuel,2
Humboldt,sandy,2
Humboldt,sank,2
Humboldt,satisfactorily,2
Humboldt,satisfied,2
Humboldt,satisfy,2
Humboldt,saturated,2
Humboldt,saturnalia,2
Humboldt,saurian,2
Humboldt,savage,2
Humboldt,scandinavia,2
Humboldt,scania,2
Humboldt,scanty,2
Humboldt,schahnameh,2
Humboldt,schayer,2
Humboldt,scheerer,2
Humboldt,schiller,2
Humboldt,schneekoppe,2
Humboldt,schneider,2
Humboldt,schnurrer,2
Humboldt,schol,2
Humboldt,schouten,2
Humboldt,schouw,2
Humboldt,schreckhorn,2
Humboldt,schriften,2
Humboldt,schubert,2
Humboldt,scina,2
Humboldt,scintillation,2
Humboldt,scope,2
Humboldt,scoresby,2
Humboldt,scriptores,2
Humboldt,scythians,2
Humboldt,search,2
Humboldt,secretary,2
Humboldt,seigne,2
Humboldt,seine,2
Humboldt,selection,2
Humboldt,selenium,2
Humboldt,seleucus,2
Humboldt,semitic,2
Humboldt,sensitive,2
Humboldt,sentence,2
Humboldt,sentiments,2
Humboldt,separately,2
Humboldt,separating,2
Humboldt,sepia,2
Humboldt,serenity,2
Humboldt,ses,2
Humboldt,seu,2
Humboldt,severed,2
Humboldt,shaft,2
Humboldt,shared,2
Humboldt,sharpness,2
Humboldt,sheets,2
Humboldt,shetland,2
Humboldt,shields,2
Humboldt,shines,2
Humboldt,ships,2
Humboldt,shoots,2
Humboldt,shortness,2
Humboldt,showers,2
Humboldt,sicut,2
Humboldt,sidera,2
Humboldt,sidus,2
Humboldt,sigillariae,2
Humboldt,signa,2
Humboldt,silex,2
Humboldt,siliceous,2
Humboldt,similarities,2
Humboldt,simon,2
Humboldt,sint,2
Humboldt,sinus,2
Humboldt,sirowatskoi,2
Humboldt,situations,2
Humboldt,sixteen,2
Humboldt,sizes,2
Humboldt,sketched,2
Humboldt,sketching,2
Humboldt,skirt,2
Humboldt,skirts,2
Humboldt,skulls,2
Humboldt,slab,2
Humboldt,slags,2
Humboldt,slave,2
Humboldt,slavonic,2
Humboldt,sleep,2
Humboldt,slowness,2
Humboldt,smelting,2
Humboldt,smoking,2
Humboldt,snowy,2
Humboldt,snuff,2
Humboldt,socrates,2
Humboldt,sodalite,2
Humboldt,soemund,2
Humboldt,softening,2
Humboldt,soils,2
Humboldt,sojourn,2
Humboldt,sol,2
Humboldt,solfatara,2
Humboldt,solicit,2
Humboldt,solstice,2
Humboldt,solstices,2
Humboldt,solve,2
Humboldt,solvitzborg,2
Humboldt,somerville,2
Humboldt,somma,2
Humboldt,sonnet,2
Humboldt,sooty,2
Humboldt,sounded,2
Humboldt,sounding,2
Humboldt,soundings,2
Humboldt,southward,2
Humboldt,sown,2
Humboldt,soyate,2
Humboldt,spark,2
Humboldt,specialties,2
Humboldt,specifically,2
Humboldt,specular,2
Humboldt,spent,2
Humboldt,spiritu,2
Humboldt,spontaneously,2
Humboldt,sporadically,2
Humboldt,sprachbaues,2
Humboldt,stands,2
Humboldt,statue,2
Humboldt,steel,2
Humboldt,steep,2
Humboldt,stem,2
Humboldt,sternberg,2
Humboldt,stigmariae,2
Humboldt,stimulate,2
Humboldt,stollens,2
Humboldt,stomach,2
Humboldt,stored,2
Humboldt,stories,2
Humboldt,straight,2
Humboldt,strangers,2
Humboldt,strasburg,2
Humboldt,strate,2
Humboldt,streamers,2
Humboldt,strengthen,2
Humboldt,strengthened,2
Humboldt,stretching,2
Humboldt,stricken,2
Humboldt,strickland,2
Humboldt,strictest,2
Humboldt,strife,2
Humboldt,strokes,2
Humboldt,strokr,2
Humboldt,stromeyer,2
Humboldt,strta,2
Humboldt,struggle,2
Humboldt,subdivision,2
Humboldt,sublimity,2
Humboldt,submersion,2
Humboldt,submit,2
Humboldt,submitting,2
Humboldt,substitute,2
Humboldt,substitution,2
Humboldt,subterraneum,2
Humboldt,successful,2
Humboldt,sud,2
Humboldt,suez,2
Humboldt,suggestion,2
Humboldt,sulphureous,2
Humboldt,sung,2
Humboldt,sunset,2
Humboldt,superficiality,2
Humboldt,superficie,2
Humboldt,superiority,2
Humboldt,supervision,2
Humboldt,suppl,2
Humboldt,supplementary,2
Humboldt,supply,2
Humboldt,supporting,2
Humboldt,suppositions,2
Humboldt,supreme,2
Humboldt,surpassing,2
Humboldt,surround,2
Humboldt,surveys,2
Humboldt,survive,2
Humboldt,suspect,2
Humboldt,suspension,2
Humboldt,swamps,2
Humboldt,sweet,2
Humboldt,synonymous,2
Humboldt,tarantaise,2
Humboldt,tartarian,2
Humboldt,teaching,2
Humboldt,technical,2
Humboldt,teeth,2
Humboldt,temperiem,2
Humboldt,tempest,2
Humboldt,temple,2
Humboldt,temporibus,2
Humboldt,tenths,2
Humboldt,tents,2
Humboldt,tenuity,2
Humboldt,terming,2
Humboldt,ternary,2
Humboldt,terraces,2
Humboldt,terrarum,2
Humboldt,terris,2
Humboldt,test,2
Humboldt,testifies,2
Humboldt,tetri,2
Humboldt,thales,2
Humboldt,thatigkeit,2
Humboldt,thecodontosaurus,2
Humboldt,theon,2
Humboldt,theophylactus,2
Humboldt,theoriam,2
Humboldt,theories,2
Humboldt,thera,2
Humboldt,theria,2
Humboldt,thermo,2
Humboldt,thermometrical,2
Humboldt,thierarten,2
Humboldt,thinner,2
Humboldt,tiberias,2
Humboldt,tillard,2
Humboldt,titanium,2
Humboldt,tna,2
Humboldt,tobolsk,2
Humboldt,tolerable,2
Humboldt,tolerably,2
Humboldt,tornea,2
Humboldt,toronto,2
Humboldt,tortona,2
Humboldt,totality,2
Humboldt,touches,2
Humboldt,tour,2
Humboldt,trabes,2
Humboldt,tracing,2
Humboldt,tract,2
Humboldt,traditional,2
Humboldt,traditionary,2
Humboldt,transmits,2
Humboldt,treasure,2
Humboldt,treasures,2
Humboldt,tremor,2
Humboldt,triangular,2
Humboldt,trifling,2
Humboldt,trouve,2
Humboldt,truenos,2
Humboldt,trunk,2
Humboldt,trust,2
Humboldt,truxillo,2
Humboldt,tschuan,2
Humboldt,tschudi,2
Humboldt,tubes,2
Humboldt,tufaceous,2
Humboldt,tunc,2
Humboldt,turf,2
Humboldt,turkish,2
Humboldt,tycho,2
Humboldt,umbrian,2
Humboldt,una,2
Humboldt,unattainable,2
Humboldt,unattained,2
Humboldt,unconsciously,2
Humboldt,unde,2
Humboldt,undecided,2
Humboldt,undergoes,2
Humboldt,undertook,2
Humboldt,undoubted,2
Humboldt,unexpectedly,2
Humboldt,unfold,2
Humboldt,unhappily,2
Humboldt,unheeded,2
Humboldt,uniaxal,2
Humboldt,unimportant,2
Humboldt,uninjured,2
Humboldt,unit,2
Humboldt,uniting,2
Humboldt,universalis,2
Humboldt,university,2
Humboldt,unlimited,2
Humboldt,unopened,2
Humboldt,unparalleled,2
Humboldt,unquestionable,2
Humboldt,unsatisfied,2
Humboldt,unscientific,2
Humboldt,unstable,2
Humboldt,unterhaltungen,2
Humboldt,untersuchungen,2
Humboldt,untrodden,2
Humboldt,untutored,2
Humboldt,unus,2
Humboldt,unwearied,2
Humboldt,unwilling,2
Humboldt,updated,2
Humboldt,uplifting,2
Humboldt,uppermost,2
Humboldt,upright,2
Humboldt,upsala,2
Humboldt,upton,2
Humboldt,urben,2
Humboldt,utterly,2
Humboldt,valenciennes,2
Humboldt,valves,2
Humboldt,valz,2
Humboldt,vanish,2
Humboldt,vanishes,2
Humboldt,vassalli,2
Humboldt,vegetaux,2
Humboldt,velocities,2
Humboldt,vent,2
Humboldt,verbal,2
Humboldt,vergleichende,2
Humboldt,verhandl,2
Humboldt,verhältniss,2
Humboldt,vero,2
Humboldt,verschiedenheit,2
Humboldt,versus,2
Humboldt,vertebrae,2
Humboldt,vertically,2
Humboldt,vesuvian,2
Humboldt,vico,2
Humboldt,videretur,2
Humboldt,vides,2
Humboldt,vidimus,2
Humboldt,violently,2
Humboldt,violet,2
Humboldt,vires,2
Humboldt,viscera,2
Humboldt,viscous,2
Humboldt,visi,2
Humboldt,visibility,2
Humboldt,visions,2
Humboldt,visitation,2
Humboldt,vita,2
Humboldt,vivify,2
Humboldt,vocabulario,2
Humboldt,vocatur,2
Humboldt,voice,2
Humboldt,volta,2
Humboldt,vrolik,2
Humboldt,wagner,2
Humboldt,wander,2
Humboldt,wanderings,2
Humboldt,warranty,2
Humboldt,weak,2
Humboldt,weaker,2
Humboldt,weakest,2
Humboldt,wearmouth,2
Humboldt,weeks,2
Humboldt,weighed,2
Humboldt,welcker,2
Humboldt,werner,2
Humboldt,weston,2
Humboldt,westward,2
Humboldt,whatsoever,2
Humboldt,whiteness,2
Humboldt,windroses,2
Humboldt,wing,2
Humboldt,winters,2
Humboldt,wire,2
Humboldt,wished,2
Humboldt,wishes,2
Humboldt,wissenschaftlichen,2
Humboldt,witnessed,2
Humboldt,wohler,2
Humboldt,wollaston,2
Humboldt,wont,2
Humboldt,wright,2
Humboldt,wurtembergs,2
Humboldt,wurzburg,2
Humboldt,xli,2
Humboldt,xlii,2
Humboldt,xliii,2
Humboldt,xlix,2
Humboldt,xvii,2
Humboldt,xxi,2
Humboldt,xxiv,2
Humboldt,xxxi,2
Humboldt,xxxv,2
Humboldt,xxxvi,2
Humboldt,yerva,2
Humboldt,yielding,2
Humboldt,yul,2
Humboldt,zeal,2
Humboldt,zeiten,2
Humboldt,zelmer,2
Humboldt,zimmerman,2
Humboldt,zodical,2
Humboldt,zoyatl,2
Humboldt,zum,2
Humboldt,zërolite,2
Humboldt,ème,2
Humboldt,über,2
Khaldun,abandoning,2
Khaldun,abandons,2
Khaldun,abbâd,2
Khaldun,abridgment,2
Khaldun,abrogated,2
Khaldun,abstractions,2
Khaldun,absurdities,2
Khaldun,absurdity,2
Khaldun,abuse,2
Khaldun,abyssinia,2
Khaldun,abyssinian,2
Khaldun,accepting,2
Khaldun,accepts,2
Khaldun,accompanies,2
Khaldun,accumulated,2
Khaldun,achaemenid,2
Khaldun,achievement,2
Khaldun,acknowledgment,2
Khaldun,acquaints,2
Khaldun,adding,2
Khaldun,addresses,2
Khaldun,aden,2
Khaldun,adepts,2
Khaldun,adh,2
Khaldun,admixtures,2
Khaldun,adoption,2
Khaldun,adriatic,2
Khaldun,advances,2
Khaldun,advancing,2
Khaldun,advantageous,2
Khaldun,advantages,2
Khaldun,advise,2
Khaldun,advisory,2
Khaldun,adâlah,2
Khaldun,affirmed,2
Khaldun,afflict,2
Khaldun,afford,2
Khaldun,afrîqus,2
Khaldun,aggravated,2
Khaldun,aggressive,2
Khaldun,agreeing,2
Khaldun,aided,2
Khaldun,aimed,2
Khaldun,alien,2
Khaldun,alleged,2
Khaldun,allegorically,2
Khaldun,allowed,2
Khaldun,almoravid,2
Khaldun,almsgiving,2
Khaldun,aloud,2
Khaldun,alâmah,2
Khaldun,alîds,2
Khaldun,amassed,2
Khaldun,amazed,2
Khaldun,amazement,2
Khaldun,ambassadors,2
Khaldun,ambiguity,2
Khaldun,ambition,2
Khaldun,ambitious,2
Khaldun,amidst,2
Khaldun,amputation,2
Khaldun,amusements,2
Khaldun,amîn,2
Khaldun,analysis,2
Khaldun,ananias,2
Khaldun,anatolia,2
Khaldun,ancestral,2
Khaldun,ancestry,2
Khaldun,anger,2
Khaldun,annihilated,2
Khaldun,annoyance,2
Khaldun,answer,2
Khaldun,anthropomorphism,2
Khaldun,apathy,2
Khaldun,apparently,2
Khaldun,appetite,2
Khaldun,appointee,2
Khaldun,appositions,2
Khaldun,appreciated,2
Khaldun,appropriately,2
Khaldun,appropriates,2
Khaldun,appropriating,2
Khaldun,appropriation,2
Khaldun,approved,2
Khaldun,aptitude,2
Khaldun,architects,2
Khaldun,argue,2
Khaldun,argued,2
Khaldun,aright,2
Khaldun,arising,2
Khaldun,aristotelian,2
Khaldun,arithmetical,2
Khaldun,armed,2
Khaldun,armenia,2
Khaldun,armenians,2
Khaldun,arrive,2
Khaldun,arriving,2
Khaldun,arrogance,2
Khaldun,arrogant,2
Khaldun,ascertain,2
Khaldun,ascribe,2
Khaldun,ascribing,2
Khaldun,aspiring,2
Khaldun,assertions,2
Khaldun,assimilated,2
Khaldun,assimilating,2
Khaldun,assistants,2
Khaldun,associates,2
Khaldun,assurance,2
Khaldun,assures,2
Khaldun,astonishing,2
Khaldun,astrologer,2
Khaldun,ate,2
Khaldun,atmosphere,2
Khaldun,attaching,2
Khaldun,attachments,2
Khaldun,attempting,2
Khaldun,attend,2
Khaldun,attesting,2
Khaldun,attributing,2
Khaldun,audiences,2
Khaldun,augmented,2
Khaldun,augustus,2
Khaldun,awaiting,2
Khaldun,ayn,2
Khaldun,background,2
Khaldun,baggage,2
Khaldun,bakers,2
Khaldun,balkh,2
Khaldun,banks,2
Khaldun,barca,2
Khaldun,barred,2
Khaldun,barrel,2
Khaldun,barter,2
Khaldun,bases,2
Khaldun,basket,2
Khaldun,battlefield,2
Khaldun,bearing,2
Khaldun,beaten,2
Khaldun,beds,2
Khaldun,befitting,2
Khaldun,beggars,2
Khaldun,beginner,2
Khaldun,beholds,2
Khaldun,beja,2
Khaldun,believes,2
Khaldun,beloved,2
Khaldun,beneficial,2
Khaldun,benefits,2
Khaldun,benevolent,2
Khaldun,bestow,2
Khaldun,bestowed,2
Khaldun,bile,2
Khaldun,bird,2
Khaldun,biscuit,2
Khaldun,biskra,2
Khaldun,bits,2
Khaldun,blackness,2
Khaldun,blamed,2
Khaldun,boatmen,2
Khaldun,boats,2
Khaldun,bodied,2
Khaldun,boiling,2
Khaldun,bone,2
Khaldun,boundary,2
Khaldun,bowels,2
Khaldun,breasts,2
Khaldun,briefly,2
Khaldun,brilliantly,2
Khaldun,broke,2
Khaldun,budget,2
Khaldun,builders,2
Khaldun,buluggîn,2
Khaldun,burial,2
Khaldun,burning,2
Khaldun,busy,2
Khaldun,buyers,2
Khaldun,bâb,2
Khaldun,calculate,2
Khaldun,calculations,2
Khaldun,calligraphers,2
Khaldun,calligraphy,2
Khaldun,calling,2
Khaldun,campaigns,2
Khaldun,camps,2
Khaldun,canon,2
Khaldun,capability,2
Khaldun,captivity,2
Khaldun,capture,2
Khaldun,careless,2
Khaldun,cares,2
Khaldun,caste,2
Khaldun,catch,2
Khaldun,cater,2
Khaldun,cathartics,2
Khaldun,causer,2
Khaldun,celebrations,2
Khaldun,cemented,2
Khaldun,central,2
Khaldun,ceuta,2
Khaldun,chair,2
Khaldun,chaldaeans,2
Khaldun,chamber,2
Khaldun,champions,2
Khaldun,chances,2
Khaldun,changing,2
Khaldun,channel,2
Khaldun,charged,2
Khaldun,cheaply,2
Khaldun,checking,2
Khaldun,cheerfulness,2
Khaldun,chess,2
Khaldun,chewed,2
Khaldun,chieftain,2
Khaldun,childhood,2
Khaldun,chinese,2
Khaldun,choked,2
Khaldun,circulate,2
Khaldun,circulates,2
Khaldun,circulation,2
Khaldun,circumstance,2
Khaldun,cite,2
Khaldun,cited,2
Khaldun,civilian,2
Khaldun,claimant,2
Khaldun,claiming,2
Khaldun,clan,2
Khaldun,clarified,2
Khaldun,clarifies,2
Khaldun,classified,2
Khaldun,clearer,2
Khaldun,clement,2
Khaldun,cloth,2
Khaldun,clouds,2
Khaldun,clue,2
Khaldun,coat,2
Khaldun,coercion,2
Khaldun,collects,2
Khaldun,colourings,2
Khaldun,combat,2
Khaldun,combatants,2
Khaldun,comfortable,2
Khaldun,comforts,2
Khaldun,commoners,2
Khaldun,communities,2
Khaldun,companionship,2
Khaldun,compelled,2
Khaldun,competes,2
Khaldun,competing,2
Khaldun,complaints,2
Khaldun,completes,2
Khaldun,complex,2
Khaldun,compliance,2
Khaldun,components,2
Khaldun,concede,2
Khaldun,concentrate,2
Khaldun,concert,2
Khaldun,concise,2
Khaldun,conclude,2
Khaldun,concluded,2
Khaldun,concluding,2
Khaldun,conditioning,2
Khaldun,cones,2
Khaldun,confidence,2
Khaldun,confiscation,2
Khaldun,confuse,2
Khaldun,confusing,2
Khaldun,connections,2
Khaldun,conquer,2
Khaldun,consisting,2
Khaldun,console,2
Khaldun,consonants,2
Khaldun,conspicuous,2
Khaldun,constitutional,2
Khaldun,consultative,2
Khaldun,contemptible,2
Khaldun,contradicts,2
Khaldun,contributes,2
Khaldun,controlling,2
Khaldun,convenience,2
Khaldun,convenient,2
Khaldun,conversation,2
Khaldun,convinced,2
Khaldun,convincing,2
Khaldun,cooperate,2
Khaldun,cope,2
Khaldun,copies,2
Khaldun,copy,2
Khaldun,copying,2
Khaldun,cord,2
Khaldun,cordial,2
Khaldun,cordoba,2
Khaldun,core,2
Khaldun,corners,2
Khaldun,corporeality,2
Khaldun,corrected,2
Khaldun,corrective,2
Khaldun,costs,2
Khaldun,cotton,2
Khaldun,counterparts,2
Khaldun,counting,2
Khaldun,counts,2
Khaldun,cowardice,2
Khaldun,creations,2
Khaldun,creed,2
Khaldun,crept,2
Khaldun,crown,2
Khaldun,crumble,2
Khaldun,cry,2
Khaldun,curse,2
Khaldun,curtailed,2
Khaldun,curtailment,2
Khaldun,curtain,2
Khaldun,cyprus,2
Khaldun,dancing,2
Khaldun,dangerous,2
Khaldun,dare,2
Khaldun,darkness,2
Khaldun,deaf,2
Khaldun,dear,2
Khaldun,debtors,2
Khaldun,decides,2
Khaldun,decisive,2
Khaldun,declaration,2
Khaldun,declare,2
Khaldun,declinations,2
Khaldun,deduces,2
Khaldun,defending,2
Khaldun,defends,2
Khaldun,define,2
Khaldun,delhi,2
Khaldun,delicacies,2
Khaldun,delicate,2
Khaldun,deliver,2
Khaldun,delivered,2
Khaldun,delivering,2
Khaldun,delusions,2
Khaldun,denial,2
Khaldun,denote,2
Khaldun,denying,2
Khaldun,department,2
Khaldun,depended,2
Khaldun,depict,2
Khaldun,depicted,2
Khaldun,depicts,2
Khaldun,deputy,2
Khaldun,describes,2
Khaldun,describing,2
Khaldun,desiccation,2
Khaldun,despairs,2
Khaldun,despise,2
Khaldun,destiny,2
Khaldun,destroying,2
Khaldun,deteriorate,2
Khaldun,deteriorated,2
Khaldun,deteriorates,2
Khaldun,determining,2
Khaldun,deterred,2
Khaldun,deterring,2
Khaldun,detestable,2
Khaldun,devastated,2
Khaldun,developing,2
Khaldun,developments,2
Khaldun,devices,2
Khaldun,devised,2
Khaldun,devotes,2
Khaldun,dhû,2
Khaldun,differentiation,2
Khaldun,differing,2
Khaldun,dignitary,2
Khaldun,diminish,2
Khaldun,diminished,2
Khaldun,disagree,2
Khaldun,discard,2
Khaldun,discern,2
Khaldun,discharge,2
Khaldun,disciplinary,2
Khaldun,disciplined,2
Khaldun,disconnected,2
Khaldun,discontinued,2
Khaldun,discrepancies,2
Khaldun,disinclination,2
Khaldun,disintegrating,2
Khaldun,disliked,2
Khaldun,disordered,2
Khaldun,disorganized,2
Khaldun,disposal,2
Khaldun,dispose,2
Khaldun,dispositions,2
Khaldun,dispute,2
Khaldun,dissolve,2
Khaldun,distortions,2
Khaldun,distribute,2
Khaldun,divergent,2
Khaldun,diverted,2
Khaldun,divide,2
Khaldun,dividing,2
Khaldun,dogmatic,2
Khaldun,domesticated,2
Khaldun,donkey,2
Khaldun,doorkeepers,2
Khaldun,dot,2
Khaldun,drop,2
Khaldun,drops,2
Khaldun,drunkenness,2
Khaldun,dug,2
Khaldun,eagerness,2
Khaldun,ear,2
Khaldun,earning,2
Khaldun,easterners,2
Khaldun,edible,2
Khaldun,edition,2
Khaldun,edomites,2
Khaldun,educating,2
Khaldun,efficient,2
Khaldun,elaborately,2
Khaldun,elected,2
Khaldun,elegies,2
Khaldun,elenchi,2
Khaldun,elevated,2
Khaldun,eleven,2
Khaldun,embarked,2
Khaldun,embellish,2
Khaldun,emblem,2
Khaldun,emerald,2
Khaldun,emotionalism,2
Khaldun,empirical,2
Khaldun,emptiness,2
Khaldun,encampments,2
Khaldun,enclosures,2
Khaldun,encountered,2
Khaldun,encounters,2
Khaldun,encourage,2
Khaldun,encouraging,2
Khaldun,endeavours,2
Khaldun,energetic,2
Khaldun,enforcing,2
Khaldun,engages,2
Khaldun,engaging,2
Khaldun,engrained,2
Khaldun,enjoyment,2
Khaldun,enlightened,2
Khaldun,enormous,2
Khaldun,enslaved,2
Khaldun,enslavement,2
Khaldun,entails,2
Khaldun,entering,2
Khaldun,entirety,2
Khaldun,entrenched,2
Khaldun,entrusting,2
Khaldun,entrusts,2
Khaldun,enumerate,2
Khaldun,enumeration,2
Khaldun,environs,2
Khaldun,epistle,2
Khaldun,epoch,2
Khaldun,equated,2
Khaldun,equinoxes,2
Khaldun,equipped,2
Khaldun,eradication,2
Khaldun,erected,2
Khaldun,estranged,2
Khaldun,ethical,2
Khaldun,evaluate,2
Khaldun,eventual,2
Khaldun,evidently,2
Khaldun,examined,2
Khaldun,examines,2
Khaldun,exceptional,2
Khaldun,exchanges,2
Khaldun,excuse,2
Khaldun,exhaustive,2
Khaldun,exhausts,2
Khaldun,exiles,2
Khaldun,exod,2
Khaldun,expand,2
Khaldun,expanded,2
Khaldun,expeditions,2
Khaldun,expense,2
Khaldun,explicit,2
Khaldun,explicitly,2
Khaldun,explored,2
Khaldun,exposing,2
Khaldun,extinct,2
Khaldun,extinction,2
Khaldun,fables,2
Khaldun,fabrics,2
Khaldun,facilitating,2
Khaldun,facing,2
Khaldun,fails,2
Khaldun,fairly,2
Khaldun,farewell,2
Khaldun,farghânah,2
Khaldun,farmer,2
Khaldun,farâhîdî,2
Khaldun,fast,2
Khaldun,fatal,2
Khaldun,fatigue,2
Khaldun,feebleness,2
Khaldun,feet,2
Khaldun,fence,2
Khaldun,festive,2
Khaldun,fever,2
Khaldun,fiction,2
Khaldun,fierce,2
Khaldun,finer,2
Khaldun,firmer,2
Khaldun,fiscal,2
Khaldun,fits,2
Khaldun,fix,2
Khaldun,fixing,2
Khaldun,flame,2
Khaldun,fleeing,2
Khaldun,flight,2
Khaldun,flourish,2
Khaldun,fluids,2
Khaldun,foam,2
Khaldun,folded,2
Khaldun,foolishness,2
Khaldun,forcibly,2
Khaldun,foretell,2
Khaldun,forgers,2
Khaldun,forming,2
Khaldun,formula,2
Khaldun,forthcoming,2
Khaldun,founders,2
Khaldun,freed,2
Khaldun,freeing,2
Khaldun,fright,2
Khaldun,frightens,2
Khaldun,fringes,2
Khaldun,frivolous,2
Khaldun,frost,2
Khaldun,frugal,2
Khaldun,fulfils,2
Khaldun,funds,2
Khaldun,fusṭâṭ,2
Khaldun,futility,2
Khaldun,fâris,2
Khaldun,fârisî,2
Khaldun,galician,2
Khaldun,galicians,2
Khaldun,gambling,2
Khaldun,gap,2
Khaldun,garden,2
Khaldun,gather,2
Khaldun,gathers,2
Khaldun,gazelles,2
Khaldun,genealogical,2
Khaldun,generate,2
Khaldun,generous,2
Khaldun,genitives,2
Khaldun,geographers,2
Khaldun,geometrician,2
Khaldun,giants,2
Khaldun,gibraltar,2
Khaldun,goat,2
Khaldun,golden,2
Khaldun,goldsmiths,2
Khaldun,governed,2
Khaldun,governs,2
Khaldun,grades,2
Khaldun,granada,2
Khaldun,gratefulness,2
Khaldun,grave,2
Khaldun,greed,2
Khaldun,greeted,2
Khaldun,grounds,2
Khaldun,guaranteed,2
Khaldun,guarantor,2
Khaldun,guardian,2
Khaldun,gurganj,2
Khaldun,habitats,2
Khaldun,habitual,2
Khaldun,hampered,2
Khaldun,handles,2
Khaldun,harder,2
Khaldun,harem,2
Khaldun,harmed,2
Khaldun,harmfulness,2
Khaldun,harvest,2
Khaldun,hasmonean,2
Khaldun,hatch,2
Khaldun,headings,2
Khaldun,healthier,2
Khaldun,height,2
Khaldun,helping,2
Khaldun,hemistich,2
Khaldun,hermeneutics,2
Khaldun,heroes,2
Khaldun,hill,2
Khaldun,hilly,2
Khaldun,hired,2
Khaldun,hishâm,2
Khaldun,histories,2
Khaldun,hole,2
Khaldun,homelands,2
Khaldun,horns,2
Khaldun,horsemen,2
Khaldun,hospitality,2
Khaldun,hotter,2
Khaldun,households,2
Khaldun,humbleness,2
Khaldun,humming,2
Khaldun,hungry,2
Khaldun,hunters,2
Khaldun,hurried,2
Khaldun,hurts,2
Khaldun,husks,2
Khaldun,hyacinth,2
Khaldun,hyacinths,2
Khaldun,hûlâgû,2
Khaldun,ideal,2
Khaldun,identify,2
Khaldun,idrîs,2
Khaldun,idrîsids,2
Khaldun,idrîsî,2
Khaldun,iii,2
Khaldun,ikhshîdî,2
Khaldun,illustrates,2
Khaldun,illustration,2
Khaldun,imminent,2
Khaldun,immorality,2
Khaldun,imperfect,2
Khaldun,imperfectly,2
Khaldun,implausible,2
Khaldun,implication,2
Khaldun,implications,2
Khaldun,implicitly,2
Khaldun,importation,2
Khaldun,impotent,2
Khaldun,imprisoned,2
Khaldun,improving,2
Khaldun,incline,2
Khaldun,incompatibility,2
Khaldun,incorrect,2
Khaldun,incumbent,2
Khaldun,indescribably,2
Khaldun,indians,2
Khaldun,indistinct,2
Khaldun,indolent,2
Khaldun,inductively,2
Khaldun,indulge,2
Khaldun,ineffective,2
Khaldun,inertia,2
Khaldun,infallible,2
Khaldun,infected,2
Khaldun,infiltrated,2
Khaldun,inflections,2
Khaldun,infringe,2
Khaldun,infringements,2
Khaldun,ingenious,2
Khaldun,inherits,2
Khaldun,inimitable,2
Khaldun,injunctions,2
Khaldun,insanity,2
Khaldun,installations,2
Khaldun,instantly,2
Khaldun,instilled,2
Khaldun,instinct,2
Khaldun,instruct,2
Khaldun,instructing,2
Khaldun,insufficiency,2
Khaldun,intending,2
Khaldun,intent,2
Khaldun,interdependent,2
Khaldun,intermediate,2
Khaldun,internal,2
Khaldun,interposed,2
Khaldun,interrogationes,2
Khaldun,intersect,2
Khaldun,interspersed,2
Khaldun,interval,2
Khaldun,intimidation,2
Khaldun,introductory,2
Khaldun,invest,2
Khaldun,invested,2
Khaldun,investigations,2
Khaldun,invites,2
Khaldun,involuntarily,2
Khaldun,inwardly,2
Khaldun,irrigation,2
Khaldun,irâqis,2
Khaldun,ishârât,2
Khaldun,isolated,2
Khaldun,iḥyâ,2
Khaldun,iṣfahân,2
Khaldun,jacobites,2
Khaldun,jadl,2
Khaldun,jam,2
Khaldun,jew,2
Khaldun,jewels,2
Khaldun,jewish,2
Khaldun,jinn,2
Khaldun,joined,2
Khaldun,jokes,2
Khaldun,jordan,2
Khaldun,journeys,2
Khaldun,judicial,2
Khaldun,judiciary,2
Khaldun,juridical,2
Khaldun,kahlân,2
Khaldun,khalîl,2
Khaldun,kin,2
Khaldun,kindly,2
Khaldun,kindî,2
Khaldun,kinânah,2
Khaldun,kitchen,2
Khaldun,knot,2
Khaldun,kâfûr,2
Khaldun,labours,2
Khaldun,lassitude,2
Khaldun,late,2
Khaldun,latent,2
Khaldun,layers,2
Khaldun,lectures,2
Khaldun,ledge,2
Khaldun,legends,2
Khaldun,lessen,2
Khaldun,levy,2
Khaldun,liable,2
Khaldun,licence,2
Khaldun,limitless,2
Khaldun,linguistically,2
Khaldun,linked,2
Khaldun,lions,2
Khaldun,list,2
Khaldun,listened,2
Khaldun,listeners,2
Khaldun,locality,2
Khaldun,location,2
Khaldun,loosen,2
Khaldun,looting,2
Khaldun,lords,2
Khaldun,losses,2
Khaldun,loveliness,2
Khaldun,lovers,2
Khaldun,lowered,2
Khaldun,magians,2
Khaldun,magistrate,2
Khaldun,magnificence,2
Khaldun,mainland,2
Khaldun,maintained,2
Khaldun,majrîṭî,2
Khaldun,malga,2
Khaldun,malta,2
Khaldun,mamelukes,2
Khaldun,mandeb,2
Khaldun,mangonels,2
Khaldun,manifested,2
Khaldun,manipulations,2
Khaldun,mann,2
Khaldun,manned,2
Khaldun,manâf,2
Khaldun,marble,2
Khaldun,marrakech,2
Khaldun,marrying,2
Khaldun,marvellous,2
Khaldun,maryam,2
Khaldun,mastered,2
Khaldun,mathematicians,2
Khaldun,maturity,2
Khaldun,meaningless,2
Khaldun,measurement,2
Khaldun,mechanical,2
Khaldun,meek,2
Khaldun,melodious,2
Khaldun,memorable,2
Khaldun,mercenaries,2
Khaldun,messages,2
Khaldun,metaphor,2
Khaldun,mete,2
Khaldun,methodically,2
Khaldun,metonymy,2
Khaldun,mines,2
Khaldun,mirrors,2
Khaldun,misfortune,2
Khaldun,misfortunes,2
Khaldun,misguided,2
Khaldun,moderate,2
Khaldun,modifications,2
Khaldun,moistures,2
Khaldun,mongols,2
Khaldun,monkeys,2
Khaldun,moral,2
Khaldun,mount,2
Khaldun,mountainous,2
Khaldun,mughîrah,2
Khaldun,multiples,2
Khaldun,munqidh,2
Khaldun,muqaffa,2
Khaldun,musical,2
Khaldun,musicians,2
Khaldun,mustaẓhir,2
Khaldun,muster,2
Khaldun,mystics,2
Khaldun,nails,2
Khaldun,naked,2
Khaldun,nawbakht,2
Khaldun,nearby,2
Khaldun,nearing,2
Khaldun,nebuchadnezzar,2
Khaldun,necessitate,2
Khaldun,negatively,2
Khaldun,nets,2
Khaldun,newcomers,2
Khaldun,newly,2
Khaldun,news,2
Khaldun,nexus,2
Khaldun,nice,2
Khaldun,ninety,2
Khaldun,nomad,2
Khaldun,nominal,2
Khaldun,nonacknowledgment,2
Khaldun,normative,2
Khaldun,nourishing,2
Khaldun,nowadays,2
Khaldun,nullified,2
Khaldun,nuṣayr,2
Khaldun,nâẓir,2
Khaldun,objection,2
Khaldun,obliterated,2
Khaldun,obscurity,2
Khaldun,obsequiousness,2
Khaldun,occasional,2
Khaldun,oceans,2
Khaldun,offspring,2
Khaldun,olive,2
Khaldun,omitted,2
Khaldun,omitting,2
Khaldun,onagers,2
Khaldun,operates,2
Khaldun,ordinances,2
Khaldun,ordinarily,2
Khaldun,organize,2
Khaldun,organon,2
Khaldun,originating,2
Khaldun,orphans,2
Khaldun,outlays,2
Khaldun,outnumbered,2
Khaldun,overlooks,2
Khaldun,overpopulation,2
Khaldun,owing,2
Khaldun,owns,2
Khaldun,pace,2
Khaldun,packed,2
Khaldun,palate,2
Khaldun,palestine,2
Khaldun,palms,2
Khaldun,parable,2
Khaldun,parade,2
Khaldun,parchment,2
Khaldun,partial,2
Khaldun,participated,2
Khaldun,participation,2
Khaldun,pastime,2
Khaldun,patriarchate,2
Khaldun,pearl,2
Khaldun,peas,2
Khaldun,perceptible,2
Khaldun,perdition,2
Khaldun,permitting,2
Khaldun,perpendicular,2
Khaldun,persecuted,2
Khaldun,persecutes,2
Khaldun,persisted,2
Khaldun,petitioner,2
Khaldun,petitioners,2
Khaldun,phantasms,2
Khaldun,philistines,2
Khaldun,philological,2
Khaldun,physically,2
Khaldun,pick,2
Khaldun,pictured,2
Khaldun,pierced,2
Khaldun,pigmentation,2
Khaldun,plagues,2
Khaldun,plaster,2
Khaldun,pleasant,2
Khaldun,pleasing,2
Khaldun,plural,2
Khaldun,ply,2
Khaldun,policies,2
Khaldun,polis,2
Khaldun,polish,2
Khaldun,politeness,2
Khaldun,politically,2
Khaldun,polytheists,2
Khaldun,port,2
Khaldun,possessor,2
Khaldun,potentially,2
Khaldun,pray,2
Khaldun,preacher,2
Khaldun,precarious,2
Khaldun,preclude,2
Khaldun,predestination,2
Khaldun,predicted,2
Khaldun,predicting,2
Khaldun,prediction,2
Khaldun,predominance,2
Khaldun,predominant,2
Khaldun,preferable,2
Khaldun,prefers,2
Khaldun,prejudice,2
Khaldun,premise,2
Khaldun,preoccupations,2
Khaldun,preparations,2
Khaldun,prepares,2
Khaldun,preparing,2
Khaldun,prerequisite,2
Khaldun,prerequisites,2
Khaldun,prescribed,2
Khaldun,prestidigitation,2
Khaldun,presumptuous,2
Khaldun,prevails,2
Khaldun,preventive,2
Khaldun,primeval,2
Khaldun,privy,2
Khaldun,probe,2
Khaldun,procedures,2
Khaldun,procurement,2
Khaldun,prodigality,2
Khaldun,producing,2
Khaldun,productivity,2
Khaldun,professor,2
Khaldun,proficient,2
Khaldun,projects,2
Khaldun,prominence,2
Khaldun,pronounce,2
Khaldun,pronunciation,2
Khaldun,propagandists,2
Khaldun,proportionately,2
Khaldun,prosodists,2
Khaldun,provoke,2
Khaldun,prowess,2
Khaldun,published,2
Khaldun,pull,2
Khaldun,punishing,2
Khaldun,purest,2
Khaldun,purse,2
Khaldun,pursue,2
Khaldun,puzzles,2
Khaldun,qays,2
Khaldun,qaḥṭân,2
Khaldun,qaṣîdah,2
Khaldun,qilâbah,2
Khaldun,questioned,2
Khaldun,quicklime,2
Khaldun,quintessence,2
Khaldun,quit,2
Khaldun,quoted,2
Khaldun,qurashites,2
Khaldun,rainfall,2
Khaldun,raised,2
Khaldun,raising,2
Khaldun,range,2
Khaldun,ranking,2
Khaldun,rapacious,2
Khaldun,ratio,2
Khaldun,rationally,2
Khaldun,ravine,2
Khaldun,readjustment,2
Khaldun,reassume,2
Khaldun,rebellious,2
Khaldun,rebuild,2
Khaldun,recede,2
Khaldun,receding,2
Khaldun,recipient,2
Khaldun,recitation,2
Khaldun,recoils,2
Khaldun,recommendable,2
Khaldun,recommended,2
Khaldun,reeds,2
Khaldun,refine,2
Khaldun,refinements,2
Khaldun,reflects,2
Khaldun,refrains,2
Khaldun,refused,2
Khaldun,regains,2
Khaldun,regarded,2
Khaldun,register,2
Khaldun,registers,2
Khaldun,regulating,2
Khaldun,reigned,2
Khaldun,relate,2
Khaldun,relating,2
Khaldun,relaxation,2
Khaldun,remainder,2
Khaldun,remedy,2
Khaldun,remembered,2
Khaldun,removes,2
Khaldun,renders,2
Khaldun,repels,2
Khaldun,reporting,2
Khaldun,repository,2
Khaldun,request,2
Khaldun,resentment,2
Khaldun,reserved,2
Khaldun,reserves,2
Khaldun,restore,2
Khaldun,restored,2
Khaldun,retrogression,2
Khaldun,reverence,2
Khaldun,reviving,2
Khaldun,revolted,2
Khaldun,rewarded,2
Khaldun,ride,2
Khaldun,ridicule,2
Khaldun,righteous,2
Khaldun,rightly,2
Khaldun,rings,2
Khaldun,ripe,2
Khaldun,roam,2
Khaldun,rope,2
Khaldun,ropes,2
Khaldun,rudeness,2
Khaldun,rustum,2
Khaldun,sabtî,2
Khaldun,sacred,2
Khaldun,safely,2
Khaldun,sagacity,2
Khaldun,sage,2
Khaldun,sales,2
Khaldun,saliva,2
Khaldun,samaria,2
Khaldun,samarkand,2
Khaldun,sands,2
Khaldun,sassanians,2
Khaldun,satisfies,2
Khaldun,satisfying,2
Khaldun,saturn,2
Khaldun,saul,2
Khaldun,scanning,2
Khaldun,scientist,2
Khaldun,scientists,2
Khaldun,scorpions,2
Khaldun,scripture,2
Khaldun,scrutinized,2
Khaldun,seals,2
Khaldun,searching,2
Khaldun,season,2
Khaldun,seats,2
Khaldun,secretly,2
Khaldun,sect,2
Khaldun,secured,2
Khaldun,securely,2
Khaldun,security,2
Khaldun,select,2
Khaldun,selecting,2
Khaldun,selection,2
Khaldun,selective,2
Khaldun,selfish,2
Khaldun,seller,2
Khaldun,sensation,2
Khaldun,separates,2
Khaldun,settlers,2
Khaldun,severed,2
Khaldun,sevilla,2
Khaldun,shade,2
Khaldun,shadîd,2
Khaldun,shaken,2
Khaldun,shaking,2
Khaldun,sharpens,2
Khaldun,sharîf,2
Khaldun,shed,2
Khaldun,shields,2
Khaldun,shine,2
Khaldun,shooting,2
Khaldun,shops,2
Khaldun,shorter,2
Khaldun,shot,2
Khaldun,showered,2
Khaldun,shrank,2
Khaldun,shrewdness,2
Khaldun,shy,2
Khaldun,shâfi,2
Khaldun,shâh,2
Khaldun,sieves,2
Khaldun,sijilmâsah,2
Khaldun,silkworms,2
Khaldun,similarities,2
Khaldun,similes,2
Khaldun,simultaneously,2
Khaldun,sink,2
Khaldun,sire,2
Khaldun,sized,2
Khaldun,slane,2
Khaldun,slough,2
Khaldun,slow,2
Khaldun,slowly,2
Khaldun,slump,2
Khaldun,smears,2
Khaldun,smith,2
Khaldun,soghdians,2
Khaldun,sojourn,2
Khaldun,solely,2
Khaldun,solidly,2
Khaldun,sophisticated,2
Khaldun,sophistication,2
Khaldun,sophistici,2
Khaldun,soundly,2
Khaldun,southward,2
Khaldun,spaces,2
Khaldun,spacious,2
Khaldun,spaniard,2
Khaldun,spared,2
Khaldun,specialized,2
Khaldun,specially,2
Khaldun,specialty,2
Khaldun,specimens,2
Khaldun,speculations,2
Khaldun,speeches,2
Khaldun,spelled,2
Khaldun,spenders,2
Khaldun,spends,2
Khaldun,spirited,2
Khaldun,spittle,2
Khaldun,splitting,2
Khaldun,spreading,2
Khaldun,spurious,2
Khaldun,squares,2
Khaldun,stagnant,2
Khaldun,stamina,2
Khaldun,stamping,2
Khaldun,starling,2
Khaldun,stationariness,2
Khaldun,stationary,2
Khaldun,stepping,2
Khaldun,stimulate,2
Khaldun,stimulated,2
Khaldun,stopped,2
Khaldun,storehouse,2
Khaldun,straighten,2
Khaldun,straightforward,2
Khaldun,strain,2
Khaldun,stranger,2
Khaldun,strayed,2
Khaldun,street,2
Khaldun,streets,2
Khaldun,strengthen,2
Khaldun,stretch,2
Khaldun,strife,2
Khaldun,strikes,2
Khaldun,strings,2
Khaldun,strive,2
Khaldun,stroke,2
Khaldun,strongest,2
Khaldun,struggle,2
Khaldun,studying,2
Khaldun,subdivided,2
Khaldun,submerged,2
Khaldun,submergence,2
Khaldun,subordinates,2
Khaldun,substandard,2
Khaldun,suggest,2
Khaldun,suggestions,2
Khaldun,superficially,2
Khaldun,supervised,2
Khaldun,supervises,2
Khaldun,supplementary,2
Khaldun,supplemented,2
Khaldun,suppress,2
Khaldun,surds,2
Khaldun,suspicions,2
Khaldun,swallow,2
Khaldun,sweeping,2
Khaldun,synthesis,2
Khaldun,systematized,2
Khaldun,sînâ,2
Khaldun,sûrah,2
Khaldun,sûs,2
Khaldun,tacked,2
Khaldun,tailor,2
Khaldun,tales,2
Khaldun,talisman,2
Khaldun,talking,2
Khaldun,tall,2
Khaldun,tarifa,2
Khaldun,taṣim,2
Khaldun,temperament,2
Khaldun,tendencies,2
Khaldun,tentatively,2
Khaldun,territorial,2
Khaldun,territories,2
Khaldun,terror,2
Khaldun,testifies,2
Khaldun,thaqîf,2
Khaldun,theodosius,2
Khaldun,theoretical,2
Khaldun,thereof,2
Khaldun,thickets,2
Khaldun,thieves,2
Khaldun,thirst,2
Khaldun,thirteenth,2
Khaldun,threats,2
Khaldun,threw,2
Khaldun,thrive,2
Khaldun,thriving,2
Khaldun,throw,2
Khaldun,tightrope,2
Khaldun,tolerance,2
Khaldun,torture,2
Khaldun,traded,2
Khaldun,transfers,2
Khaldun,transformations,2
Khaldun,translations,2
Khaldun,transportation,2
Khaldun,transporting,2
Khaldun,treasury,2
Khaldun,treating,2
Khaldun,treatments,2
Khaldun,tremendous,2
Khaldun,trend,2
Khaldun,tribulation,2
Khaldun,tricks,2
Khaldun,trine,2
Khaldun,trip,2
Khaldun,triplicity,2
Khaldun,troublesome,2
Khaldun,turbulent,2
Khaldun,turmoil,2
Khaldun,ubullah,2
Khaldun,udders,2
Khaldun,unbroken,2
Khaldun,uncles,2
Khaldun,unconcerned,2
Khaldun,undergo,2
Khaldun,underground,2
Khaldun,undermined,2
Khaldun,undertook,2
Khaldun,unfair,2
Khaldun,unforced,2
Khaldun,unfounded,2
Khaldun,unjustly,2
Khaldun,unlike,2
Khaldun,unpleasant,2
Khaldun,unpreparedness,2
Khaldun,unqualified,2
Khaldun,unrelated,2
Khaldun,unrest,2
Khaldun,unstable,2
Khaldun,unused,2
Khaldun,unworthy,2
Khaldun,urbanization,2
Khaldun,utility,2
Khaldun,utilized,2
Khaldun,utilizing,2
Khaldun,utopianism,2
Khaldun,utterly,2
Khaldun,vagina,2
Khaldun,vanish,2
Khaldun,vanished,2
Khaldun,vanquished,2
Khaldun,vaporous,2
Khaldun,variant,2
Khaldun,varies,2
Khaldun,vary,2
Khaldun,venerated,2
Khaldun,venetians,2
Khaldun,venus,2
Khaldun,verbs,2
Khaldun,verify,2
Khaldun,victim,2
Khaldun,victims,2
Khaldun,victories,2
Khaldun,vied,2
Khaldun,visited,2
Khaldun,vulgar,2
Khaldun,waged,2
Khaldun,waging,2
Khaldun,wakes,2
Khaldun,walk,2
Khaldun,wares,2
Khaldun,warmth,2
Khaldun,wastes,2
Khaldun,waves,2
Khaldun,wazirates,2
Khaldun,wazîr,2
Khaldun,wealthiest,2
Khaldun,weaned,2
Khaldun,wears,2
Khaldun,weddings,2
Khaldun,wet,2
Khaldun,whispered,2
Khaldun,whiteness,2
Khaldun,widen,2
Khaldun,widens,2
Khaldun,widespread,2
Khaldun,wilderness,2
Khaldun,wildness,2
Khaldun,win,2
Khaldun,winebibbing,2
Khaldun,winning,2
Khaldun,wipe,2
Khaldun,withdraw,2
Khaldun,withdrew,2
Khaldun,witness,2
Khaldun,won,2
Khaldun,worker,2
Khaldun,workmen,2
Khaldun,worms,2
Khaldun,worried,2
Khaldun,worries,2
Khaldun,wrath,2
Khaldun,wrongly,2
Khaldun,wâlî,2
Khaldun,wâsiṭ,2
Khaldun,yarn,2
Khaldun,yemenite,2
Khaldun,yemenites,2
Khaldun,zajjâj,2
Khaldun,zamakhsharî,2
Khaldun,zuhr,2
Khaldun,ḥakam,2
Khaldun,ḥamîd,2
Khaldun,ḥijâzis,2
Khaldun,ḥimyarite,2
Khaldun,ṣalâḥ,2
Khaldun,ṣâdiq,2
Khaldun,ṭurṭûshî,2
Khaldun,ṭâlib,2
Khaldun,ṭâlibids,2
Somerville,absence,2
Somerville,absorptions,2
Somerville,abstracting,2
Somerville,accepted,2
Somerville,accident,2
Somerville,accompany,2
Somerville,accord,2
Somerville,accumulates,2
Somerville,acidulated,2
Somerville,acquainted,2
Somerville,adapted,2
Somerville,adds,2
Somerville,adjusted,2
Somerville,adjusting,2
Somerville,admirably,2
Somerville,adopting,2
Somerville,adorn,2
Somerville,adorns,2
Somerville,affection,2
Somerville,aided,2
Somerville,aigues,2
Somerville,aldebaran,2
Somerville,alhazen,2
Somerville,alpha,2
Somerville,alphabet,2
Somerville,altitudes,2
Somerville,amazing,2
Somerville,amethyst,2
Somerville,amidst,2
Somerville,ancients,2
Somerville,angström,2
Somerville,animalculæ,2
Somerville,annihilate,2
Somerville,antaris,2
Somerville,anterior,2
Somerville,antilles,2
Somerville,antinori,2
Somerville,antipodes,2
Somerville,antithetical,2
Somerville,apartment,2
Somerville,appendages,2
Somerville,apply,2
Somerville,approximately,2
Somerville,apures,2
Somerville,aquarii,2
Somerville,ara,2
Somerville,arabian,2
Somerville,arbitrarily,2
Somerville,arborescent,2
Somerville,arcet,2
Somerville,archer,2
Somerville,argo,2
Somerville,argument,2
Somerville,arguments,2
Somerville,argus,2
Somerville,arid,2
Somerville,arm,2
Somerville,arrests,2
Somerville,arrow,2
Somerville,arsenic,2
Somerville,articulating,2
Somerville,articulation,2
Somerville,artificially,2
Somerville,ascended,2
Somerville,ascents,2
Somerville,ascii,2
Somerville,ashes,2
Somerville,aspects,2
Somerville,assert,2
Somerville,assigns,2
Somerville,assimilated,2
Somerville,assistance,2
Somerville,assisting,2
Somerville,association,2
Somerville,assumption,2
Somerville,assyrians,2
Somerville,asunder,2
Somerville,atalanta,2
Somerville,attempted,2
Somerville,attendants,2
Somerville,aught,2
Somerville,augmenting,2
Somerville,auguste,2
Somerville,aureola,2
Somerville,authentic,2
Somerville,auvergne,2
Somerville,aërolites,2
Somerville,babylon,2
Somerville,baden,2
Somerville,bali,2
Somerville,balloons,2
Somerville,bank,2
Somerville,barium,2
Somerville,barlow,2
Somerville,barren,2
Somerville,barrier,2
Somerville,basilicata,2
Somerville,batsha,2
Somerville,bayle,2
Somerville,beads,2
Somerville,beat,2
Somerville,beauties,2
Somerville,beehive,2
Somerville,believes,2
Somerville,beneath,2
Somerville,benzenberg,2
Somerville,berne,2
Somerville,berre,2
Somerville,birthplace,2
Somerville,bise,2
Somerville,bishop,2
Somerville,bissextile,2
Somerville,block,2
Somerville,boat,2
Somerville,boil,2
Somerville,boldest,2
Somerville,bonpland,2
Somerville,bootis,2
Somerville,boring,2
Somerville,borne,2
Somerville,bottle,2
Somerville,botto,2
Somerville,bouguer,2
Somerville,boussingault,2
Somerville,bouvard,2
Somerville,brahmins,2
Somerville,brand,2
Somerville,brazil,2
Somerville,breach,2
Somerville,breathe,2
Somerville,brighton,2
Somerville,brinkley,2
Somerville,broader,2
Somerville,brother,2
Somerville,brush,2
Somerville,brushes,2
Somerville,buchan,2
Somerville,buried,2
Somerville,burnt,2
Somerville,cagniard,2
Somerville,calculate,2
Somerville,calendars,2
Somerville,calls,2
Somerville,caloric,2
Somerville,camelopard,2
Somerville,canada,2
Somerville,candles,2
Somerville,capability,2
Somerville,capella,2
Somerville,capricious,2
Somerville,cardinal,2
Somerville,careful,2
Somerville,carriages,2
Somerville,carries,2
Somerville,caspian,2
Somerville,cassiopeia,2
Somerville,cataracts,2
Somerville,categat,2
Somerville,cauchy,2
Somerville,cav,2
Somerville,celerity,2
Somerville,cells,2
Somerville,cent,2
Somerville,cephei,2
Somerville,ceti,2
Somerville,cetus,2
Somerville,cetæ,2
Somerville,chaldeans,2
Somerville,chalk,2
Somerville,challis,2
Somerville,chance,2
Somerville,characterise,2
Somerville,charing,2
Somerville,chaudes,2
Somerville,checked,2
Somerville,chevre,2
Somerville,children,2
Somerville,chilly,2
Somerville,chlorine,2
Somerville,chords,2
Somerville,chronologists,2
Somerville,chronometers,2
Somerville,chrysotype,2
Somerville,circulates,2
Somerville,citeriore,2
Somerville,citrate,2
Somerville,citric,2
Somerville,city,2
Somerville,civilised,2
Somerville,clarinet,2
Somerville,clearness,2
Somerville,cliffs,2
Somerville,climes,2
Somerville,cling,2
Somerville,closeness,2
Somerville,clowes,2
Somerville,coincidences,2
Somerville,colladon,2
Somerville,collisions,2
Somerville,colonial,2
Somerville,colouring,2
Somerville,columbus,2
Somerville,comfort,2
Somerville,commenced,2
Somerville,commonly,2
Somerville,communicating,2
Somerville,companions,2
Somerville,compares,2
Somerville,completion,2
Somerville,comprehend,2
Somerville,compress,2
Somerville,comprises,2
Somerville,comprising,2
Somerville,computer,2
Somerville,concealed,2
Somerville,concept,2
Somerville,conclusive,2
Somerville,concomitant,2
Somerville,concussion,2
Somerville,conducts,2
Somerville,cones,2
Somerville,confirmation,2
Somerville,confusion,2
Somerville,congeries,2
Somerville,constancy,2
Somerville,constituted,2
Somerville,consulted,2
Somerville,contacts,2
Somerville,contemporaneously,2
Somerville,contemporary,2
Somerville,continuously,2
Somerville,contour,2
Somerville,contributions,2
Somerville,contrivances,2
Somerville,control,2
Somerville,conversion,2
Somerville,convexity,2
Somerville,convolutions,2
Somerville,cook,2
Somerville,copiously,2
Somerville,corallines,2
Somerville,cordier,2
Somerville,cordilleras,2
Somerville,cores,2
Somerville,cork,2
Somerville,cornwall,2
Somerville,correcting,2
Somerville,correctly,2
Somerville,correlation,2
Somerville,corroborated,2
Somerville,coseguina,2
Somerville,costs,2
Somerville,coulomb,2
Somerville,count,2
Somerville,countryman,2
Somerville,covers,2
Somerville,crater,2
Somerville,creeping,2
Somerville,crescent,2
Somerville,cry,2
Somerville,cryptogamia,2
Somerville,crystallises,2
Somerville,crystallize,2
Somerville,cumming,2
Somerville,curtain,2
Somerville,cyanite,2
Somerville,cyanotypes,2
Somerville,cygnus,2
Somerville,cæsar,2
Somerville,dalcoath,2
Somerville,damage,2
Somerville,damoiseau,2
Somerville,dancing,2
Somerville,darker,2
Somerville,darted,2
Somerville,darting,2
Somerville,daubuisson,2
Somerville,dawn,2
Somerville,decay,2
Somerville,decide,2
Somerville,declivity,2
Somerville,deficient,2
Somerville,defracted,2
Somerville,delambre,2
Somerville,delightful,2
Somerville,delta,2
Somerville,demonstration,2
Somerville,denmark,2
Somerville,denominated,2
Somerville,denominations,2
Somerville,deoxydizing,2
Somerville,depicted,2
Somerville,derangement,2
Somerville,derives,2
Somerville,designation,2
Somerville,destroys,2
Somerville,detect,2
Somerville,develop,2
Somerville,dial,2
Somerville,diametrical,2
Somerville,dieppe,2
Somerville,diffraction,2
Somerville,dilatations,2
Somerville,dilates,2
Somerville,dipped,2
Somerville,disappears,2
Somerville,discerned,2
Somerville,disclose,2
Somerville,discoloured,2
Somerville,discord,2
Somerville,discordant,2
Somerville,disengaged,2
Somerville,dispel,2
Somerville,dispelled,2
Somerville,display,2
Somerville,disproved,2
Somerville,disruptive,2
Somerville,dissolves,2
Somerville,dissolving,2
Somerville,distinction,2
Somerville,distinctive,2
Somerville,distinctness,2
Somerville,ditto,2
Somerville,diverges,2
Somerville,divine,2
Somerville,divisibility,2
Somerville,doldrums,2
Somerville,dollond,2
Somerville,domain,2
Somerville,doubted,2
Somerville,doubtful,2
Somerville,draco,2
Somerville,dreadful,2
Somerville,drifted,2
Somerville,driven,2
Somerville,dryness,2
Somerville,dug,2
Somerville,dunlop,2
Somerville,dwindle,2
Somerville,dœbereiner,2
Somerville,ease,2
Somerville,easterly,2
Somerville,eccentric,2
Somerville,echo,2
Somerville,eclipsing,2
Somerville,eddies,2
Somerville,effecting,2
Somerville,effective,2
Somerville,efficacious,2
Somerville,efficacy,2
Somerville,efficiency,2
Somerville,egg,2
Somerville,elapses,2
Somerville,electricus,2
Somerville,electronically,2
Somerville,ellipsoids,2
Somerville,elliptic,2
Somerville,eloquent,2
Somerville,email,2
Somerville,emanate,2
Somerville,embarrassing,2
Somerville,embrace,2
Somerville,embraces,2
Somerville,emerges,2
Somerville,emerging,2
Somerville,emperor,2
Somerville,employs,2
Somerville,encircle,2
Somerville,encompass,2
Somerville,endeavoured,2
Somerville,engaged,2
Somerville,enormously,2
Somerville,ensues,2
Somerville,epitome,2
Somerville,equality,2
Somerville,equalled,2
Somerville,eratosthenes,2
Somerville,eridanus,2
Somerville,erman,2
Somerville,establishments,2
Somerville,esteemed,2
Somerville,eternally,2
Somerville,evanescence,2
Somerville,evanescent,2
Somerville,evenings,2
Somerville,eventually,2
Somerville,everest,2
Somerville,examination,2
Somerville,excellence,2
Somerville,excentric,2
Somerville,excepting,2
Somerville,exchange,2
Somerville,excitement,2
Somerville,excluding,2
Somerville,exercises,2
Somerville,existences,2
Somerville,expansions,2
Somerville,expenses,2
Somerville,experimentally,2
Somerville,explains,2
Somerville,expose,2
Somerville,extensively,2
Somerville,faculties,2
Somerville,fades,2
Somerville,fainter,2
Somerville,fair,2
Somerville,fairly,2
Somerville,faith,2
Somerville,familiar,2
Somerville,family,2
Somerville,faucault,2
Somerville,fault,2
Somerville,feather,2
Somerville,federal,2
Somerville,ferns,2
Somerville,fertile,2
Somerville,fiedler,2
Somerville,fields,2
Somerville,filaments,2
Somerville,file,2
Somerville,finally,2
Somerville,fingers,2
Somerville,fired,2
Somerville,fitted,2
Somerville,fizeau,2
Somerville,fogs,2
Somerville,foreshortened,2
Somerville,forks,2
Somerville,formats,2
Somerville,formentera,2
Somerville,fornix,2
Somerville,forster,2
Somerville,fortnight,2
Somerville,fourths,2
Somerville,fractured,2
Somerville,franklin,2
Somerville,freezes,2
Somerville,fruit,2
Somerville,fulfilled,2
Somerville,fundy,2
Somerville,fuses,2
Somerville,fusible,2
Somerville,gage,2
Somerville,gales,2
Somerville,galle,2
Somerville,galloway,2
Somerville,galvani,2
Somerville,gambart,2
Somerville,ganges,2
Somerville,gardner,2
Somerville,gazelles,2
Somerville,gelatine,2
Somerville,generalization,2
Somerville,generate,2
Somerville,generates,2
Somerville,generis,2
Somerville,gensanne,2
Somerville,gentleman,2
Somerville,genus,2
Somerville,geographers,2
Somerville,geometrical,2
Somerville,geometry,2
Somerville,georgia,2
Somerville,german,2
Somerville,germany,2
Somerville,gibraltar,2
Somerville,gilding,2
Somerville,girdle,2
Somerville,giromagny,2
Somerville,glare,2
Somerville,globules,2
Somerville,gloomy,2
Somerville,glorious,2
Somerville,gobi,2
Somerville,governed,2
Somerville,grammatical,2
Somerville,grassy,2
Somerville,gray,2
Somerville,greeks,2
Somerville,grew,2
Somerville,grimaldi,2
Somerville,gross,2
Somerville,grotthus,2
Somerville,grylli,2
Somerville,guanaxato,2
Somerville,guitar,2
Somerville,gymnotus,2
Somerville,habitable,2
Somerville,haidinger,2
Somerville,hales,2
Somerville,hall,2
Somerville,happy,2
Somerville,hardness,2
Somerville,harrison,2
Somerville,heaven,2
Somerville,helianthus,2
Somerville,henry,2
Somerville,herapath,2
Somerville,heterogeneous,2
Somerville,hieroglyphical,2
Somerville,hill,2
Somerville,hire,2
Somerville,holding,2
Somerville,holtzmann,2
Somerville,hoped,2
Somerville,hopeless,2
Somerville,horologium,2
Somerville,hudson,2
Somerville,hum,2
Somerville,hundredth,2
Somerville,huygens,2
Somerville,hydræ,2
Somerville,hygrometer,2
Somerville,hypothetical,2
Somerville,iapetus,2
Somerville,ibn,2
Somerville,identifying,2
Somerville,iii,2
Somerville,illuminate,2
Somerville,illustrious,2
Somerville,imagination,2
Somerville,immateriality,2
Somerville,immensely,2
Somerville,immutability,2
Somerville,impeding,2
Somerville,impelled,2
Somerville,imperfections,2
Somerville,imperfectly,2
Somerville,impermeable,2
Somerville,impervious,2
Somerville,implied,2
Somerville,improvement,2
Somerville,inadequate,2
Somerville,inanimate,2
Somerville,inappreciably,2
Somerville,incline,2
Somerville,incomplete,2
Somerville,inconsiderable,2
Somerville,increatable,2
Somerville,independence,2
Somerville,indestructibility,2
Somerville,indicative,2
Somerville,indies,2
Somerville,indifferent,2
Somerville,indistinct,2
Somerville,industry,2
Somerville,infallibly,2
Somerville,inference,2
Somerville,influenced,2
Somerville,inhabitant,2
Somerville,inhabits,2
Somerville,inquire,2
Somerville,inseparable,2
Somerville,insulation,2
Somerville,intellectual,2
Somerville,intensified,2
Somerville,intercept,2
Somerville,interfering,2
Somerville,intermixture,2
Somerville,internally,2
Somerville,interposition,2
Somerville,intersected,2
Somerville,intersecting,2
Somerville,intersects,2
Somerville,interspersed,2
Somerville,intimate,2
Somerville,intrinsic,2
Somerville,introduced,2
Somerville,introduction,2
Somerville,investigate,2
Somerville,iota,2
Somerville,iridescent,2
Somerville,irregularity,2
Somerville,isochronously,2
Somerville,isomorphism,2
Somerville,issues,2
Somerville,italics,2
Somerville,jamin,2
Somerville,jet,2
Somerville,jets,2
Somerville,jews,2
Somerville,joins,2
Somerville,joints,2
Somerville,josephstadt,2
Somerville,journey,2
Somerville,juice,2
Somerville,juices,2
Somerville,julian,2
Somerville,julius,2
Somerville,junis,2
Somerville,juno,2
Somerville,karsten,2
Somerville,kater,2
Somerville,kempelen,2
Somerville,key,2
Somerville,knoblauch,2
Somerville,kotzebue,2
Somerville,kratzenstein,2
Somerville,kupffer,2
Somerville,labouring,2
Somerville,labours,2
Somerville,labrador,2
Somerville,lac,2
Somerville,lalande,2
Somerville,lambent,2
Somerville,landscape,2
Somerville,landscapes,2
Somerville,lapse,2
Somerville,larynx,2
Somerville,laurel,2
Somerville,lawrence,2
Somerville,laying,2
Somerville,lbs,2
Somerville,league,2
Somerville,leap,2
Somerville,legal,2
Somerville,lengthened,2
Somerville,lengthening,2
Somerville,lerius,2
Somerville,leverrier,2
Somerville,library,2
Somerville,lichens,2
Somerville,lieu,2
Somerville,lifting,2
Somerville,lined,2
Somerville,lips,2
Somerville,lloyd,2
Somerville,loaf,2
Somerville,loop,2
Somerville,losing,2
Somerville,loud,2
Somerville,lowered,2
Somerville,luminary,2
Somerville,lundahles,2
Somerville,lupus,2
Somerville,lutetia,2
Somerville,lyncis,2
Somerville,léon,2
Somerville,mackintosh,2
Somerville,madeira,2
Somerville,madras,2
Somerville,magnified,2
Somerville,magnifying,2
Somerville,maintenance,2
Somerville,malo,2
Somerville,manageable,2
Somerville,manifestations,2
Somerville,manuscript,2
Somerville,maritime,2
Somerville,mast,2
Somerville,materials,2
Somerville,mathematics,2
Somerville,matters,2
Somerville,mazes,2
Somerville,meaning,2
Somerville,mechain,2
Somerville,medals,2
Somerville,medial,2
Somerville,mediation,2
Somerville,medusa,2
Somerville,melt,2
Somerville,melts,2
Somerville,membrane,2
Somerville,membranous,2
Somerville,merge,2
Somerville,merit,2
Somerville,messenger,2
Somerville,messrs,2
Somerville,metalliferous,2
Somerville,meteor,2
Somerville,meteorology,2
Somerville,michael,2
Somerville,milder,2
Somerville,miniature,2
Somerville,mira,2
Somerville,miraldi,2
Somerville,missed,2
Somerville,mitigates,2
Somerville,mocha,2
Somerville,modifies,2
Somerville,moignot,2
Somerville,moistened,2
Somerville,mollusks,2
Somerville,moluccas,2
Somerville,momentarily,2
Somerville,moments,2
Somerville,monocerotis,2
Somerville,monsoon,2
Somerville,monument,2
Somerville,moorcroft,2
Somerville,mother,2
Somerville,mouths,2
Somerville,moveable,2
Somerville,mundy,2
Somerville,muriate,2
Somerville,muscular,2
Somerville,mutations,2
Somerville,nameless,2
Somerville,naples,2
Somerville,narrowest,2
Somerville,narrowness,2
Somerville,native,2
Somerville,nativity,2
Somerville,needles,2
Somerville,neglected,2
Somerville,neighbouring,2
Somerville,neutrality,2
Somerville,nice,2
Somerville,nimes,2
Somerville,nitric,2
Somerville,normal,2
Somerville,norway,2
Somerville,notion,2
Somerville,nourishment,2
Somerville,numberless,2
Somerville,nuremburg,2
Somerville,nysa,2
Somerville,oaks,2
Somerville,obey,2
Somerville,obliterate,2
Somerville,observe,2
Somerville,obstructions,2
Somerville,occasional,2
Somerville,ochotzk,2
Somerville,office,2
Somerville,officers,2
Somerville,offices,2
Somerville,operate,2
Somerville,operates,2
Somerville,opportunities,2
Somerville,opposes,2
Somerville,oppositions,2
Somerville,orchestra,2
Somerville,organic,2
Somerville,originality,2
Somerville,outlying,2
Somerville,outstanding,2
Somerville,overcomes,2
Somerville,owe,2
Somerville,owns,2
Somerville,oxydating,2
Somerville,ozone,2
Somerville,paderborn,2
Somerville,padre,2
Somerville,pages,2
Somerville,pan,2
Somerville,panes,2
Somerville,papyrus,2
Somerville,parabolas,2
Somerville,parallactic,2
Somerville,parallelogram,2
Somerville,partaking,2
Somerville,party,2
Somerville,patch,2
Somerville,pattern,2
Somerville,pauxis,2
Somerville,peal,2
Somerville,peals,2
Somerville,peel,2
Somerville,pendulums,2
Somerville,penetrated,2
Somerville,performances,2
Somerville,perfume,2
Somerville,perished,2
Somerville,perkins,2
Somerville,permanence,2
Somerville,permit,2
Somerville,permitted,2
Somerville,peron,2
Somerville,persei,2
Somerville,perseverance,2
Somerville,persons,2
Somerville,peru,2
Somerville,petersburg,2
Somerville,petit,2
Somerville,phantoms,2
Somerville,phil,2
Somerville,photograph,2
Somerville,physics,2
Somerville,physiological,2
Somerville,pianoforte,2
Somerville,piazzi,2
Somerville,pierced,2
Somerville,pisa,2
Somerville,plato,2
Somerville,played,2
Somerville,playfair,2
Somerville,plumbago,2
Somerville,plücker,2
Somerville,poker,2
Somerville,polarisation,2
Somerville,polarising,2
Somerville,polarities,2
Somerville,poldice,2
Somerville,polish,2
Somerville,polkova,2
Somerville,pollux,2
Somerville,polynesian,2
Somerville,ponderable,2
Somerville,pools,2
Somerville,poorer,2
Somerville,poured,2
Somerville,pouring,2
Somerville,powdered,2
Somerville,practically,2
Somerville,precaution,2
Somerville,preceded,2
Somerville,precise,2
Somerville,predominating,2
Somerville,preparations,2
Somerville,prepare,2
Somerville,preservation,2
Somerville,president,2
Somerville,press,2
Somerville,presses,2
Somerville,presumption,2
Somerville,prevalence,2
Somerville,prevalent,2
Somerville,prey,2
Somerville,principally,2
Somerville,principato,2
Somerville,print,2
Somerville,priori,2
Somerville,private,2
Somerville,profoundly,2
Somerville,profusion,2
Somerville,projecting,2
Somerville,prolate,2
Somerville,prominently,2
Somerville,promontories,2
Somerville,promoting,2
Somerville,pronounce,2
Somerville,propelled,2
Somerville,propose,2
Somerville,protect,2
Somerville,protosulphate,2
Somerville,protoxide,2
Somerville,protoxides,2
Somerville,protuberances,2
Somerville,provision,2
Somerville,prussia,2
Somerville,præsepe,2
Somerville,pull,2
Somerville,pulling,2
Somerville,pumped,2
Somerville,purely,2
Somerville,purest,2
Somerville,pursue,2
Somerville,quebec,2
Somerville,questioned,2
Somerville,quit,2
Somerville,quoted,2
Somerville,radiates,2
Somerville,ragona,2
Somerville,ramifications,2
Somerville,rarefaction,2
Somerville,rarefies,2
Somerville,rattle,2
Somerville,readable,2
Somerville,recall,2
Somerville,recapitulation,2
Somerville,receded,2
Somerville,receipt,2
Somerville,reciprocated,2
Somerville,recognise,2
Somerville,rectilineal,2
Somerville,reddish,2
Somerville,redistributing,2
Somerville,redistribution,2
Somerville,refer,2
Somerville,references,2
Somerville,refrangibilities,2
Somerville,regulates,2
Somerville,reinforce,2
Somerville,relief,2
Somerville,remark,2
Somerville,remotest,2
Somerville,removal,2
Somerville,rents,2
Somerville,repetition,2
Somerville,representation,2
Somerville,requisites,2
Somerville,resemble,2
Somerville,reserved,2
Somerville,residence,2
Somerville,resident,2
Somerville,residuum,2
Somerville,resisted,2
Somerville,resound,2
Somerville,restrictions,2
Somerville,retardation,2
Somerville,retreated,2
Somerville,retreating,2
Somerville,reunion,2
Somerville,reverberation,2
Somerville,revised,2
Somerville,revive,2
Somerville,revulsion,2
Somerville,rhodiola,2
Somerville,rhomb,2
Somerville,rhombohedrons,2
Somerville,riband,2
Somerville,richman,2
Somerville,richter,2
Somerville,rigidity,2
Somerville,rigour,2
Somerville,ripen,2
Somerville,ripening,2
Somerville,risen,2
Somerville,roar,2
Somerville,robert,2
Somerville,roget,2
Somerville,rolling,2
Somerville,roots,2
Somerville,rosea,2
Somerville,rounded,2
Somerville,rudberg,2
Somerville,ruhmkorff,2
Somerville,rushes,2
Somerville,russell,2
Somerville,russian,2
Somerville,sagittarii,2
Somerville,sail,2
Somerville,sailors,2
Somerville,sandwich,2
Somerville,saturation,2
Somerville,scatters,2
Somerville,schroëter,2
Somerville,schwabe,2
Somerville,scina,2
Somerville,scoresby,2
Somerville,sealed,2
Somerville,season,2
Somerville,seat,2
Somerville,secondary,2
Somerville,secrets,2
Somerville,secure,2
Somerville,select,2
Somerville,semidiameter,2
Somerville,semidiurnal,2
Somerville,senarmont,2
Somerville,sentence,2
Somerville,sequence,2
Somerville,serene,2
Somerville,serpentarius,2
Somerville,serves,2
Somerville,seventeenth,2
Somerville,seventy,2
Somerville,severest,2
Somerville,shaded,2
Somerville,shades,2
Somerville,shaft,2
Somerville,share,2
Somerville,shared,2
Somerville,shellac,2
Somerville,shelter,2
Somerville,shrubs,2
Somerville,shutting,2
Somerville,sieve,2
Somerville,signals,2
Somerville,silico,2
Somerville,singing,2
Somerville,singly,2
Somerville,situated,2
Somerville,situation,2
Somerville,situations,2
Somerville,sizes,2
Somerville,skies,2
Somerville,skill,2
Somerville,slide,2
Somerville,sling,2
Somerville,smart,2
Somerville,smoke,2
Somerville,smoothness,2
Somerville,soldered,2
Somerville,soleil,2
Somerville,solicit,2
Somerville,solidification,2
Somerville,solitary,2
Somerville,solved,2
Somerville,son,2
Somerville,sons,2
Somerville,sothaic,2
Somerville,southing,2
Somerville,speck,2
Somerville,spelling,2
Somerville,splits,2
Somerville,sponges,2
Somerville,stage,2
Somerville,stages,2
Somerville,starts,2
Somerville,statements,2
Somerville,strange,2
Somerville,strict,2
Somerville,strikes,2
Somerville,stupendous,2
Somerville,stutgardt,2
Somerville,style,2
Somerville,sublimation,2
Somerville,sublimity,2
Somerville,submerged,2
Somerville,subtends,2
Somerville,sueur,2
Somerville,suffice,2
Somerville,suggest,2
Somerville,suggestions,2
Somerville,suggests,2
Somerville,sui,2
Somerville,suited,2
Somerville,sulphuretted,2
Somerville,sumatra,2
Somerville,sunbeams,2
Somerville,sunrise,2
Somerville,superadded,2
Somerville,superincumbent,2
Somerville,superscripted,2
Somerville,superseded,2
Somerville,supposes,2
Somerville,suppressed,2
Somerville,susceptibility,2
Somerville,suspension,2
Somerville,sustain,2
Somerville,sustains,2
Somerville,swan,2
Somerville,sweeping,2
Somerville,swiftness,2
Somerville,swinging,2
Somerville,sykes,2
Somerville,syren,2
Somerville,systematic,2
Somerville,tartaric,2
Somerville,tartrate,2
Somerville,taste,2
Somerville,tea,2
Somerville,teaches,2
Somerville,tedious,2
Somerville,tempering,2
Somerville,tempest,2
Somerville,tens,2
Somerville,terminal,2
Somerville,terminates,2
Somerville,tetrahedron,2
Somerville,texas,2
Somerville,thaw,2
Somerville,thermomultiplier,2
Somerville,thinnest,2
Somerville,throws,2
Somerville,thumb,2
Somerville,thunderstorms,2
Somerville,tibet,2
Somerville,timocharis,2
Somerville,tinfoil,2
Somerville,tomboro,2
Somerville,tongue,2
Somerville,tons,2
Somerville,tooth,2
Somerville,topmasts,2
Somerville,toronto,2
Somerville,torsion,2
Somerville,toucan,2
Somerville,toucani,2
Somerville,tranquil,2
Somerville,tranquillity,2
Somerville,transcendent,2
Somerville,transference,2
Somerville,transformations,2
Somerville,transformed,2
Somerville,transitions,2
Somerville,trapezium,2
Somerville,tremulous,2
Somerville,trough,2
Somerville,troy,2
Somerville,tuileries,2
Somerville,turpentine,2
Somerville,twentieth,2
Somerville,twist,2
Somerville,twisted,2
Somerville,unaltered,2
Somerville,unassisted,2
Somerville,unavoidable,2
Somerville,unbroken,2
Somerville,uncertain,2
Somerville,uncrystallized,2
Somerville,underanged,2
Somerville,unequable,2
Somerville,unfathomable,2
Somerville,unfrequently,2
Somerville,unisonant,2
Somerville,unmagnetised,2
Somerville,unnecessary,2
Somerville,unnoticed,2
Somerville,unprecedented,2
Somerville,untenable,2
Somerville,updated,2
Somerville,urge,2
Somerville,urges,2
Somerville,ursa,2
Somerville,utah,2
Somerville,utter,2
Somerville,utterance,2
Somerville,utterly,2
Somerville,vacuity,2
Somerville,vague,2
Somerville,valentia,2
Somerville,valley,2
Somerville,vanilla,2
Somerville,veiled,2
Somerville,venatica,2
Somerville,ventral,2
Somerville,vents,2
Somerville,veronica,2
Somerville,vertex,2
Somerville,vertically,2
Somerville,verticals,2
Somerville,vessels,2
Somerville,vesuvius,2
Somerville,vico,2
Somerville,vietch,2
Somerville,vigorous,2
Somerville,vii,2
Somerville,viii,2
Somerville,vincent,2
Somerville,violin,2
Somerville,virginia,2
Somerville,visibility,2
Somerville,visit,2
Somerville,visited,2
Somerville,vividly,2
Somerville,viviers,2
Somerville,volatilized,2
Somerville,vosges,2
Somerville,vowels,2
Somerville,voyage,2
Somerville,vulpecula,2
Somerville,vulpicula,2
Somerville,vulture,2
Somerville,wander,2
Somerville,wandering,2
Somerville,wardhus,2
Somerville,warranty,2
Somerville,watch,2
Somerville,waterspouts,2
Somerville,waterstone,2
Somerville,wax,2
Somerville,wear,2
Somerville,weighed,2
Somerville,welsh,2
Somerville,wetted,2
Somerville,whatsoever,2
Somerville,wheels,2
Somerville,whirl,2
Somerville,whirled,2
Somerville,whirlwind,2
Somerville,whirlwinds,2
Somerville,widest,2
Somerville,wines,2
Somerville,wings,2
Somerville,wiped,2
Somerville,wisps,2
Somerville,witness,2
Somerville,wolf,2
Somerville,wonderfully,2
Somerville,worn,2
Somerville,worst,2
Somerville,write,2
Somerville,writers,2
Somerville,writings,2
Somerville,xii,2
Somerville,xiii,2
Somerville,xiv,2
Somerville,xix,2
Somerville,xvi,2
Somerville,xvii,2
Somerville,xviii,2
Somerville,xxi,2
Somerville,xxiii,2
Somerville,xxiv,2
Somerville,xxix,2
Somerville,xxv,2
Somerville,xxvi,2
Somerville,xxvii,2
Somerville,xxviii,2
Somerville,xxx,2
Somerville,xxxi,2
Somerville,xxxii,2
Somerville,xxxiii,2
Somerville,xxxiv,2
Somerville,xxxv,2
Somerville,xxxvi,2
Somerville,xxxvii,2
Somerville,yard,2
Somerville,yellowish,2
Somerville,yield,2
Somerville,zeta,2
Somerville,zodiac,2
Somerville,zoophytes,2
Goethe,abandons,1
Goethe,aberration,1
Goethe,abhorring,1
Goethe,abide,1
Goethe,ability,1
Goethe,ably,1
Goethe,abruptly,1
Goethe,absconded,1
Goethe,absorbent,1
Goethe,absorbing,1
Goethe,abstaining,1
Goethe,abstraction,1
Goethe,absurdities,1
Goethe,absurdity,1
Goethe,abundance,1
Goethe,abundantly,1
Goethe,acad,1
Goethe,academy,1
Goethe,accade,1
Goethe,acceptation,1
Goethe,accepting,1
Goethe,accesa,1
Goethe,accessed,1
Goethe,accessible,1
Goethe,accettano,1
Goethe,accidentelles,1
Goethe,accipit,1
Goethe,accompaniment,1
Goethe,accomplishment,1
Goethe,accoppiare,1
Goethe,accordati,1
Goethe,accredited,1
Goethe,acetate,1
Goethe,ache,1
Goethe,achieved,1
Goethe,achievements,1
Goethe,acknowledgment,1
Goethe,acquaintance,1
Goethe,acquisitions,1
Goethe,activity,1
Goethe,actor,1
Goethe,actu,1
Goethe,acuteness,1
Goethe,acyanoblepsia,1
Goethe,adage,1
Goethe,adaptations,1
Goethe,addressing,1
Goethe,adduce,1
Goethe,adept,1
Goethe,adhere,1
Goethe,adheres,1
Goethe,adhering,1
Goethe,adjusted,1
Goethe,admired,1
Goethe,admission,1
Goethe,adopts,1
Goethe,adorned,1
Goethe,adroitly,1
Goethe,adularia,1
Goethe,advanced,1
Goethe,advantageously,1
Goethe,adventicii,1
Goethe,adverting,1
Goethe,advierte,1
Goethe,advocate,1
Goethe,advocating,1
Goethe,afar,1
Goethe,affair,1
Goethe,affairs,1
Goethe,affection,1
Goethe,affects,1
Goethe,affermano,1
Goethe,affirmed,1
Goethe,afternoon,1
Goethe,aged,1
Goethe,agincourt,1
Goethe,agostini,1
Goethe,agreeing,1
Goethe,aids,1
Goethe,albemarle,1
Goethe,alcuni,1
Goethe,aldine,1
Goethe,aldobrandini,1
Goethe,alguna,1
Goethe,alibi,1
Goethe,alienum,1
Goethe,aliis,1
Goethe,alkali,1
Goethe,alle,1
Goethe,allegory,1
Goethe,allegri,1
Goethe,alliteration,1
Goethe,allowable,1
Goethe,allowance,1
Goethe,alps,1
Goethe,alto,1
Goethe,aluminous,1
Goethe,amaranthus,1
Goethe,amazement,1
Goethe,ambiguity,1
Goethe,amenable,1
Goethe,amended,1
Goethe,america,1
Goethe,american,1
Goethe,amiableness,1
Goethe,amicable,1
Goethe,ammaestrato,1
Goethe,ample,1
Goethe,amplify,1
Goethe,analitico,1
Goethe,analyse,1
Goethe,analysed,1
Goethe,andarme,1
Goethe,andrea,1
Goethe,angel,1
Goethe,angelo,1
Goethe,angular,1
Goethe,angulis,1
Goethe,animate,1
Goethe,animated,1
Goethe,animaux,1
Goethe,annemie,1
Goethe,annex,1
Goethe,annexed,1
Goethe,annihilated,1
Goethe,annotators,1
Goethe,annotto,1
Goethe,announce,1
Goethe,answering,1
Goethe,antagonizing,1
Goethe,antecedent,1
Goethe,antecedently,1
Goethe,anterior,1
Goethe,anticipates,1
Goethe,anticipating,1
Goethe,antimony,1
Goethe,antologia,1
Goethe,anvil,1
Goethe,anzi,1
Goethe,aponto,1
Goethe,apparentes,1
Goethe,apparentiis,1
Goethe,appeal,1
Goethe,appealed,1
Goethe,applicability,1
Goethe,applies,1
Goethe,appreciates,1
Goethe,apprehensions,1
Goethe,apprehensive,1
Goethe,approve,1
Goethe,aptitude,1
Goethe,arangi,1
Goethe,arbitrarily,1
Goethe,architectural,1
Goethe,archives,1
Goethe,arcu,1
Goethe,arcy,1
Goethe,ardito,1
Goethe,ardour,1
Goethe,arduous,1
Goethe,argelatus,1
Goethe,argentino,1
Goethe,argile,1
Goethe,argument,1
Goethe,arguments,1
Goethe,arist,1
Goethe,aristocratic,1
Goethe,arivar,1
Goethe,armed,1
Goethe,armour,1
Goethe,arms,1
Goethe,arnst,1
Goethe,array,1
Goethe,arresting,1
Goethe,arrogance,1
Goethe,ars,1
Goethe,arsenic,1
Goethe,arterial,1
Goethe,arti,1
Goethe,article,1
Goethe,artifices,1
Goethe,artificiosissimè,1
Goethe,ascendancy,1
Goethe,ascribing,1
Goethe,ashes,1
Goethe,aspect,1
Goethe,aspires,1
Goethe,assaults,1
Goethe,asserting,1
Goethe,assiduous,1
Goethe,assiduously,1
Goethe,assign,1
Goethe,assigned,1
Goethe,assimilate,1
Goethe,assure,1
Goethe,assured,1
Goethe,assuredly,1
Goethe,astonishment,1
Goethe,astra,1
Goethe,astroides,1
Goethe,astronomer,1
Goethe,astronomers,1
Goethe,astronomy,1
Goethe,asunder,1
Goethe,athos,1
Goethe,attack,1
Goethe,attacks,1
Goethe,attainable,1
Goethe,attaining,1
Goethe,attainment,1
Goethe,attainments,1
Goethe,attempts,1
Goethe,attendants,1
Goethe,attending,1
Goethe,attractiveness,1
Goethe,attracts,1
Goethe,attributable,1
Goethe,attunes,1
Goethe,augebitur,1
Goethe,augment,1
Goethe,augur,1
Goethe,authors,1
Goethe,autorità,1
Goethe,auxiliaries,1
Goethe,auxiliary,1
Goethe,availed,1
Goethe,avec,1
Goethe,averse,1
Goethe,avezzo,1
Goethe,avoit,1
Goethe,awake,1
Goethe,awaken,1
Goethe,awaking,1
Goethe,awe,1
Goethe,azzurri,1
Goethe,bacon,1
Goethe,bad,1
Goethe,baffled,1
Goethe,bands,1
Goethe,bankrupts,1
Goethe,baptism,1
Goethe,barniz,1
Goethe,barnizar,1
Goethe,baroccio,1
Goethe,barry,1
Goethe,bartolomeo,1
Goethe,barytes,1
Goethe,bas,1
Goethe,bases,1
Goethe,bastille,1
Goethe,battle,1
Goethe,battlements,1
Goethe,beasts,1
Goethe,beatific,1
Goethe,beccaria,1
Goethe,bed,1
Goethe,beg,1
Goethe,beginner,1
Goethe,begs,1
Goethe,beheld,1
Goethe,beinglas,1
Goethe,believed,1
Goethe,bell,1
Goethe,belle,1
Goethe,bellini,1
Goethe,beluzino,1
Goethe,belzoino,1
Goethe,bend,1
Goethe,bending,1
Goethe,beneath,1
Goethe,beneficial,1
Goethe,benefit,1
Goethe,benvenuto,1
Goethe,benzoe,1
Goethe,bequeath,1
Goethe,beraubung,1
Goethe,bermudez,1
Goethe,berrettino,1
Goethe,bertrand,1
Goethe,bestowed,1
Goethe,beuchè,1
Goethe,beyträge,1
Goethe,biadetti,1
Goethe,bianchezza,1
Goethe,biblioteca,1
Goethe,binary,1
Goethe,binds,1
Goethe,birch,1
Goethe,bird,1
Goethe,biting,1
Goethe,bixa,1
Goethe,blackish,1
Goethe,blackness,1
Goethe,bladder,1
Goethe,bladders,1
Goethe,blamed,1
Goethe,blanc,1
Goethe,bleached,1
Goethe,blend,1
Goethe,bleu,1
Goethe,blick,1
Goethe,blindly,1
Goethe,bloom,1
Goethe,blown,1
Goethe,blunted,1
Goethe,blüthe,1
Goethe,boasting,1
Goethe,bocchi,1
Goethe,bodice,1
Goethe,bodices,1
Goethe,boisserée,1
Goethe,bold,1
Goethe,bolsena,1
Goethe,bones,1
Goethe,books,1
Goethe,boots,1
Goethe,borrow,1
Goethe,bottari,1
Goethe,bottoms,1
Goethe,bought,1
Goethe,bouguer,1
Goethe,boundless,1
Goethe,bowed,1
Goethe,box,1
Goethe,brackets,1
Goethe,brahe,1
Goethe,brandes,1
Goethe,brandy,1
Goethe,brechung,1
Goethe,bred,1
Goethe,brings,1
Goethe,brocchette,1
Goethe,brocken,1
Goethe,broth,1
Goethe,bruised,1
Goethe,bruna,1
Goethe,brunette,1
Goethe,brunettes,1
Goethe,brushes,1
Goethe,brussels,1
Goethe,brutes,1
Goethe,buccie,1
Goethe,buffon,1
Goethe,build,1
Goethe,built,1
Goethe,bulbs,1
Goethe,bunch,1
Goethe,burgundy,1
Goethe,buried,1
Goethe,burning,1
Goethe,burst,1
Goethe,bursting,1
Goethe,busts,1
Goethe,butron,1
Goethe,butter,1
Goethe,butterflies,1
Goethe,buttons,1
Goethe,byzantine,1
Goethe,büsch,1
Goethe,cabinet,1
Goethe,cadin,1
Goethe,cadiz,1
Goethe,calculations,1
Goethe,calico,1
Goethe,calientes,1
Goethe,caligaverit,1
Goethe,calmer,1
Goethe,calore,1
Goethe,cambric,1
Goethe,canals,1
Goethe,candid,1
Goethe,candido,1
Goethe,candidus,1
Goethe,candour,1
Goethe,caneparii,1
Goethe,canepario,1
Goethe,caneparius,1
Goethe,canto,1
Goethe,capabilities,1
Goethe,capacity,1
Goethe,caprice,1
Goethe,capricious,1
Goethe,capriciously,1
Goethe,capsule,1
Goethe,cardanus,1
Goethe,cardenillo,1
Goethe,cardinals,1
Goethe,carducho,1
Goethe,careless,1
Goethe,carico,1
Goethe,carlo,1
Goethe,carnagioni,1
Goethe,carnation,1
Goethe,carne,1
Goethe,caro,1
Goethe,carpet,1
Goethe,carpeting,1
Goethe,carrying,1
Goethe,carthamus,1
Goethe,carvalho,1
Goethe,carved,1
Goethe,castiglione,1
Goethe,categories,1
Goethe,catholic,1
Goethe,catino,1
Goethe,cavedal,1
Goethe,cean,1
Goethe,ceased,1
Goethe,ceases,1
Goethe,cellini,1
Goethe,cells,1
Goethe,censures,1
Goethe,center,1
Goethe,ceremony,1
Goethe,certa,1
Goethe,certainty,1
Goethe,certum,1
Goethe,certè,1
Goethe,cerussâ,1
Goethe,cesena,1
Goethe,chambers,1
Goethe,chanced,1
Goethe,chap,1
Goethe,characterize,1
Goethe,characters,1
Goethe,charges,1
Goethe,charitable,1
Goethe,charities,1
Goethe,chase,1
Goethe,chased,1
Goethe,chasm,1
Goethe,cheap,1
Goethe,checks,1
Goethe,cheek,1
Goethe,cheered,1
Goethe,cheerfulness,1
Goethe,chemically,1
Goethe,chest,1
Goethe,chevalier,1
Goethe,chi,1
Goethe,chiara,1
Goethe,chiarissima,1
Goethe,chiarissimo,1
Goethe,chigi,1
Goethe,chimico,1
Goethe,chinese,1
Goethe,chloride,1
Goethe,choice,1
Goethe,choose,1
Goethe,chosen,1
Goethe,christian,1
Goethe,christophori,1
Goethe,chromatoscope,1
Goethe,chrupsia,1
Goethe,chrysalis,1
Goethe,chrystal,1
Goethe,chrystalised,1
Goethe,churches,1
Goethe,ciascuno,1
Goethe,cicero,1
Goethe,cielo,1
Goethe,cigoli,1
Goethe,cimabue,1
Goethe,cioè,1
Goethe,circuit,1
Goethe,cited,1
Goethe,citron,1
Goethe,claims,1
Goethe,clare,1
Goethe,clarification,1
Goethe,claros,1
Goethe,classify,1
Goethe,claude,1
Goethe,claveçin,1
Goethe,clavæ,1
Goethe,cleanest,1
Goethe,climate,1
Goethe,cloak,1
Goethe,closest,1
Goethe,clothed,1
Goethe,clothes,1
Goethe,clothing,1
Goethe,clouet,1
Goethe,clue,1
Goethe,clumsy,1
Goethe,coarse,1
Goethe,coat,1
Goethe,coats,1
Goethe,cobalt,1
Goethe,coblentz,1
Goethe,cocente,1
Goethe,cochineals,1
Goethe,cockades,1
Goethe,codes,1
Goethe,coi,1
Goethe,coil,1
Goethe,coin,1
Goethe,coincide,1
Goethe,coincided,1
Goethe,coinciding,1
Goethe,colbert,1
Goethe,collapsion,1
Goethe,collect,1
Goethe,colligere,1
Goethe,colloquial,1
Goethe,colorification,1
Goethe,colorir,1
Goethe,colors,1
Goethe,colorum,1
Goethe,colorées,1
Goethe,combat,1
Goethe,combustibility,1
Goethe,commas,1
Goethe,commencement,1
Goethe,commendavit,1
Goethe,commented,1
Goethe,commerce,1
Goethe,comminution,1
Goethe,commixture,1
Goethe,commoner,1
Goethe,commonest,1
Goethe,communicating,1
Goethe,communications,1
Goethe,compact,1
Goethe,company,1
Goethe,compatible,1
Goethe,compels,1
Goethe,compendiums,1
Goethe,comperato,1
Goethe,competition,1
Goethe,compilation,1
Goethe,complementary,1
Goethe,complication,1
Goethe,complimented,1
Goethe,composes,1
Goethe,composing,1
Goethe,composition,1
Goethe,compositions,1
Goethe,comprehending,1
Goethe,compressed,1
Goethe,conceit,1
Goethe,conceive,1
Goethe,conceived,1
Goethe,concentrating,1
Goethe,conception,1
Goethe,concern,1
Goethe,concert,1
Goethe,concordia,1
Goethe,concrete,1
Goethe,condemnation,1
Goethe,condensation,1
Goethe,condensing,1
Goethe,conducive,1
Goethe,conducting,1
Goethe,confesses,1
Goethe,confessing,1
Goethe,confetura,1
Goethe,confidently,1
Goethe,confines,1
Goethe,confirmations,1
Goethe,confirming,1
Goethe,conformably,1
Goethe,conformation,1
Goethe,congregate,1
Goethe,conjectures,1
Goethe,conjoined,1
Goethe,conjunction,1
Goethe,connection,1
Goethe,connects,1
Goethe,conscious,1
Goethe,consecrated,1
Goethe,consent,1
Goethe,consequences,1
Goethe,consequential,1
Goethe,considerably,1
Goethe,considers,1
Goethe,consistence,1
Goethe,consistently,1
Goethe,consistit,1
Goethe,console,1
Goethe,consolidated,1
Goethe,consolidating,1
Goethe,consonant,1
Goethe,consonanze,1
Goethe,conspicitur,1
Goethe,constitutes,1
Goethe,constituting,1
Goethe,constructing,1
Goethe,construction,1
Goethe,consumes,1
Goethe,contamination,1
Goethe,contemplate,1
Goethe,contemplated,1
Goethe,contemplating,1
Goethe,contemporary,1
Goethe,contempt,1
Goethe,contemptuous,1
Goethe,content,1
Goethe,contented,1
Goethe,contents,1
Goethe,contiguity,1
Goethe,continent,1
Goethe,continenza,1
Goethe,continual,1
Goethe,continuation,1
Goethe,contour,1
Goethe,contra,1
Goethe,contradicted,1
Goethe,contradicts,1
Goethe,contradistinction,1
Goethe,contributed,1
Goethe,contributes,1
Goethe,contributing,1
Goethe,contrive,1
Goethe,controllable,1
Goethe,controversy,1
Goethe,conveniences,1
Goethe,conventional,1
Goethe,conversant,1
Goethe,conversation,1
Goethe,converse,1
Goethe,converting,1
Goethe,conveys,1
Goethe,conviene,1
Goethe,convincing,1
Goethe,convolutions,1
Goethe,cooled,1
Goethe,copaiba,1
Goethe,copal,1
Goethe,copiosius,1
Goethe,copious,1
Goethe,copiousness,1
Goethe,copyist,1
Goethe,coral,1
Goethe,corals,1
Goethe,cordially,1
Goethe,cordilleras,1
Goethe,corollaries,1
Goethe,corpo,1
Goethe,corporation,1
Goethe,corporei,1
Goethe,corpuscular,1
Goethe,corrected,1
Goethe,correcting,1
Goethe,correction,1
Goethe,corrections,1
Goethe,corroborate,1
Goethe,corrupt,1
Goethe,cortigiano,1
Goethe,coruscate,1
Goethe,coruscation,1
Goethe,cosmo,1
Goethe,cosmology,1
Goethe,costly,1
Goethe,costume,1
Goethe,cotta,1
Goethe,couched,1
Goethe,couleurs,1
Goethe,count,1
Goethe,counted,1
Goethe,countenance,1
Goethe,counteract,1
Goethe,counteracted,1
Goethe,counteracting,1
Goethe,countries,1
Goethe,coupled,1
Goethe,court,1
Goethe,covering,1
Goethe,crack,1
Goethe,cracks,1
Goethe,creation,1
Goethe,creder,1
Goethe,credits,1
Goethe,credulously,1
Goethe,cremonese,1
Goethe,crescent,1
Goethe,criticises,1
Goethe,critique,1
Goethe,crowding,1
Goethe,crucifixion,1
Goethe,crucis,1
Goethe,crude,1
Goethe,crushed,1
Goethe,crustacea,1
Goethe,cry,1
Goethe,crystallization,1
Goethe,cubic,1
Goethe,cujuscumque,1
Goethe,culminates,1
Goethe,culminations,1
Goethe,cultivation,1
Goethe,cups,1
Goethe,curcuma,1
Goethe,curled,1
Goethe,current,1
Goethe,curtailed,1
Goethe,curtain,1
Goethe,curtains,1
Goethe,curve,1
Goethe,curved,1
Goethe,curvilinear,1
Goethe,cutting,1
Goethe,cuvier,1
Goethe,cyaneum,1
Goethe,cylinders,1
Goethe,cynthia,1
Goethe,cœlest,1
Goethe,dabit,1
Goethe,dai,1
Goethe,dall,1
Goethe,dalla,1
Goethe,damaged,1
Goethe,dar,1
Goethe,dare,1
Goethe,darkens,1
Goethe,darwin,1
Goethe,das,1
Goethe,data,1
Goethe,dates,1
Goethe,david,1
Goethe,dawn,1
Goethe,dawning,1
Goethe,daytime,1
Goethe,dazzlingly,1
Goethe,dead,1
Goethe,death,1
Goethe,debeatur,1
Goethe,decay,1
Goethe,deceive,1
Goethe,deception,1
Goethe,deceptions,1
Goethe,deceptive,1
Goethe,deciding,1
Goethe,decisive,1
Goethe,decline,1
Goethe,declining,1
Goethe,decoction,1
Goethe,decompose,1
Goethe,decreases,1
Goethe,decus,1
Goethe,dedicate,1
Goethe,deductible,1
Goethe,deductions,1
Goethe,defence,1
Goethe,defences,1
Goethe,defend,1
Goethe,defendimus,1
Goethe,defy,1
Goethe,degli,1
Goethe,degraded,1
Goethe,dei,1
Goethe,delaval,1
Goethe,delaying,1
Goethe,deletions,1
Goethe,delicately,1
Goethe,delicia,1
Goethe,delighted,1
Goethe,demerits,1
Goethe,demolished,1
Goethe,demonology,1
Goethe,demonstrations,1
Goethe,denique,1
Goethe,denominated,1
Goethe,denominating,1
Goethe,denoted,1
Goethe,denotes,1
Goethe,denser,1
Goethe,deny,1
Goethe,denying,1
Goethe,departing,1
Goethe,depended,1
Goethe,deposit,1
Goethe,depress,1
Goethe,deprives,1
Goethe,depths,1
Goethe,depuis,1
Goethe,deranged,1
Goethe,derangement,1
Goethe,derivable,1
Goethe,derives,1
Goethe,deriving,1
Goethe,derogation,1
Goethe,desaguliers,1
Goethe,descartes,1
Goethe,descended,1
Goethe,descriptive,1
Goethe,deserted,1
Goethe,desideratum,1
Goethe,designated,1
Goethe,designed,1
Goethe,desires,1
Goethe,destructive,1
Goethe,detach,1
Goethe,detaching,1
Goethe,detailing,1
Goethe,detect,1
Goethe,detects,1
Goethe,detriment,1
Goethe,developments,1
Goethe,deventar,1
Goethe,deviate,1
Goethe,deviating,1
Goethe,devise,1
Goethe,devoid,1
Goethe,devotion,1
Goethe,dewy,1
Goethe,dialogues,1
Goethe,diameters,1
Goethe,diametrical,1
Goethe,diametrically,1
Goethe,diatonic,1
Goethe,dice,1
Goethe,dicolori,1
Goethe,dictated,1
Goethe,diego,1
Goethe,dies,1
Goethe,dietro,1
Goethe,differenza,1
Goethe,diffraction,1
Goethe,diffuses,1
Goethe,diffusion,1
Goethe,dignified,1
Goethe,dignitaries,1
Goethe,dilatationem,1
Goethe,dilate,1
Goethe,diletta,1
Goethe,dilettante,1
Goethe,dilettino,1
Goethe,diligent,1
Goethe,dilute,1
Goethe,diminuzione,1
Goethe,dimming,1
Goethe,din,1
Goethe,dingy,1
Goethe,dio,1
Goethe,dip,1
Goethe,dipping,1
Goethe,dir,1
Goethe,directing,1
Goethe,dirty,1
Goethe,dis,1
Goethe,discernible,1
Goethe,disclaim,1
Goethe,disclaimers,1
Goethe,discoloured,1
Goethe,disconcerted,1
Goethe,discontinue,1
Goethe,discordanza,1
Goethe,discordiâ,1
Goethe,discours,1
Goethe,discoursed,1
Goethe,discoveries,1
Goethe,discussed,1
Goethe,disegno,1
Goethe,disguise,1
Goethe,disguised,1
Goethe,disgust,1
Goethe,dishonest,1
Goethe,disinclination,1
Goethe,disjointed,1
Goethe,disks,1
Goethe,dismantle,1
Goethe,dismiss,1
Goethe,dismissed,1
Goethe,disnar,1
Goethe,displaces,1
Goethe,dispositions,1
Goethe,dissatisfied,1
Goethe,dissembled,1
Goethe,dissimilarity,1
Goethe,dissolution,1
Goethe,dissolve,1
Goethe,dissolved,1
Goethe,dissonant,1
Goethe,distante,1
Goethe,distanza,1
Goethe,distended,1
Goethe,distends,1
Goethe,distinctive,1
Goethe,distinxit,1
Goethe,distract,1
Goethe,distributor,1
Goethe,districts,1
Goethe,disturb,1
Goethe,disturbing,1
Goethe,diverging,1
Goethe,diversi,1
Goethe,diversicoloribus,1
Goethe,diversity,1
Goethe,diversità,1
Goethe,divert,1
Goethe,diving,1
Goethe,divino,1
Goethe,doctor,1
Goethe,dolci,1
Goethe,dominis,1
Goethe,donation,1
Goethe,donors,1
Goethe,door,1
Goethe,dormant,1
Goethe,doubly,1
Goethe,doubtful,1
Goethe,doubts,1
Goethe,downloading,1
Goethe,doze,1
Goethe,draw,1
Goethe,draws,1
Goethe,dreadful,1
Goethe,dresden,1
Goethe,drives,1
Goethe,dryers,1
Goethe,duc,1
Goethe,dusk,1
Goethe,duty,1
Goethe,dwellings,1
Goethe,dwelt,1
Goethe,dyed,1
Goethe,dynamically,1
Goethe,eagerly,1
Goethe,ears,1
Goethe,earthenware,1
Goethe,ease,1
Goethe,easier,1
Goethe,easiest,1
Goethe,east,1
Goethe,eccellente,1
Goethe,eccellenti,1
Goethe,eclipsi,1
Goethe,economy,1
Goethe,edite,1
Goethe,education,1
Goethe,educational,1
Goethe,efface,1
Goethe,effecting,1
Goethe,effectual,1
Goethe,effectually,1
Goethe,effusion,1
Goethe,eggs,1
Goethe,egyptians,1
Goethe,eighth,1
Goethe,ein,1
Goethe,eine,1
Goethe,einen,1
Goethe,eke,1
Goethe,elaborate,1
Goethe,elaborately,1
Goethe,elect,1
Goethe,electric,1
Goethe,electro,1
Goethe,elevations,1
Goethe,elle,1
Goethe,elliptical,1
Goethe,elohim,1
Goethe,elongating,1
Goethe,elucidated,1
Goethe,elucidates,1
Goethe,emancipate,1
Goethe,emancipated,1
Goethe,emanuele,1
Goethe,embellish,1
Goethe,emblems,1
Goethe,embodying,1
Goethe,embraces,1
Goethe,embrasures,1
Goethe,embroidered,1
Goethe,embryos,1
Goethe,emerged,1
Goethe,emergency,1
Goethe,emerges,1
Goethe,emeric,1
Goethe,eminence,1
Goethe,eminently,1
Goethe,emotions,1
Goethe,emperors,1
Goethe,emphatically,1
Goethe,employee,1
Goethe,employees,1
Goethe,employs,1
Goethe,emulation,1
Goethe,enables,1
Goethe,enabling,1
Goethe,encouragement,1
Goethe,encumber,1
Goethe,encumbered,1
Goethe,enemy,1
Goethe,energetic,1
Goethe,enforce,1
Goethe,engage,1
Goethe,engaged,1
Goethe,engraved,1
Goethe,engravers,1
Goethe,engraving,1
Goethe,engravings,1
Goethe,enhances,1
Goethe,enim,1
Goethe,enjoyment,1
Goethe,enlarges,1
Goethe,enlarging,1
Goethe,enliven,1
Goethe,enquiries,1
Goethe,enrages,1
Goethe,enrich,1
Goethe,ensure,1
Goethe,enterprising,1
Goethe,enthusiasm,1
Goethe,enthusiastically,1
Goethe,entitled,1
Goethe,entrails,1
Goethe,entry,1
Goethe,entzweyung,1
Goethe,enumerated,1
Goethe,enumerates,1
Goethe,enumerating,1
Goethe,epaulettes,1
Goethe,epitaph,1
Goethe,epithet,1
Goethe,epithets,1
Goethe,epitome,1
Goethe,equalling,1
Goethe,equipped,1
Goethe,equivalents,1
Goethe,erano,1
Goethe,ercole,1
Goethe,err,1
Goethe,erroneous,1
Goethe,erroneousness,1
Goethe,escaped,1
Goethe,escuela,1
Goethe,esq,1
Goethe,esser,1
Goethe,essi,1
Goethe,establishes,1
Goethe,estate,1
Goethe,estimable,1
Goethe,estimation,1
Goethe,estèn,1
Goethe,ethiop,1
Goethe,etiam,1
Goethe,eulogises,1
Goethe,eulogist,1
Goethe,europe,1
Goethe,europeans,1
Goethe,evade,1
Goethe,evadit,1
Goethe,evaporating,1
Goethe,event,1
Goethe,evoking,1
Goethe,exacter,1
Goethe,exalted,1
Goethe,excelled,1
Goethe,excellences,1
Goethe,excepted,1
Goethe,exceptions,1
Goethe,excessive,1
Goethe,exchange,1
Goethe,excitability,1
Goethe,exclude,1
Goethe,excluding,1
Goethe,exclusion,1
Goethe,excrescences,1
Goethe,executed,1
Goethe,exemplification,1
Goethe,exemplifies,1
Goethe,exemplify,1
Goethe,exercise,1
Goethe,exercises,1
Goethe,exercising,1
Goethe,exert,1
Goethe,exertion,1
Goethe,exfoliate,1
Goethe,exhaust,1
Goethe,exhausting,1
Goethe,exhausts,1
Goethe,exigencies,1
Goethe,exigua,1
Goethe,exiguum,1
Goethe,existences,1
Goethe,existimavit,1
Goethe,expand,1
Goethe,expanded,1
Goethe,expansion,1
Goethe,expectations,1
Goethe,expeditious,1
Goethe,expend,1
Goethe,experimentalists,1
Goethe,experimentum,1
Goethe,explicit,1
Goethe,exporting,1
Goethe,expressing,1
Goethe,expressive,1
Goethe,exquisitely,1
Goethe,exsistere,1
Goethe,externally,1
Goethe,extinct,1
Goethe,extinguished,1
Goethe,extol,1
Goethe,extract,1
Goethe,extrinsic,1
Goethe,eyeball,1
Goethe,fabius,1
Goethe,fabric,1
Goethe,facettes,1
Goethe,facultatibus,1
Goethe,fade,1
Goethe,faenza,1
Goethe,faintest,1
Goethe,faintness,1
Goethe,fairness,1
Goethe,fairy,1
Goethe,faith,1
Goethe,fallen,1
Goethe,falsa,1
Goethe,falsi,1
Goethe,families,1
Goethe,family,1
Goethe,fan,1
Goethe,fancifully,1
Goethe,fancy,1
Goethe,farthest,1
Goethe,fashionable,1
Goethe,fashioned,1
Goethe,fastening,1
Goethe,faster,1
Goethe,fat,1
Goethe,fata,1
Goethe,fatal,1
Goethe,fati,1
Goethe,fatigued,1
Goethe,fatte,1
Goethe,favoured,1
Goethe,favourite,1
Goethe,fear,1
Goethe,fears,1
Goethe,feather,1
Goethe,feathered,1
Goethe,fed,1
Goethe,federici,1
Goethe,feet,1
Goethe,fell,1
Goethe,fellows,1
Goethe,female,1
Goethe,ferdinand,1
Goethe,ferine,1
Goethe,fermentation,1
Goethe,fermentations,1
Goethe,ferrara,1
Goethe,fettered,1
Goethe,feuds,1
Goethe,fewer,1
Goethe,fewest,1
Goethe,fia,1
Goethe,fictitious,1
Goethe,fidelity,1
Goethe,field,1
Goethe,fieri,1
Goethe,fifteen,1
Goethe,fifteenth,1
Goethe,fifthly,1
Goethe,fifty,1
Goethe,figino,1
Goethe,figs,1
Goethe,figurative,1
Goethe,figuratively,1
Goethe,file,1
Goethe,files,1
Goethe,filos,1
Goethe,filosofia,1
Goethe,financial,1
Goethe,fineness,1
Goethe,finer,1
Goethe,fingere,1
Goethe,finish,1
Goethe,finishing,1
Goethe,firm,1
Goethe,firmer,1
Goethe,firstly,1
Goethe,fissures,1
Goethe,fitted,1
Goethe,fixedly,1
Goethe,fixi,1
Goethe,flags,1
Goethe,flames,1
Goethe,flash,1
Goethe,flattened,1
Goethe,flavo,1
Goethe,flavum,1
Goethe,flexibility,1
Goethe,flexile,1
Goethe,floated,1
Goethe,floor,1
Goethe,florid,1
Goethe,florido,1
Goethe,florification,1
Goethe,flow,1
Goethe,flowered,1
Goethe,flowing,1
Goethe,fluctuates,1
Goethe,fluxi,1
Goethe,flying,1
Goethe,flächenhafte,1
Goethe,focoso,1
Goethe,foil,1
Goethe,foils,1
Goethe,fold,1
Goethe,foliage,1
Goethe,fondaco,1
Goethe,fondato,1
Goethe,fondness,1
Goethe,fool,1
Goethe,foramen,1
Goethe,foramina,1
Goethe,forces,1
Goethe,forcible,1
Goethe,forefathers,1
Goethe,foreigners,1
Goethe,foresaw,1
Goethe,forge,1
Goethe,formation,1
Goethe,forschungen,1
Goethe,forster,1
Goethe,forthwith,1
Goethe,fortification,1
Goethe,fortified,1
Goethe,fortnight,1
Goethe,fortress,1
Goethe,fortunate,1
Goethe,fortune,1
Goethe,fosse,1
Goethe,foul,1
Goethe,fourthly,1
Goethe,fragile,1
Goethe,frames,1
Goethe,franco,1
Goethe,frankfort,1
Goethe,frankly,1
Goethe,franks,1
Goethe,frees,1
Goethe,freezes,1
Goethe,freezing,1
Goethe,frenchman,1
Goethe,fresnoy,1
Goethe,friction,1
Goethe,friedrich,1
Goethe,frightful,1
Goethe,frigidità,1
Goethe,friulane,1
Goethe,frogs,1
Goethe,front,1
Goethe,fructification,1
Goethe,fruits,1
Goethe,fuco,1
Goethe,fugacity,1
Goethe,fugitiva,1
Goethe,fugitivi,1
Goethe,furious,1
Goethe,furnished,1
Goethe,furnishes,1
Goethe,furtherance,1
Goethe,furthest,1
Goethe,fuseli,1
Goethe,fusion,1
Goethe,gable,1
Goethe,gained,1
Goethe,gaining,1
Goethe,gains,1
Goethe,galleries,1
Goethe,galvanic,1
Goethe,galvanism,1
Goethe,gas,1
Goethe,gathers,1
Goethe,gauze,1
Goethe,gazing,1
Goethe,geht,1
Goethe,gelb,1
Goethe,gem,1
Goethe,gemmas,1
Goethe,gemme,1
Goethe,gemming,1
Goethe,generalised,1
Goethe,generazione,1
Goethe,generis,1
Goethe,generously,1
Goethe,geneva,1
Goethe,gentle,1
Goethe,gentlest,1
Goethe,genus,1
Goethe,geology,1
Goethe,geometer,1
Goethe,george,1
Goethe,gesichtserscheinungen,1
Goethe,gesichtssinnes,1
Goethe,gessert,1
Goethe,gestures,1
Goethe,ghe,1
Goethe,ghent,1
Goethe,ghiberti,1
Goethe,gialli,1
Goethe,giallolini,1
Goethe,gianotti,1
Goethe,gibbon,1
Goethe,gioielandole,1
Goethe,giotto,1
Goethe,giovane,1
Goethe,giovanni,1
Goethe,girasole,1
Goethe,giri,1
Goethe,giulio,1
Goethe,gladdened,1
Goethe,gladly,1
Goethe,glancing,1
Goethe,glaring,1
Goethe,glasmalerei,1
Goethe,glassy,1
Goethe,glaze,1
Goethe,glazed,1
Goethe,glazes,1
Goethe,glazings,1
Goethe,gleam,1
Goethe,gli,1
Goethe,glide,1
Goethe,gliding,1
Goethe,glisten,1
Goethe,gloomy,1
Goethe,glories,1
Goethe,gloss,1
Goethe,gloves,1
Goethe,glows,1
Goethe,goals,1
Goethe,god,1
Goethe,gonzaga,1
Goethe,govern,1
Goethe,grace,1
Goethe,graced,1
Goethe,graham,1
Goethe,grande,1
Goethe,grandest,1
Goethe,grandeur,1
Goethe,grando,1
Goethe,granite,1
Goethe,grants,1
Goethe,grapes,1
Goethe,graphicá,1
Goethe,gratefully,1
Goethe,gratia,1
Goethe,gratifying,1
Goethe,gratitude,1
Goethe,gravel,1
Goethe,graver,1
Goethe,gravicembalo,1
Goethe,gravity,1
Goethe,greca,1
Goethe,greener,1
Goethe,greens,1
Goethe,greuze,1
Goethe,greys,1
Goethe,grooved,1
Goethe,gross,1
Goethe,grotthuss,1
Goethe,grounded,1
Goethe,groundwork,1
Goethe,grown,1
Goethe,growth,1
Goethe,guarda,1
Goethe,guazzo,1
Goethe,guidance,1
Goethe,guilandina,1
Goethe,guild,1
Goethe,guise,1
Goethe,gum,1
Goethe,gums,1
Goethe,gypsum,1
Goethe,habituated,1
Goethe,hacci,1
Goethe,haired,1
Goethe,halls,1
Goethe,halves,1
Goethe,hamberger,1
Goethe,hamburgh,1
Goethe,handle,1
Goethe,handled,1
Goethe,handling,1
Goethe,handsome,1
Goethe,hang,1
Goethe,hanging,1
Goethe,hangings,1
Goethe,harassing,1
Goethe,hardened,1
Goethe,harman,1
Goethe,harmless,1
Goethe,harmonising,1
Goethe,hart,1
Goethe,harz,1
Goethe,hastened,1
Goethe,hastens,1
Goethe,hastily,1
Goethe,hats,1
Goethe,hazardous,1
Goethe,headed,1
Goethe,healing,1
Goethe,heart,1
Goethe,heath,1
Goethe,heavenly,1
Goethe,heavens,1
Goethe,heaviness,1
Goethe,heavy,1
Goethe,hebung,1
Goethe,heed,1
Goethe,hegel,1
Goethe,heightens,1
Goethe,heirs,1
Goethe,heliodorus,1
Goethe,helldunkel,1
Goethe,hemp,1
Goethe,henry,1
Goethe,hero,1
Goethe,heroes,1
Goethe,hesitation,1
Goethe,hessian,1
Goethe,hexagon,1
Goethe,hieroglyphic,1
Goethe,hiis,1
Goethe,hills,1
Goethe,hinc,1
Goethe,hinder,1
Goethe,hinge,1
Goethe,histoire,1
Goethe,historiques,1
Goethe,hoar,1
Goethe,holding,1
Goethe,hollow,1
Goethe,holy,1
Goethe,home,1
Goethe,honest,1
Goethe,honestly,1
Goethe,hooghe,1
Goethe,hopes,1
Goethe,hornsilber,1
Goethe,hotter,1
Goethe,hundred,1
Goethe,hundreds,1
Goethe,hung,1
Goethe,hungarian,1
Goethe,husbandry,1
Goethe,huviere,1
Goethe,hyacinth,1
Goethe,hypertext,1
Goethe,hypothetical,1
Goethe,hæc,1
Goethe,iceland,1
Goethe,identification,1
Goethe,identifies,1
Goethe,idoneum,1
Goethe,ignib,1
Goethe,ignition,1
Goethe,ignominy,1
Goethe,ignorance,1
Goethe,ignorant,1
Goethe,ill,1
Goethe,illo,1
Goethe,illumine,1
Goethe,illustrates,1
Goethe,illustrating,1
Goethe,illustrative,1
Goethe,illustrious,1
Goethe,ilustrerave,1
Goethe,imaginarii,1
Goethe,imbibed,1
Goethe,imbrata,1
Goethe,imbratar,1
Goethe,imitates,1
Goethe,imitating,1
Goethe,imitator,1
Goethe,immemorial,1
Goethe,immersion,1
Goethe,impair,1
Goethe,impassioned,1
Goethe,impatient,1
Goethe,impenetrable,1
Goethe,imperadore,1
Goethe,imperceptible,1
Goethe,imperfection,1
Goethe,imperfetto,1
Goethe,imperti,1
Goethe,impetuous,1
Goethe,impinge,1
Goethe,implies,1
Goethe,imported,1
Goethe,imposed,1
Goethe,impress,1
Goethe,impresses,1
Goethe,impressionis,1
Goethe,improver,1
Goethe,impulse,1
Goethe,impulsion,1
Goethe,impure,1
Goethe,imputed,1
Goethe,inaccurate,1
Goethe,inadequacy,1
Goethe,inadmissible,1
Goethe,inadvertence,1
Goethe,inaptitude,1
Goethe,incalculably,1
Goethe,incerte,1
Goethe,incipient,1
Goethe,incision,1
Goethe,inclinarsi,1
Goethe,inclining,1
Goethe,incommensurable,1
Goethe,incompleteness,1
Goethe,inconclusive,1
Goethe,inconveniences,1
Goethe,inconvenient,1
Goethe,increasingly,1
Goethe,inculcated,1
Goethe,inculcates,1
Goethe,inculcating,1
Goethe,incumbent,1
Goethe,indaco,1
Goethe,inde,1
Goethe,indefatigable,1
Goethe,indefinable,1
Goethe,indefinitely,1
Goethe,indemnify,1
Goethe,indemnity,1
Goethe,indentation,1
Goethe,independence,1
Goethe,indescribable,1
Goethe,indians,1
Goethe,indifference,1
Goethe,indignation,1
Goethe,indirectly,1
Goethe,indiscriminately,1
Goethe,indistinct,1
Goethe,indistinctly,1
Goethe,individualise,1
Goethe,individualised,1
Goethe,induceano,1
Goethe,indulgent,1
Goethe,inedite,1
Goethe,inequalities,1
Goethe,inertness,1
Goethe,inexcitability,1
Goethe,inexcitable,1
Goethe,infallible,1
Goethe,infancy,1
Goethe,infant,1
Goethe,infer,1
Goethe,inference,1
Goethe,inferences,1
Goethe,infinito,1
Goethe,infirmity,1
Goethe,inflection,1
Goethe,inflexibility,1
Goethe,inflexible,1
Goethe,inflicted,1
Goethe,influencing,1
Goethe,informed,1
Goethe,informing,1
Goethe,informs,1
Goethe,infringement,1
Goethe,infused,1
Goethe,ingegno,1
Goethe,inhabitants,1
Goethe,initials,1
Goethe,initiated,1
Goethe,injures,1
Goethe,inmates,1
Goethe,inmost,1
Goethe,inn,1
Goethe,innermost,1
Goethe,inscribed,1
Goethe,inscriptions,1
Goethe,inserting,1
Goethe,inserts,1
Goethe,insignia,1
Goethe,insignificancy,1
Goethe,insinuating,1
Goethe,insist,1
Goethe,insomniis,1
Goethe,inspire,1
Goethe,instinct,1
Goethe,instinctive,1
Goethe,instruction,1
Goethe,instructors,1
Goethe,instrument,1
Goethe,insufficiency,1
Goethe,insured,1
Goethe,insurmountable,1
Goethe,intensely,1
Goethe,intentionales,1
Goethe,intentionally,1
Goethe,intentions,1
Goethe,intercepting,1
Goethe,intercutaneous,1
Goethe,interfere,1
Goethe,interfered,1
Goethe,interiors,1
Goethe,intermingled,1
Goethe,intermitting,1
Goethe,intermixed,1
Goethe,intermixtures,1
Goethe,international,1
Goethe,internet,1
Goethe,interpose,1
Goethe,interposing,1
Goethe,interpretation,1
Goethe,interpretations,1
Goethe,interprete,1
Goethe,interpreted,1
Goethe,interrogator,1
Goethe,interruption,1
Goethe,intersect,1
Goethe,intersection,1
Goethe,intervenes,1
Goethe,intervening,1
Goethe,intitolato,1
Goethe,intolerably,1
Goethe,intorno,1
Goethe,introduces,1
Goethe,introducing,1
Goethe,invalidate,1
Goethe,invalidating,1
Goethe,invalidity,1
Goethe,invalids,1
Goethe,invaluable,1
Goethe,invented,1
Goethe,inventors,1
Goethe,inveriadure,1
Goethe,invernisar,1
Goethe,inverted,1
Goethe,investigating,1
Goethe,invests,1
Goethe,invetriature,1
Goethe,inviting,1
Goethe,involved,1
Goethe,ionian,1
Goethe,irksome,1
Goethe,ironically,1
Goethe,irony,1
Goethe,irradiation,1
Goethe,irreconcileable,1
Goethe,irregular,1
Goethe,irrelevant,1
Goethe,irreparable,1
Goethe,irs,1
Goethe,isolated,1
Goethe,isolation,1
Goethe,isole,1
Goethe,issue,1
Goethe,istis,1
Goethe,istoriche,1
Goethe,ita,1
Goethe,italienische,1
Goethe,italiänische,1
Goethe,itaque,1
Goethe,jacopo,1
Goethe,jagemann,1
Goethe,jaundiced,1
Goethe,jealousy,1
Goethe,jena,1
Goethe,jeremiah,1
Goethe,jeremias,1
Goethe,jesuits,1
Goethe,jewel,1
Goethe,jews,1
Goethe,johann,1
Goethe,joined,1
Goethe,joints,1
Goethe,journals,1
Goethe,judgment,1
Goethe,judices,1
Goethe,juicy,1
Goethe,juliet,1
Goethe,juno,1
Goethe,justifiably,1
Goethe,juxta,1
Goethe,kepler,1
Goethe,kermes,1
Goethe,kill,1
Goethe,kindle,1
Goethe,kindled,1
Goethe,kindles,1
Goethe,kindly,1
Goethe,kingdoms,1
Goethe,knee,1
Goethe,knives,1
Goethe,knowing,1
Goethe,labyrinthine,1
Goethe,lac,1
Goethe,lack,1
Goethe,lackers,1
Goethe,ladies,1
Goethe,lady,1
Goethe,lakes,1
Goethe,lambert,1
Goethe,laminæ,1
Goethe,land,1
Goethe,landscapes,1
Goethe,langlois,1
Goethe,languages,1
Goethe,languidum,1
Goethe,languidus,1
Goethe,languore,1
Goethe,lanzi,1
Goethe,larch,1
Goethe,larix,1
Goethe,lasciamolo,1
Goethe,lasciviâ,1
Goethe,lastingly,1
Goethe,lateral,1
Goethe,latina,1
Goethe,laudatory,1
Goethe,lavish,1
Goethe,leads,1
Goethe,legally,1
Goethe,leggesi,1
Goethe,legitimate,1
Goethe,legitimately,1
Goethe,leo,1
Goethe,leonato,1
Goethe,les,1
Goethe,leslie,1
Goethe,lettera,1
Goethe,lettere,1
Goethe,levant,1
Goethe,levigated,1
Goethe,libitum,1
Goethe,licensed,1
Goethe,lichens,1
Goethe,lichtenberg,1
Goethe,lifeless,1
Goethe,lift,1
Goethe,lighting,1
Goethe,lignum,1
Goethe,lilac,1
Goethe,limestone,1
Goethe,limit,1
Goethe,limiting,1
Goethe,lined,1
Goethe,linger,1
Goethe,lingering,1
Goethe,lingua,1
Goethe,link,1
Goethe,linked,1
Goethe,linstock,1
Goethe,lists,1
Goethe,literature,1
Goethe,litigio,1
Goethe,litmus,1
Goethe,livelier,1
Goethe,lives,1
Goethe,locations,1
Goethe,lombard,1
Goethe,lombardy,1
Goethe,loose,1
Goethe,loredano,1
Goethe,loro,1
Goethe,lot,1
Goethe,lotto,1
Goethe,louis,1
Goethe,loves,1
Goethe,lowered,1
Goethe,lucidorum,1
Goethe,lucilla,1
Goethe,lucis,1
Goethe,ludunt,1
Goethe,lugano,1
Goethe,lui,1
Goethe,lumen,1
Goethe,luminosi,1
Goethe,luna,1
Goethe,luogo,1
Goethe,lurk,1
Goethe,lurking,1
Goethe,lustri,1
Goethe,lustro,1
Goethe,machia,1
Goethe,machine,1
Goethe,machinery,1
Goethe,machinists,1
Goethe,madame,1
Goethe,madre,1
Goethe,maggio,1
Goethe,maggiore,1
Goethe,magis,1
Goethe,magna,1
Goethe,magnanimity,1
Goethe,magnesia,1
Goethe,magnifiers,1
Goethe,magnify,1
Goethe,magnâ,1
Goethe,mail,1
Goethe,maintain,1
Goethe,maintaining,1
Goethe,majesty,1
Goethe,major,1
Goethe,majore,1
Goethe,mallows,1
Goethe,managed,1
Goethe,management,1
Goethe,manager,1
Goethe,mander,1
Goethe,manes,1
Goethe,manganese,1
Goethe,maniago,1
Goethe,maniera,1
Goethe,manifest,1
Goethe,manifestation,1
Goethe,manifesting,1
Goethe,manifestly,1
Goethe,mannered,1
Goethe,mannerism,1
Goethe,mantegna,1
Goethe,mantova,1
Goethe,manufactory,1
Goethe,manufacturer,1
Goethe,manuscript,1
Goethe,maratti,1
Goethe,marbled,1
Goethe,marc,1
Goethe,marginal,1
Goethe,marguino,1
Goethe,marigolds,1
Goethe,marine,1
Goethe,mariners,1
Goethe,mariæ,1
Goethe,markings,1
Goethe,marks,1
Goethe,marmora,1
Goethe,marpurgi,1
Goethe,marriage,1
Goethe,martyre,1
Goethe,marziale,1
Goethe,masks,1
Goethe,mason,1
Goethe,mastici,1
Goethe,materiales,1
Goethe,mato,1
Goethe,mauro,1
Goethe,mechanically,1
Goethe,mechanics,1
Goethe,mecum,1
Goethe,medal,1
Goethe,medemi,1
Goethe,medicamentorum,1
Goethe,medici,1
Goethe,mediocre,1
Goethe,meets,1
Goethe,melancholy,1
Goethe,melchiori,1
Goethe,melt,1
Goethe,mem,1
Goethe,memnon,1
Goethe,meno,1
Goethe,menschen,1
Goethe,meraviglie,1
Goethe,merchantability,1
Goethe,mercury,1
Goethe,meridian,1
Goethe,messer,1
Goethe,metalla,1
Goethe,metaphysical,1
Goethe,meteor,1
Goethe,methodical,1
Goethe,methodically,1
Goethe,meuble,1
Goethe,mica,1
Goethe,microcosmo,1
Goethe,midnight,1
Goethe,midst,1
Goethe,migrare,1
Goethe,mild,1
Goethe,mildly,1
Goethe,miles,1
Goethe,minds,1
Goethe,mineralogical,1
Goethe,mines,1
Goethe,minima,1
Goethe,ministers,1
Goethe,miracolo,1
Goethe,miraculous,1
Goethe,mischief,1
Goethe,mislead,1
Goethe,misled,1
Goethe,miss,1
Goethe,missed,1
Goethe,mississippi,1
Goethe,mist,1
Goethe,mistranslate,1
Goethe,mists,1
Goethe,misty,1
Goethe,misunderstanding,1
Goethe,mixes,1
Goethe,moats,1
Goethe,moderating,1
Goethe,moderne,1
Goethe,moderns,1
Goethe,molluscæ,1
Goethe,molte,1
Goethe,molti,1
Goethe,moments,1
Goethe,mondo,1
Goethe,monks,1
Goethe,monosyllabic,1
Goethe,monosyllables,1
Goethe,monotonous,1
Goethe,mont,1
Goethe,montagne,1
Goethe,montclair,1
Goethe,moreen,1
Goethe,morello,1
Goethe,mosaic,1
Goethe,mosaics,1
Goethe,motions,1
Goethe,motive,1
Goethe,mount,1
Goethe,moveable,1
Goethe,movements,1
Goethe,multi,1
Goethe,multiplication,1
Goethe,multiply,1
Goethe,multiplying,1
Goethe,muriate,1
Goethe,murmuring,1
Goethe,murray,1
Goethe,muscles,1
Goethe,museo,1
Goethe,musical,1
Goethe,musician,1
Goethe,musico,1
Goethe,muslin,1
Goethe,mystery,1
Goethe,méchant,1
Goethe,mém,1
Goethe,mémoire,1
Goethe,nachgelassene,1
Goethe,nameless,1
Goethe,namque,1
Goethe,naphtha,1
Goethe,nardi,1
Goethe,narrative,1
Goethe,narrowing,1
Goethe,nasci,1
Goethe,natale,1
Goethe,nation,1
Goethe,native,1
Goethe,natura,1
Goethe,naturalist,1
Goethe,naturalisti,1
Goethe,naturalists,1
Goethe,naturelle,1
Goethe,necessities,1
Goethe,needle,1
Goethe,negatively,1
Goethe,negligence,1
Goethe,negress,1
Goethe,negro,1
Goethe,neighbouring,1
Goethe,neighbours,1
Goethe,nelle,1
Goethe,nephriticum,1
Goethe,nerves,1
Goethe,nervous,1
Goethe,nest,1
Goethe,nestling,1
Goethe,net,1
Goethe,network,1
Goethe,neutralization,1
Goethe,newsletter,1
Goethe,nicest,1
Goethe,nicety,1
Goethe,nicholas,1
Goethe,nights,1
Goethe,nimbus,1
Goethe,nobilissima,1
Goethe,noblemen,1
Goethe,nobler,1
Goethe,noblest,1
Goethe,nodding,1
Goethe,nomenclators,1
Goethe,nonproprietary,1
Goethe,nosological,1
Goethe,nostri,1
Goethe,nostro,1
Goethe,notched,1
Goethe,noted,1
Goethe,notices,1
Goethe,notifies,1
Goethe,notionales,1
Goethe,nourished,1
Goethe,novisti,1
Goethe,nullo,1
Goethe,nullum,1
Goethe,numero,1
Goethe,numerosâ,1
Goethe,nunc,1
Goethe,obedient,1
Goethe,obliged,1
Goethe,obligo,1
Goethe,obliterated,1
Goethe,obliterates,1
Goethe,obliteration,1
Goethe,obscured,1
Goethe,obscuris,1
Goethe,obsepiant,1
Goethe,obtains,1
Goethe,occupying,1
Goethe,occurred,1
Goethe,occurring,1
Goethe,october,1
Goethe,oculaire,1
Goethe,oder,1
Goethe,offensive,1
Goethe,offering,1
Goethe,officer,1
Goethe,oftenest,1
Goethe,ogio,1
Goethe,oiling,1
Goethe,oily,1
Goethe,oltremontani,1
Goethe,ombres,1
Goethe,omnia,1
Goethe,onde,1
Goethe,oneself,1
Goethe,onwards,1
Goethe,opaca,1
Goethe,opacatum,1
Goethe,operates,1
Goethe,operating,1
Goethe,opes,1
Goethe,opportunities,1
Goethe,opposites,1
Goethe,oppositions,1
Goethe,optician,1
Goethe,opticians,1
Goethe,optik,1
Goethe,orally,1
Goethe,orbits,1
Goethe,ordine,1
Goethe,orellana,1
Goethe,organically,1
Goethe,organisations,1
Goethe,organized,1
Goethe,oriental,1
Goethe,originality,1
Goethe,originals,1
Goethe,originator,1
Goethe,origine,1
Goethe,orizzonti,1
Goethe,ornaments,1
Goethe,ornatæ,1
Goethe,oro,1
Goethe,orphninon,1
Goethe,oscillates,1
Goethe,oscillation,1
Goethe,oscuro,1
Goethe,osservasioni,1
Goethe,osservazioni,1
Goethe,otaheite,1
Goethe,otto,1
Goethe,outdated,1
Goethe,outward,1
Goethe,outwards,1
Goethe,overo,1
Goethe,overpowered,1
Goethe,overpowering,1
Goethe,overstepped,1
Goethe,overstrained,1
Goethe,owls,1
Goethe,oxydated,1
Goethe,oyl,1
Goethe,padre,1
Goethe,paduan,1
Goethe,paler,1
Goethe,palest,1
Goethe,pallisades,1
Goethe,pane,1
Goethe,papers,1
Goethe,paperwork,1
Goethe,parad,1
Goethe,paradiso,1
Goethe,paradoxical,1
Goethe,paralip,1
Goethe,parallax,1
Goethe,parallels,1
Goethe,paralysis,1
Goethe,paraphrase,1
Goethe,paraphrased,1
Goethe,paraphrases,1
Goethe,paraphrasing,1
Goethe,paraselenæ,1
Goethe,parasitical,1
Goethe,parcentes,1
Goethe,parhelia,1
Goethe,pari,1
Goethe,parlo,1
Goethe,parma,1
Goethe,paroptrical,1
Goethe,parremi,1
Goethe,parrots,1
Goethe,particles,1
Goethe,particolari,1
Goethe,particularised,1
Goethe,partook,1
Goethe,passavant,1
Goethe,passion,1
Goethe,passu,1
Goethe,pathologically,1
Goethe,patience,1
Goethe,patients,1
Goethe,patterns,1
Goethe,paulino,1
Goethe,paulo,1
Goethe,paved,1
Goethe,pavement,1
Goethe,payment,1
Goethe,pays,1
Goethe,peace,1
Goethe,peacock,1
Goethe,pearly,1
Goethe,pece,1
Goethe,peculiarities,1
Goethe,peculiarity,1
Goethe,pedestals,1
Goethe,pencils,1
Goethe,penetrated,1
Goethe,penetratingly,1
Goethe,penknife,1
Goethe,pensabene,1
Goethe,peonies,1
Goethe,perde,1
Goethe,perdono,1
Goethe,perfections,1
Goethe,performance,1
Goethe,performances,1
Goethe,performed,1
Goethe,peri,1
Goethe,periodic,1
Goethe,perioptical,1
Goethe,permanentes,1
Goethe,perogino,1
Goethe,perpendicular,1
Goethe,perspicuity,1
Goethe,pertinacity,1
Goethe,pertransibunt,1
Goethe,pervade,1
Goethe,però,1
Goethe,pestilence,1
Goethe,peter,1
Goethe,petri,1
Goethe,pglaf,1
Goethe,phantastischen,1
Goethe,phantoms,1
Goethe,philipp,1
Goethe,philosophic,1
Goethe,philosophizing,1
Goethe,phosphorescence,1
Goethe,phosphorescent,1
Goethe,phosphori,1
Goethe,physicians,1
Goethe,physiognomy,1
Goethe,physiologie,1
Goethe,physiologist,1
Goethe,piazzetta,1
Goethe,piazzoso,1
Goethe,picciol,1
Goethe,picciola,1
Goethe,picea,1
Goethe,pictores,1
Goethe,pictorial,1
Goethe,pictorico,1
Goethe,picturarum,1
Goethe,pictured,1
Goethe,pierces,1
Goethe,pierino,1
Goethe,pigmentis,1
Goethe,pilgrims,1
Goethe,pin,1
Goethe,pintura,1
Goethe,pinus,1
Goethe,pitch,1
Goethe,pitori,1
Goethe,pittoriche,1
Goethe,pitture,1
Goethe,planets,1
Goethe,plated,1
Goethe,plausible,1
Goethe,plaza,1
Goethe,pleases,1
Goethe,plenitude,1
Goethe,plunging,1
Goethe,pluribus,1
Goethe,plurimis,1
Goethe,poca,1
Goethe,poet,1
Goethe,poison,1
Goethe,polar,1
Goethe,polarised,1
Goethe,polarization,1
Goethe,polemischer,1
Goethe,poles,1
Goethe,polishing,1
Goethe,polygraphice,1
Goethe,polyhedron,1
Goethe,pomp,1
Goethe,ponds,1
Goethe,ponte,1
Goethe,poor,1
Goethe,popular,1
Goethe,population,1
Goethe,porphyry,1
Goethe,porpora,1
Goethe,porrà,1
Goethe,portable,1
Goethe,possessing,1
Goethe,possibility,1
Goethe,possibly,1
Goethe,post,1
Goethe,postea,1
Goethe,postscripts,1
Goethe,postulate,1
Goethe,potentiâ,1
Goethe,potissimum,1
Goethe,pounded,1
Goethe,pour,1
Goethe,powders,1
Goethe,practicable,1
Goethe,practitioner,1
Goethe,praise,1
Goethe,precipitate,1
Goethe,precipitated,1
Goethe,precipitation,1
Goethe,precise,1
Goethe,predicted,1
Goethe,predilections,1
Goethe,predisposed,1
Goethe,predominant,1
Goethe,predominate,1
Goethe,predominating,1
Goethe,prefatory,1
Goethe,pregnant,1
Goethe,prejudiced,1
Goethe,prejudicial,1
Goethe,prelude,1
Goethe,premises,1
Goethe,preparing,1
Goethe,preponderates,1
Goethe,preponderating,1
Goethe,prerogative,1
Goethe,presiosissime,1
Goethe,presses,1
Goethe,presuming,1
Goethe,presumption,1
Goethe,presuppose,1
Goethe,presupposes,1
Goethe,pretend,1
Goethe,pretended,1
Goethe,prevailing,1
Goethe,prevails,1
Goethe,prevents,1
Goethe,priestley,1
Goethe,prigionia,1
Goethe,prima,1
Goethe,primo,1
Goethe,princeps,1
Goethe,principii,1
Goethe,prior,1
Goethe,prisoners,1
Goethe,privazione,1
Goethe,privi,1
Goethe,privileged,1
Goethe,prize,1
Goethe,probability,1
Goethe,probable,1
Goethe,problematical,1
Goethe,processing,1
Goethe,procured,1
Goethe,procuring,1
Goethe,productive,1
Goethe,products,1
Goethe,profess,1
Goethe,professes,1
Goethe,professing,1
Goethe,professione,1
Goethe,professors,1
Goethe,profitable,1
Goethe,profits,1
Goethe,profonda,1
Goethe,progenuit,1
Goethe,progresses,1
Goethe,progressing,1
Goethe,progressively,1
Goethe,prohibited,1
Goethe,promenade,1
Goethe,prominence,1
Goethe,prominences,1
Goethe,promised,1
Goethe,promoted,1
Goethe,promotion,1
Goethe,proofread,1
Goethe,proofs,1
Goethe,propagate,1
Goethe,propagated,1
Goethe,propagates,1
Goethe,propertius,1
Goethe,propitious,1
Goethe,proportioned,1
Goethe,proposing,1
Goethe,proposition,1
Goethe,proprietary,1
Goethe,proprietor,1
Goethe,proprietà,1
Goethe,proprii,1
Goethe,propriè,1
Goethe,prosecuted,1
Goethe,provinces,1
Goethe,provision,1
Goethe,provisions,1
Goethe,provocation,1
Goethe,proximate,1
Goethe,præpeditur,1
Goethe,prétendoit,1
Goethe,pueri,1
Goethe,pulsations,1
Goethe,pulverised,1
Goethe,pulverized,1
Goethe,pump,1
Goethe,pungileoni,1
Goethe,punitive,1
Goethe,pupils,1
Goethe,purchase,1
Goethe,purer,1
Goethe,purkinje,1
Goethe,purposely,1
Goethe,purpura,1
Goethe,purpurea,1
Goethe,pursuing,1
Goethe,push,1
Goethe,quadro,1
Goethe,quadrupeds,1
Goethe,quai,1
Goethe,quaint,1
Goethe,qualifications,1
Goethe,qualifies,1
Goethe,qualis,1
Goethe,quantities,1
Goethe,quanto,1
Goethe,quarters,1
Goethe,quatrain,1
Goethe,quattro,1
Goethe,quella,1
Goethe,quelle,1
Goethe,quelli,1
Goethe,quem,1
Goethe,query,1
Goethe,questa,1
Goethe,queste,1
Goethe,questi,1
Goethe,questionable,1
Goethe,questions,1
Goethe,quia,1
Goethe,quickness,1
Goethe,quicumque,1
Goethe,quid,1
Goethe,quietly,1
Goethe,quills,1
Goethe,quis,1
Goethe,quod,1
Goethe,quotation,1
Goethe,quoting,1
Goethe,quæ,1
Goethe,races,1
Goethe,radiance,1
Goethe,rafael,1
Goethe,raffaello,1
Goethe,rage,1
Goethe,raggio,1
Goethe,ragiona,1
Goethe,raise,1
Goethe,raises,1
Goethe,rame,1
Goethe,rancia,1
Goethe,rank,1
Goethe,ranking,1
Goethe,rarefy,1
Goethe,rarer,1
Goethe,rate,1
Goethe,rats,1
Goethe,rave,1
Goethe,ravens,1
Goethe,ray,1
Goethe,razing,1
Goethe,reached,1
Goethe,reacts,1
Goethe,readiness,1
Goethe,reading,1
Goethe,ready,1
Goethe,realis,1
Goethe,rear,1
Goethe,reared,1
Goethe,recalling,1
Goethe,recalls,1
Goethe,recent,1
Goethe,reception,1
Goethe,reckoned,1
Goethe,reckoning,1
Goethe,reckons,1
Goethe,recognising,1
Goethe,recommending,1
Goethe,reconciliation,1
Goethe,recovery,1
Goethe,rectius,1
Goethe,redden,1
Goethe,reddened,1
Goethe,reddening,1
Goethe,reddit,1
Goethe,redistribute,1
Goethe,reduces,1
Goethe,reducing,1
Goethe,reduction,1
Goethe,referring,1
Goethe,refining,1
Goethe,reflectedly,1
Goethe,reflexion,1
Goethe,refract,1
Goethe,refractions,1
Goethe,refractive,1
Goethe,refreshing,1
Goethe,refuse,1
Goethe,regret,1
Goethe,regularity,1
Goethe,regulated,1
Goethe,regulates,1
Goethe,regulating,1
Goethe,regulations,1
Goethe,reinvigorate,1
Goethe,reise,1
Goethe,reject,1
Goethe,rejoice,1
Goethe,relaxation,1
Goethe,relaxing,1
Goethe,release,1
Goethe,reliance,1
Goethe,reliefs,1
Goethe,relieve,1
Goethe,relieves,1
Goethe,religious,1
Goethe,remainder,1
Goethe,remarking,1
Goethe,remedies,1
Goethe,remedy,1
Goethe,removal,1
Goethe,removes,1
Goethe,renamed,1
Goethe,renders,1
Goethe,renewing,1
Goethe,repairs,1
Goethe,repassing,1
Goethe,repast,1
Goethe,repeats,1
Goethe,repel,1
Goethe,repent,1
Goethe,replace,1
Goethe,replied,1
Goethe,reports,1
Goethe,reprehensible,1
Goethe,representatives,1
Goethe,reproving,1
Goethe,republican,1
Goethe,repulsed,1
Goethe,repulsive,1
Goethe,requiring,1
Goethe,rerum,1
Goethe,rescue,1
Goethe,resembled,1
Goethe,resentment,1
Goethe,reserved,1
Goethe,reserving,1
Goethe,reservoirs,1
Goethe,resist,1
Goethe,resists,1
Goethe,resolution,1
Goethe,resolve,1
Goethe,respectful,1
Goethe,responds,1
Goethe,restate,1
Goethe,resting,1
Goethe,restore,1
Goethe,restoring,1
Goethe,restraint,1
Goethe,restricted,1
Goethe,restriction,1
Goethe,rests,1
Goethe,resume,1
Goethe,retarded,1
Goethe,retinâ,1
Goethe,retired,1
Goethe,retouch,1
Goethe,retouchings,1
Goethe,reunion,1
Goethe,reunited,1
Goethe,revenue,1
Goethe,reverberated,1
Goethe,reverberations,1
Goethe,revered,1
Goethe,reverend,1
Goethe,reverentially,1
Goethe,revise,1
Goethe,revised,1
Goethe,revision,1
Goethe,revival,1
Goethe,revolutions,1
Goethe,revolves,1
Goethe,rhone,1
Goethe,rice,1
Goethe,ridolfo,1
Goethe,rigid,1
Goethe,rim,1
Goethe,rinaldi,1
Goethe,rind,1
Goethe,ring,1
Goethe,ripeness,1
Goethe,rises,1
Goethe,rising,1
Goethe,rivalry,1
Goethe,rivers,1
Goethe,rizetti,1
Goethe,roads,1
Goethe,robbed,1
Goethe,robert,1
Goethe,roberti,1
Goethe,robust,1
Goethe,rocco,1
Goethe,rods,1
Goethe,rolled,1
Goethe,roma,1
Goethe,romano,1
Goethe,romeo,1
Goethe,rooted,1
Goethe,roseo,1
Goethe,rossa,1
Goethe,rosseggianti,1
Goethe,rotation,1
Goethe,rotterdam,1
Goethe,rotundity,1
Goethe,rouen,1
Goethe,roughly,1
Goethe,roughness,1
Goethe,roundish,1
Goethe,roundness,1
Goethe,rubbish,1
Goethe,rubescentem,1
Goethe,rubra,1
Goethe,rudest,1
Goethe,rudiments,1
Goethe,rudolph,1
Goethe,ruffled,1
Goethe,rule,1
Goethe,rumohr,1
Goethe,runge,1
Goethe,röthlichen,1
Goethe,safely,1
Goethe,safer,1
Goethe,saffron,1
Goethe,saggio,1
Goethe,salmon,1
Goethe,samos,1
Goethe,sampayo,1
Goethe,sancti,1
Goethe,sanctioned,1
Goethe,sand,1
Goethe,sandarach,1
Goethe,sandraca,1
Goethe,sandrart,1
Goethe,sanguigno,1
Goethe,sanguineum,1
Goethe,sank,1
Goethe,sansovino,1
Goethe,santi,1
Goethe,sasso,1
Goethe,satisfactorily,1
Goethe,satisfying,1
Goethe,saturated,1
Goethe,saturation,1
Goethe,saturior,1
Goethe,saturiorem,1
Goethe,saturum,1
Goethe,scales,1
Goethe,scaly,1
Goethe,scanelli,1
Goethe,scantily,1
Goethe,scarabæ,1
Goethe,scarce,1
Goethe,scattered,1
Goethe,scenery,1
Goethe,scented,1
Goethe,scheinfarben,1
Goethe,schelling,1
Goethe,schoolmen,1
Goethe,scientia,1
Goethe,scientifically,1
Goethe,scio,1
Goethe,scirocco,1
Goethe,scott,1
Goethe,scratch,1
Goethe,scratched,1
Goethe,scrupulous,1
Goethe,scudellini,1
Goethe,sculptor,1
Goethe,scumble,1
Goethe,scumbled,1
Goethe,seated,1
Goethe,seccaticci,1
Goethe,secular,1
Goethe,secure,1
Goethe,securely,1
Goethe,sedate,1
Goethe,sedulous,1
Goethe,seed,1
Goethe,seeds,1
Goethe,seeking,1
Goethe,segments,1
Goethe,segnate,1
Goethe,segni,1
Goethe,semplici,1
Goethe,sempre,1
Goethe,senator,1
Goethe,send,1
Goethe,sending,1
Goethe,sensorium,1
Goethe,senta,1
Goethe,sentiments,1
Goethe,separates,1
Goethe,separating,1
Goethe,sepia,1
Goethe,sept,1
Goethe,sequence,1
Goethe,serenity,1
Goethe,seriousness,1
Goethe,servant,1
Goethe,served,1
Goethe,servilely,1
Goethe,servo,1
Goethe,sets,1
Goethe,sette,1
Goethe,settled,1
Goethe,settling,1
Goethe,severest,1
Goethe,sevillana,1
Goethe,sex,1
Goethe,sfumato,1
Goethe,shallow,1
Goethe,shapes,1
Goethe,share,1
Goethe,shared,1
Goethe,sharing,1
Goethe,sheets,1
Goethe,shift,1
Goethe,ship,1
Goethe,shock,1
Goethe,shoots,1
Goethe,shoulders,1
Goethe,shun,1
Goethe,shunned,1
Goethe,shutters,1
Goethe,sicillo,1
Goethe,siege,1
Goethe,siempre,1
Goethe,siena,1
Goethe,sighted,1
Goethe,signature,1
Goethe,signification,1
Goethe,significations,1
Goethe,signified,1
Goethe,signify,1
Goethe,signs,1
Goethe,silence,1
Goethe,silex,1
Goethe,silly,1
Goethe,similibus,1
Goethe,similmente,1
Goethe,simon,1
Goethe,simplicium,1
Goethe,sincerity,1
Goethe,singularly,1
Goethe,sink,1
Goethe,sinking,1
Goethe,sinks,1
Goethe,sitters,1
Goethe,situated,1
Goethe,situation,1
Goethe,sixty,1
Goethe,sketched,1
Goethe,sketches,1
Goethe,skilfully,1
Goethe,skims,1
Goethe,slaked,1
Goethe,sleep,1
Goethe,sleeping,1
Goethe,slipping,1
Goethe,slopes,1
Goethe,smalt,1
Goethe,smaltini,1
Goethe,smiles,1
Goethe,smoother,1
Goethe,snails,1
Goethe,soaked,1
Goethe,soaking,1
Goethe,sobre,1
Goethe,softened,1
Goethe,softly,1
Goethe,solar,1
Goethe,solem,1
Goethe,solicitation,1
Goethe,solidity,1
Goethe,solis,1
Goethe,solved,1
Goethe,solving,1
Goethe,sons,1
Goethe,soonest,1
Goethe,sot,1
Goethe,sovereign,1
Goethe,sovereigns,1
Goethe,spaniard,1
Goethe,spaniards,1
Goethe,spar,1
Goethe,spare,1
Goethe,sparing,1
Goethe,spawn,1
Goethe,speciem,1
Goethe,specifically,1
Goethe,specification,1
Goethe,speciosi,1
Goethe,spectacle,1
Goethe,spectacles,1
Goethe,spectators,1
Goethe,spectres,1
Goethe,specular,1
Goethe,specularis,1
Goethe,speculation,1
Goethe,spezie,1
Goethe,sphere,1
Goethe,spheres,1
Goethe,spherical,1
Goethe,spiders,1
Goethe,spike,1
Goethe,spiral,1
Goethe,spiritibus,1
Goethe,spirito,1
Goethe,spiritual,1
Goethe,spoilt,1
Goethe,spoonful,1
Goethe,springing,1
Goethe,sprinkles,1
Goethe,spurious,1
Goethe,sta,1
Goethe,staff,1
Goethe,stage,1
Goethe,stages,1
Goethe,staining,1
Goethe,stalactites,1
Goethe,starlight,1
Goethe,started,1
Goethe,station,1
Goethe,stationary,1
Goethe,statua,1
Goethe,stay,1
Goethe,stedfastly,1
Goethe,steffens,1
Goethe,steigerung,1
Goethe,steps,1
Goethe,stimulus,1
Goethe,stirring,1
Goethe,stival,1
Goethe,stooping,1
Goethe,stop,1
Goethe,store,1
Goethe,stored,1
Goethe,straluser,1
Goethe,strange,1
Goethe,strangers,1
Goethe,strangest,1
Goethe,strasburg,1
Goethe,stravestir,1
Goethe,strazze,1
Goethe,street,1
Goethe,strengthened,1
Goethe,strew,1
Goethe,strict,1
Goethe,stricta,1
Goethe,string,1
Goethe,strip,1
Goethe,striped,1
Goethe,striven,1
Goethe,strokes,1
Goethe,struck,1
Goethe,structural,1
Goethe,structures,1
Goethe,studded,1
Goethe,students,1
Goethe,studies,1
Goethe,stutgard,1
Goethe,stutgardt,1
Goethe,sua,1
Goethe,suas,1
Goethe,subdivided,1
Goethe,subdue,1
Goethe,subjoined,1
Goethe,submit,1
Goethe,subordinate,1
Goethe,subscribe,1
Goethe,substrata,1
Goethe,subterfuges,1
Goethe,succeeds,1
Goethe,successors,1
Goethe,sugar,1
Goethe,suggestion,1
Goethe,suggestions,1
Goethe,suid,1
Goethe,suidas,1
Goethe,suis,1
Goethe,suitableness,1
Goethe,sulpice,1
Goethe,sum,1
Goethe,summarily,1
Goethe,summit,1
Goethe,summopere,1
Goethe,summè,1
Goethe,sunlight,1
Goethe,sunrise,1
Goethe,sunt,1
Goethe,superabundance,1
Goethe,superadded,1
Goethe,supercilious,1
Goethe,superfluity,1
Goethe,superfluous,1
Goethe,superposed,1
Goethe,superposing,1
Goethe,supersede,1
Goethe,superseded,1
Goethe,supper,1
Goethe,supping,1
Goethe,supplanting,1
Goethe,supplementary,1
Goethe,supplied,1
Goethe,supply,1
Goethe,supporting,1
Goethe,suppresses,1
Goethe,surely,1
Goethe,surer,1
Goethe,surest,1
Goethe,surmised,1
Goethe,surpassing,1
Goethe,surprising,1
Goethe,surround,1
Goethe,surrounds,1
Goethe,survive,1
Goethe,suspected,1
Goethe,suspicion,1
Goethe,sussistenza,1
Goethe,sustain,1
Goethe,sustained,1
Goethe,sustains,1
Goethe,swamp,1
Goethe,sylvâ,1
Goethe,symbol,1
Goethe,symbols,1
Goethe,symmetry,1
Goethe,sympathetic,1
Goethe,synonymous,1
Goethe,tableau,1
Goethe,tails,1
Goethe,talc,1
Goethe,talem,1
Goethe,talia,1
Goethe,talking,1
Goethe,tam,1
Goethe,tartar,1
Goethe,taxes,1
Goethe,teacher,1
Goethe,tedeschi,1
Goethe,tedious,1
Goethe,tegitur,1
Goethe,telari,1
Goethe,telescope,1
Goethe,teme,1
Goethe,temper,1
Goethe,tempio,1
Goethe,ten,1
Goethe,tender,1
Goethe,tendered,1
Goethe,teneano,1
Goethe,tenebre,1
Goethe,tenebris,1
Goethe,tenetur,1
Goethe,tentoreto,1
Goethe,termination,1
Goethe,terminologies,1
Goethe,terra,1
Goethe,terracotta,1
Goethe,test,1
Goethe,testimonies,1
Goethe,testimony,1
Goethe,tests,1
Goethe,texts,1
Goethe,theologian,1
Goethe,theoretically,1
Goethe,theorist,1
Goethe,theorists,1
Goethe,thesis,1
Goethe,thicknesses,1
Goethe,thiere,1
Goethe,thinker,1
Goethe,thinned,1
Goethe,thirteen,1
Goethe,threatened,1
Goethe,threatens,1
Goethe,threw,1
Goethe,thylesius,1
Goethe,tician,1
Goethe,ticozzi,1
Goethe,tie,1
Goethe,tinctorius,1
Goethe,tinting,1
Goethe,tira,1
Goethe,tiziano,1
Goethe,tobacco,1
Goethe,tobit,1
Goethe,told,1
Goethe,ton,1
Goethe,toned,1
Goethe,topaz,1
Goethe,tormented,1
Goethe,torta,1
Goethe,tortuosæ,1
Goethe,totality,1
Goethe,touches,1
Goethe,tourtual,1
Goethe,towers,1
Goethe,traceable,1
Goethe,track,1
Goethe,trade,1
Goethe,tradition,1
Goethe,trained,1
Goethe,transactions,1
Goethe,transalpine,1
Goethe,transcribe,1
Goethe,transcribing,1
Goethe,transcript,1
Goethe,transcription,1
Goethe,transfer,1
Goethe,transferred,1
Goethe,transformed,1
Goethe,transforming,1
Goethe,translucent,1
Goethe,transmits,1
Goethe,transporting,1
Goethe,transverso,1
Goethe,trash,1
Goethe,trato,1
Goethe,travel,1
Goethe,treacle,1
Goethe,trev,1
Goethe,trevigiane,1
Goethe,tricoloured,1
Goethe,triple,1
Goethe,troublesome,1
Goethe,troverà,1
Goethe,trovò,1
Goethe,truths,1
Goethe,tuetur,1
Goethe,tufts,1
Goethe,tune,1
Goethe,turchiniccia,1
Goethe,turchino,1
Goethe,turmeric,1
Goethe,tuscany,1
Goethe,twelve,1
Goethe,twill,1
Goethe,twin,1
Goethe,tycho,1
Goethe,typhoid,1
Goethe,umano,1
Goethe,umbra,1
Goethe,umbrae,1
Goethe,unacceptable,1
Goethe,unacquainted,1
Goethe,unadorned,1
Goethe,unattainable,1
Goethe,unavoidable,1
Goethe,unbreathed,1
Goethe,uncandid,1
Goethe,unceasingly,1
Goethe,unchangeable,1
Goethe,unchanged,1
Goethe,uncircumscribed,1
Goethe,uncivilised,1
Goethe,uncompromising,1
Goethe,unconditional,1
Goethe,unconnected,1
Goethe,unconsciously,1
Goethe,uncorrected,1
Goethe,uncouth,1
Goethe,unctuous,1
Goethe,und,1
Goethe,undecomposed,1
Goethe,undergoing,1
Goethe,undertakes,1
Goethe,underwent,1
Goethe,undeserving,1
Goethe,undisputed,1
Goethe,undue,1
Goethe,undulate,1
Goethe,undulating,1
Goethe,undulations,1
Goethe,unenforceability,1
Goethe,unequal,1
Goethe,unexplained,1
Goethe,unfold,1
Goethe,unfolded,1
Goethe,unglazed,1
Goethe,uniform,1
Goethe,unimpaired,1
Goethe,uninfluenced,1
Goethe,uninhabitable,1
Goethe,uninstructed,1
Goethe,unintelligible,1
Goethe,uninteresting,1
Goethe,unione,1
Goethe,unison,1
Goethe,universality,1
Goethe,unlike,1
Goethe,unlink,1
Goethe,unnatural,1
Goethe,unneutralised,1
Goethe,uno,1
Goethe,unorganic,1
Goethe,unpleasing,1
Goethe,unpolished,1
Goethe,unpretending,1
Goethe,unprofessional,1
Goethe,unprotected,1
Goethe,unquestionably,1
Goethe,unreal,1
Goethe,unreasonable,1
Goethe,unreasonably,1
Goethe,unremitting,1
Goethe,unroll,1
Goethe,unsmoked,1
Goethe,unsolicited,1
Goethe,unsought,1
Goethe,unsparing,1
Goethe,unsubstantial,1
Goethe,untinged,1
Goethe,untranslated,1
Goethe,unwillingly,1
Goethe,unwrought,1
Goethe,uomo,1
Goethe,upheld,1
Goethe,upside,1
Goethe,upsparkling,1
Goethe,urbino,1
Goethe,urged,1
Goethe,usa,1
Goethe,useless,1
Goethe,usurp,1
Goethe,utere,1
Goethe,utility,1
Goethe,uttered,1
Goethe,utterly,1
Goethe,vacillating,1
Goethe,vaga,1
Goethe,vaguely,1
Goethe,vagueness,1
Goethe,valentino,1
Goethe,valleys,1
Goethe,valuable,1
Goethe,variance,1
Goethe,variantes,1
Goethe,varie,1
Goethe,varietatem,1
Goethe,variis,1
Goethe,varium,1
Goethe,vases,1
Goethe,vastness,1
Goethe,vecchio,1
Goethe,vecelli,1
Goethe,vechio,1
Goethe,vede,1
Goethe,veins,1
Goethe,veluti,1
Goethe,veneno,1
Goethe,veneration,1
Goethe,venet,1
Goethe,venetia,1
Goethe,venetiani,1
Goethe,veneziani,1
Goethe,venia,1
Goethe,venous,1
Goethe,venuto,1
Goethe,veramente,1
Goethe,verbi,1
Goethe,verbiage,1
Goethe,verci,1
Goethe,verdi,1
Goethe,verditer,1
Goethe,verdognola,1
Goethe,verdognolo,1
Goethe,verei,1
Goethe,vergleichenden,1
Goethe,verified,1
Goethe,verklärung,1
Goethe,vermicular,1
Goethe,vermiform,1
Goethe,vernici,1
Goethe,verona,1
Goethe,verre,1
Goethe,version,1
Goethe,verso,1
Goethe,vibrations,1
Goethe,vicenza,1
Goethe,vicinity,1
Goethe,vicissitudes,1
Goethe,victorious,1
Goethe,videri,1
Goethe,vidi,1
Goethe,vigilance,1
Goethe,vigorous,1
Goethe,vindicate,1
Goethe,vindictive,1
Goethe,vinegar,1
Goethe,viola,1
Goethe,violates,1
Goethe,violetto,1
Goethe,virer,1
Goethe,virgin,1
Goethe,virgula,1
Goethe,virus,1
Goethe,visibly,1
Goethe,visions,1
Goethe,visual,1
Goethe,vita,1
Goethe,vitam,1
Goethe,vite,1
Goethe,vitellionem,1
Goethe,vitia,1
Goethe,vitiates,1
Goethe,vitrea,1
Goethe,vitriolic,1
Goethe,vitrum,1
Goethe,vitruvius,1
Goethe,vivo,1
Goethe,vivumque,1
Goethe,vivâ,1
Goethe,voc,1
Goethe,vocant,1
Goethe,voce,1
Goethe,vogue,1
Goethe,voice,1
Goethe,voices,1
Goethe,void,1
Goethe,volatilized,1
Goethe,volendo,1
Goethe,volesse,1
Goethe,volgarizzatori,1
Goethe,volto,1
Goethe,volumes,1
Goethe,volunteer,1
Goethe,vor,1
Goethe,vorrei,1
Goethe,votary,1
Goethe,vulnerable,1
Goethe,waistcoat,1
Goethe,wake,1
Goethe,walk,1
Goethe,walks,1
Goethe,wash,1
Goethe,wasps,1
Goethe,watch,1
Goethe,watchung,1
Goethe,watered,1
Goethe,waving,1
Goethe,weakening,1
Goethe,weaving,1
Goethe,weighed,1
Goethe,wend,1
Goethe,werke,1
Goethe,wet,1
Goethe,wetting,1
Goethe,wheatstone,1
Goethe,whim,1
Goethe,whitish,1
Goethe,widespread,1
Goethe,wig,1
Goethe,wildest,1
Goethe,willingly,1
Goethe,wiping,1
Goethe,wires,1
Goethe,wirkung,1
Goethe,wit,1
Goethe,witchcraft,1
Goethe,withal,1
Goethe,withdraw,1
Goethe,witnesses,1
Goethe,wits,1
Goethe,witty,1
Goethe,wolf,1
Goethe,wolfgang,1
Goethe,woman,1
Goethe,wondering,1
Goethe,wont,1
Goethe,wooden,1
Goethe,worse,1
Goethe,worst,1
Goethe,worthier,1
Goethe,yellower,1
Goethe,yield,1
Goethe,yolk,1
Goethe,youthful,1
Goethe,zambeccari,1
Goethe,ziegler,1
Goethe,zinc,1
Goethe,zonto,1
Goethe,zoophytes,1
Goethe,zur,1
Goethe,æsthetically,1
Goethe,æthiops,1
Goethe,élémentaire,1
Goethe,über,1
Goethe,œil,1
Humboldt,aar,1
Humboldt,abandon,1
Humboldt,abandoned,1
Humboldt,abated,1
Humboldt,abbeville,1
Humboldt,abbildungen,1
Humboldt,abelini,1
Humboldt,abh,1
Humboldt,abide,1
Humboldt,abietineae,1
Humboldt,abnahame,1
Humboldt,abnahme,1
Humboldt,aborigines,1
Humboldt,abound,1
Humboldt,abounding,1
Humboldt,abounds,1
Humboldt,abrupt,1
Humboldt,absoluta,1
Humboldt,absorb,1
Humboldt,abstractions,1
Humboldt,absumuntur,1
Humboldt,abulgasi,1
Humboldt,abut,1
Humboldt,abydos,1
Humboldt,abyss,1
Humboldt,academician,1
Humboldt,academicians,1
Humboldt,academiens,1
Humboldt,academies,1
Humboldt,acalephae,1
Humboldt,accelerated,1
Humboldt,acceleration,1
Humboldt,accept,1
Humboldt,accepta,1
Humboldt,accepting,1
Humboldt,accessed,1
Humboldt,accessibility,1
Humboldt,accidents,1
Humboldt,accipit,1
Humboldt,accomplish,1
Humboldt,accords,1
Humboldt,accrued,1
Humboldt,accumulates,1
Humboldt,accusation,1
Humboldt,accusations,1
Humboldt,accuses,1
Humboldt,achieved,1
Humboldt,acidulated,1
Humboldt,acknowledge,1
Humboldt,acknowledgement,1
Humboldt,acosts,1
Humboldt,acquaint,1
Humboldt,acquirement,1
Humboldt,acquiring,1
Humboldt,acquiscence,1
Humboldt,acquisitions,1
Humboldt,acta,1
Humboldt,actuated,1
Humboldt,acutissimus,1
Humboldt,adage,1
Humboldt,adapted,1
Humboldt,addicted,1
Humboldt,addresses,1
Humboldt,aden,1
Humboldt,adequate,1
Humboldt,adequately,1
Humboldt,adhere,1
Humboldt,adherence,1
Humboldt,adhering,1
Humboldt,adhibito,1
Humboldt,adhuc,1
Humboldt,adjoining,1
Humboldt,admiscrit,1
Humboldt,admist,1
Humboldt,adolffskoi,1
Humboldt,adolphus,1
Humboldt,adope,1
Humboldt,adopting,1
Humboldt,adoption,1
Humboldt,adorned,1
Humboldt,adorning,1
Humboldt,adrian,1
Humboldt,adseverant,1
Humboldt,adusto,1
Humboldt,advantageous,1
Humboldt,advecti,1
Humboldt,adventures,1
Humboldt,adventurous,1
Humboldt,aedificiorum,1
Humboldt,aegis,1
Humboldt,aegyptium,1
Humboldt,aemilio,1
Humboldt,aen,1
Humboldt,aeolidum,1
Humboldt,aeolus,1
Humboldt,aepitome,1
Humboldt,aequales,1
Humboldt,aequinoct,1
Humboldt,aequinoctialis,1
Humboldt,aequivoca,1
Humboldt,aequore,1
Humboldt,aere,1
Humboldt,aeschylus,1
Humboldt,aestuantes,1
Humboldt,aeterna,1
Humboldt,afar,1
Humboldt,affair,1
Humboldt,affairs,1
Humboldt,affinis,1
Humboldt,affirms,1
Humboldt,affix,1
Humboldt,afflatu,1
Humboldt,aforesaid,1
Humboldt,aftr,1
Humboldt,aged,1
Humboldt,agencies,1
Humboldt,ager,1
Humboldt,agesianax,1
Humboldt,agglomerative,1
Humboldt,aggregated,1
Humboldt,agitate,1
Humboldt,agra,1
Humboldt,agram,1
Humboldt,agreeably,1
Humboldt,agricola,1
Humboldt,agriculrure,1
Humboldt,agricultur,1
Humboldt,agrigentinus,1
Humboldt,agrigentum,1
Humboldt,agrillaceous,1
Humboldt,ague,1
Humboldt,aguilares,1
Humboldt,ahmed,1
Humboldt,ahrbuch,1
Humboldt,aigues,1
Humboldt,ailly,1
Humboldt,aims,1
Humboldt,ain,1
Humboldt,airy,1
Humboldt,airyana,1
Humboldt,alatur,1
Humboldt,albanus,1
Humboldt,alberia,1
Humboldt,albertia,1
Humboldt,albrechts,1
Humboldt,alcib,1
Humboldt,alcide,1
Humboldt,aldebaran,1
Humboldt,alderson,1
Humboldt,alembert,1
Humboldt,aleppo,1
Humboldt,aleretur,1
Humboldt,alexandri,1
Humboldt,alexandrian,1
Humboldt,alfourons,1
Humboldt,alfourous,1
Humboldt,algarum,1
Humboldt,alggae,1
Humboldt,ali,1
Humboldt,aliad,1
Humboldt,alianno,1
Humboldt,alias,1
Humboldt,aliena,1
Humboldt,aligned,1
Humboldt,aliqua,1
Humboldt,aliter,1
Humboldt,alkaline,1
Humboldt,allay,1
Humboldt,aller,1
Humboldt,allg,1
Humboldt,allgemcine,1
Humboldt,alliance,1
Humboldt,allophyllic,1
Humboldt,alluntur,1
Humboldt,almirante,1
Humboldt,aloe,1
Humboldt,aloone,1
Humboldt,alpes,1
Humboldt,alpha,1
Humboldt,alque,1
Humboldt,alsophila,1
Humboldt,alt,1
Humboldt,alte,1
Humboldt,alten,1
Humboldt,alter,1
Humboldt,alteram,1
Humboldt,alterhumswissenschaft,1
Humboldt,alteri,1
Humboldt,altering,1
Humboldt,alternative,1
Humboldt,alternoque,1
Humboldt,alters,1
Humboldt,alterum,1
Humboldt,altesse,1
Humboldt,alti,1
Humboldt,altiora,1
Humboldt,altitudes,1
Humboldt,alto,1
Humboldt,aluknunda,1
Humboldt,aluminous,1
Humboldt,alvidras,1
Humboldt,amasea,1
Humboldt,amazon,1
Humboldt,ambin,1
Humboldt,ambit,1
Humboldt,ambitu,1
Humboldt,amblypterus,1
Humboldt,amboyna,1
Humboldt,ameliorate,1
Humboldt,amelioration,1
Humboldt,amendment,1
Humboldt,amer,1
Humboldt,americain,1
Humboldt,amerigo,1
Humboldt,amerique,1
Humboldt,amicissimorum,1
Humboldt,ammoniac,1
Humboldt,ammonical,1
Humboldt,ammonium,1
Humboldt,amorphous,1
Humboldt,amphitheater,1
Humboldt,ampliores,1
Humboldt,amply,1
Humboldt,ampère,1
Humboldt,amst,1
Humboldt,amtmann,1
Humboldt,amérique,1
Humboldt,analyses,1
Humboldt,analytique,1
Humboldt,analyzed,1
Humboldt,analyzing,1
Humboldt,anaplotheriun,1
Humboldt,anatomen,1
Humboldt,anatomist,1
Humboldt,anax,1
Humboldt,anaxag,1
Humboldt,anaxagoram,1
Humboldt,anaxagoræ,1
Humboldt,anaximenes,1
Humboldt,ancestors,1
Humboldt,anchor,1
Humboldt,ancien,1
Humboldt,anciennes,1
Humboldt,anciens,1
Humboldt,anderen,1
Humboldt,andesite,1
Humboldt,andrate,1
Humboldt,andreasberg,1
Humboldt,andreasganges,1
Humboldt,andreossy,1
Humboldt,andreæ,1
Humboldt,androcottos,1
Humboldt,anfangegrunde,1
Humboldt,angels,1
Humboldt,angers,1
Humboldt,anglerius,1
Humboldt,anglesea,1
Humboldt,anglo,1
Humboldt,angola,1
Humboldt,angulis,1
Humboldt,angulois,1
Humboldt,anhydrite,1
Humboldt,aniimalcule,1
Humboldt,aniimals,1
Humboldt,aniimated,1
Humboldt,animaliumque,1
Humboldt,animam,1
Humboldt,animantem,1
Humboldt,animating,1
Humboldt,animo,1
Humboldt,anischten,1
Humboldt,anjou,1
Humboldt,anm,1
Humboldt,anne,1
Humboldt,anni,1
Humboldt,annihilation,1
Humboldt,annot,1
Humboldt,announcement,1
Humboldt,announcing,1
Humboldt,anomalous,1
Humboldt,anordnung,1
Humboldt,anserma,1
Humboldt,answered,1
Humboldt,answers,1
Humboldt,antecedent,1
Humboldt,antichi,1
Humboldt,anticipate,1
Humboldt,anticipation,1
Humboldt,antigua,1
Humboldt,antimony,1
Humboldt,antioquia,1
Humboldt,antiparos,1
Humboldt,antiqua,1
Humboldt,antiquated,1
Humboldt,antique,1
Humboldt,antiquitate,1
Humboldt,anvil,1
Humboldt,anwendung,1
Humboldt,anxiety,1
Humboldt,anzeigen,1
Humboldt,aolternating,1
Humboldt,aparine,1
Humboldt,apartment,1
Humboldt,apendale,1
Humboldt,apertures,1
Humboldt,aperçu,1
Humboldt,apes,1
Humboldt,apex,1
Humboldt,aphelia,1
Humboldt,apian,1
Humboldt,aplan,1
Humboldt,apocryphal,1
Humboldt,apollo,1
Humboldt,apollonian,1
Humboldt,app,1
Humboldt,apparebit,1
Humboldt,appealing,1
Humboldt,appeals,1
Humboldt,appease,1
Humboldt,appeasing,1
Humboldt,appian,1
Humboldt,apposition,1
Humboldt,appreciated,1
Humboldt,appreciating,1
Humboldt,appreciation,1
Humboldt,apprehending,1
Humboldt,appropriately,1
Humboldt,appropriative,1
Humboldt,approximately,1
Humboldt,approximates,1
Humboldt,approximating,1
Humboldt,aproached,1
Humboldt,aptly,1
Humboldt,apto,1
Humboldt,apuana,1
Humboldt,apure,1
Humboldt,aquam,1
Humboldt,aquatic,1
Humboldt,aquila,1
Humboldt,arabes,1
Humboldt,arabia,1
Humboldt,aragonits,1
Humboldt,aralia,1
Humboldt,araneoides,1
Humboldt,araucariae,1
Humboldt,archbishop,1
Humboldt,arched,1
Humboldt,arches,1
Humboldt,archetypus,1
Humboldt,archipelagoes,1
Humboldt,architecture,1
Humboldt,arcturus,1
Humboldt,arcubus,1
Humboldt,arcueil,1
Humboldt,ardores,1
Humboldt,arduous,1
Humboldt,argenlander,1
Humboldt,argon,1
Humboldt,argument,1
Humboldt,argumenta,1
Humboldt,arguments,1
Humboldt,arid,1
Humboldt,arida,1
Humboldt,arietant,1
Humboldt,arietes,1
Humboldt,arithmetical,1
Humboldt,ark,1
Humboldt,arkansas,1
Humboldt,arm,1
Humboldt,armata,1
Humboldt,armoricanus,1
Humboldt,arouse,1
Humboldt,arqago,1
Humboldt,array,1
Humboldt,arrests,1
Humboldt,arrian,1
Humboldt,arrives,1
Humboldt,arrogance,1
Humboldt,articulating,1
Humboldt,articulations,1
Humboldt,artistical,1
Humboldt,artus,1
Humboldt,arum,1
Humboldt,arvense,1
Humboldt,ascension,1
Humboldt,ascents,1
Humboldt,ascertaining,1
Humboldt,ash,1
Humboldt,ashy,1
Humboldt,asiatiques,1
Humboldt,asien,1
Humboldt,aspects,1
Humboldt,aspera,1
Humboldt,aspirations,1
Humboldt,aspiring,1
Humboldt,assemblages,1
Humboldt,assembled,1
Humboldt,assembly,1
Humboldt,assertions,1
Humboldt,assiduous,1
Humboldt,assigning,1
Humboldt,assimilation,1
Humboldt,assistant,1
Humboldt,associate,1
Humboldt,associates,1
Humboldt,assu,1
Humboldt,assumes,1
Humboldt,assumptions,1
Humboldt,assumptiopn,1
Humboldt,assurgens,1
Humboldt,asterophyllites,1
Humboldt,asteroïdes,1
Humboldt,astone,1
Humboldt,astounding,1
Humboldt,astrachan,1
Humboldt,astran,1
Humboldt,astray,1
Humboldt,astrologers,1
Humboldt,astrological,1
Humboldt,astronomiae,1
Humboldt,astronomiche,1
Humboldt,astronomisch,1
Humboldt,atabian,1
Humboldt,atamientos,1
Humboldt,aternos,1
Humboldt,athenaeum,1
Humboldt,athenaeus,1
Humboldt,atmosphaericum,1
Humboldt,atmospheres,1
Humboldt,att,1
Humboldt,attaching,1
Humboldt,attachment,1
Humboldt,attacked,1
Humboldt,attenuated,1
Humboldt,attestation,1
Humboldt,attica,1
Humboldt,attritu,1
Humboldt,aubuisson,1
Humboldt,auctior,1
Humboldt,audiencia,1
Humboldt,audilly,1
Humboldt,auditors,1
Humboldt,auerolites,1
Humboldt,aufenthalt,1
Humboldt,aufl,1
Humboldt,aufractu,1
Humboldt,aufschkul,1
Humboldt,aughiera,1
Humboldt,auguste,1
Humboldt,augustin,1
Humboldt,augustinus,1
Humboldt,augustus,1
Humboldt,aul,1
Humboldt,auram,1
Humboldt,aurorae,1
Humboldt,ausdehnung,1
Humboldt,auspicious,1
Humboldt,austed,1
Humboldt,austere,1
Humboldt,austerity,1
Humboldt,australian,1
Humboldt,austria,1
Humboldt,autem,1
Humboldt,auten,1
Humboldt,autgust,1
Humboldt,authenticated,1
Humboldt,authorities,1
Humboldt,autour,1
Humboldt,avail,1
Humboldt,avec,1
Humboldt,averages,1
Humboldt,averaging,1
Humboldt,averse,1
Humboldt,avert,1
Humboldt,avicennia,1
Humboldt,avicennim,1
Humboldt,avium,1
Humboldt,avoid,1
Humboldt,avoided,1
Humboldt,avril,1
Humboldt,award,1
Humboldt,awatscha,1
Humboldt,awe,1
Humboldt,axarafe,1
Humboldt,axioms,1
Humboldt,axolotl,1
Humboldt,azeytunas,1
Humboldt,azimuths,1
Humboldt,azzzuerolites,1
Humboldt,aëre,1
Humboldt,aërem,1
Humboldt,aëroliteswere,1
Humboldt,aëtheris,1
Humboldt,babbage,1
Humboldt,baccaria,1
Humboldt,backward,1
Humboldt,baconian,1
Humboldt,bacterium,1
Humboldt,bactria,1
Humboldt,badakschan,1
Humboldt,baeyer,1
Humboldt,baffin,1
Humboldt,baggesen,1
Humboldt,bahamas,1
Humboldt,bahar,1
Humboldt,bahia,1
Humboldt,bahr,1
Humboldt,baidar,1
Humboldt,baily,1
Humboldt,baireuth,1
Humboldt,baklichli,1
Humboldt,balanced,1
Humboldt,baldr,1
Humboldt,balkasch,1
Humboldt,ballistic,1
Humboldt,baltimore,1
Humboldt,bamboos,1
Humboldt,bandes,1
Humboldt,bandin,1
Humboldt,banished,1
Humboldt,banos,1
Humboldt,bantur,1
Humboldt,baracoa,1
Humboldt,barbadoes,1
Humboldt,barbaros,1
Humboldt,barbarous,1
Humboldt,barbata,1
Humboldt,barbed,1
Humboldt,barbotan,1
Humboldt,barcelona,1
Humboldt,barely,1
Humboldt,barlow,1
Humboldt,barn,1
Humboldt,barometre,1
Humboldt,barometrique,1
Humboldt,barometrische,1
Humboldt,barométriques,1
Humboldt,barrenness,1
Humboldt,barriers,1
Humboldt,barrow,1
Humboldt,baschkirs,1
Humboldt,bashkirian,1
Humboldt,bass,1
Humboldt,bastarderzeugung,1
Humboldt,bathe,1
Humboldt,bathes,1
Humboldt,bathing,1
Humboldt,baths,1
Humboldt,battery,1
Humboldt,baumbeer,1
Humboldt,baumgartner,1
Humboldt,bayfield,1
Humboldt,bcome,1
Humboldt,beach,1
Humboldt,beam,1
Humboldt,beaten,1
Humboldt,beautifully,1
Humboldt,beche,1
Humboldt,beckborrow,1
Humboldt,bedförd,1
Humboldt,beeches,1
Humboldt,befaria,1
Humboldt,beginnings,1
Humboldt,begonnenen,1
Humboldt,behring,1
Humboldt,beins,1
Humboldt,beitr,1
Humboldt,belem,1
Humboldt,belemites,1
Humboldt,belemnite,1
Humboldt,belemnitic,1
Humboldt,belenchtung,1
Humboldt,belfast,1
Humboldt,bell,1
Humboldt,bellevue,1
Humboldt,belley,1
Humboldt,bello,1
Humboldt,beloongs,1
Humboldt,belted,1
Humboldt,bembi,1
Humboldt,ben,1
Humboldt,bendant,1
Humboldt,beneficent,1
Humboldt,beneficient,1
Humboldt,benefit,1
Humboldt,benesse,1
Humboldt,benessius,1
Humboldt,benighted,1
Humboldt,bent,1
Humboldt,bentley,1
Humboldt,beobach,1
Humboldt,beobachtungen,1
Humboldt,bequeathed,1
Humboldt,berard,1
Humboldt,berenicis,1
Humboldt,bergbau,1
Humboldt,bergen,1
Humboldt,berggestze,1
Humboldt,berghaus,1
Humboldt,bergmehl,1
Humboldt,bergwerksgeschichte,1
Humboldt,bernardia,1
Humboldt,bernardo,1
Humboldt,berne,1
Humboldt,bernh,1
Humboldt,berthier,1
Humboldt,bertuch,1
Humboldt,beryls,1
Humboldt,berzelins,1
Humboldt,beschreib,1
Humboldt,beschreibende,1
Humboldt,beschreibung,1
Humboldt,bestiae,1
Humboldt,betrachtungen,1
Humboldt,bettingen,1
Humboldt,betulinae,1
Humboldt,betulineae,1
Humboldt,betweeen,1
Humboldt,bex,1
Humboldt,bfore,1
Humboldt,bibl,1
Humboldt,bibliotheca,1
Humboldt,bichir,1
Humboldt,biese,1
Humboldt,bifurcation,1
Humboldt,bind,1
Humboldt,biographie,1
Humboldt,bipeds,1
Humboldt,bird,1
Humboldt,biri,1
Humboldt,birth,1
Humboldt,bishnoo,1
Humboldt,bituminous,1
Humboldt,blackened,1
Humboldt,blackheath,1
Humboldt,blackish,1
Humboldt,bladders,1
Humboldt,blades,1
Humboldt,blagden,1
Humboldt,blake,1
Humboldt,blame,1
Humboldt,blansko,1
Humboldt,blast,1
Humboldt,blaze,1
Humboldt,bleak,1
Humboldt,blela,1
Humboldt,blendlinge,1
Humboldt,block,1
Humboldt,blom,1
Humboldt,blood,1
Humboldt,bloom,1
Humboldt,blooms,1
Humboldt,blossom,1
Humboldt,blossoom,1
Humboldt,blow,1
Humboldt,blows,1
Humboldt,blunt,1
Humboldt,bodied,1
Humboldt,bodiescontain,1
Humboldt,bodo,1
Humboldt,bohemian,1
Humboldt,bohemicarum,1
Humboldt,bohn,1
Humboldt,boiled,1
Humboldt,boldness,1
Humboldt,bolides,1
Humboldt,bolivar,1
Humboldt,bologna,1
Humboldt,bon,1
Humboldt,bonduc,1
Humboldt,bonguer,1
Humboldt,bonplaud,1
Humboldt,bony,1
Humboldt,books,1
Humboldt,booria,1
Humboldt,boothia,1
Humboldt,boounds,1
Humboldt,boracic,1
Humboldt,borda,1
Humboldt,bordeaus,1
Humboldt,border,1
Humboldt,boreales,1
Humboldt,bored,1
Humboldt,borendo,1
Humboldt,borenius,1
Humboldt,bores,1
Humboldt,borgerlige,1
Humboldt,borneo,1
Humboldt,borrow,1
Humboldt,borrowing,1
Humboldt,boréale,1
Humboldt,boscampo,1
Humboldt,botanicae,1
Humboldt,botanique,1
Humboldt,botanists,1
Humboldt,botannical,1
Humboldt,bothnia,1
Humboldt,bottles,1
Humboldt,bottomless,1
Humboldt,boue,1
Humboldt,bougainville,1
Humboldt,bourbon,1
Humboldt,boussingaulti,1
Humboldt,bow,1
Humboldt,bowels,1
Humboldt,boy,1
Humboldt,boyhood,1
Humboldt,boyle,1
Humboldt,brachiopoda,1
Humboldt,bracts,1
Humboldt,brahe,1
Humboldt,brahminical,1
Humboldt,brahmins,1
Humboldt,brain,1
Humboldt,branching,1
Humboldt,brand,1
Humboldt,brandis,1
Humboldt,braunsberg,1
Humboldt,brazen,1
Humboldt,breakers,1
Humboldt,breast,1
Humboldt,breat,1
Humboldt,breccias,1
Humboldt,breezes,1
Humboldt,brevi,1
Humboldt,briançon,1
Humboldt,briefen,1
Humboldt,briefly,1
Humboldt,brier,1
Humboldt,briliancy,1
Humboldt,brim,1
Humboldt,bringi,1
Humboldt,brink,1
Humboldt,brit,1
Humboldt,britanniam,1
Humboldt,broaches,1
Humboldt,broadest,1
Humboldt,brochant,1
Humboldt,brocken,1
Humboldt,bronze,1
Humboldt,brownish,1
Humboldt,bruchig,1
Humboldt,bruino,1
Humboldt,brun,1
Humboldt,brunoniana,1
Humboldt,bryozoa,1
Humboldt,buck,1
Humboldt,bucklandii,1
Humboldt,buddhist,1
Humboldt,buddrinath,1
Humboldt,buds,1
Humboldt,budskerud,1
Humboldt,bulk,1
Humboldt,bund,1
Humboldt,bunipa,1
Humboldt,bunten,1
Humboldt,burchardt,1
Humboldt,burg,1
Humboldt,burgundy,1
Humboldt,burke,1
Humboldt,burns,1
Humboldt,burst,1
Humboldt,bushes,1
Humboldt,bushmen,1
Humboldt,busied,1
Humboldt,business,1
Humboldt,buspa,1
Humboldt,buttmann,1
Humboldt,byzantine,1
Humboldt,byzantium,1
Humboldt,bætylia,1
Humboldt,bérard,1
Humboldt,cabildo,1
Humboldt,cacciatore,1
Humboldt,cacoa,1
Humboldt,cacti,1
Humboldt,cactus,1
Humboldt,cadem,1
Humboldt,cadenas,1
Humboldt,cadendum,1
Humboldt,cadente,1
Humboldt,cadunt,1
Humboldt,caeli,1
Humboldt,caelo,1
Humboldt,caelorum,1
Humboldt,caels,1
Humboldt,caetera,1
Humboldt,caile,1
Humboldt,caille,1
Humboldt,cairo,1
Humboldt,calabozo,1
Humboldt,calais,1
Humboldt,calamita,1
Humboldt,caldi,1
Humboldt,caledoniam,1
Humboldt,calefaciunt,1
Humboldt,calefactione,1
Humboldt,califs,1
Humboldt,caliginoso,1
Humboldt,callatian,1
Humboldt,calluna,1
Humboldt,calmar,1
Humboldt,calming,1
Humboldt,calmly,1
Humboldt,calmy,1
Humboldt,caloric,1
Humboldt,calorific,1
Humboldt,calymene,1
Humboldt,cambium,1
Humboldt,camp,1
Humboldt,camper,1
Humboldt,campo,1
Humboldt,canadian,1
Humboldt,canal,1
Humboldt,canar,1
Humboldt,canarische,1
Humboldt,cancelli,1
Humboldt,cancrin,1
Humboldt,candescence,1
Humboldt,candles,1
Humboldt,candolle,1
Humboldt,canes,1
Humboldt,canopus,1
Humboldt,cantab,1
Humboldt,cantley,1
Humboldt,canto,1
Humboldt,capita,1
Humboldt,capsule,1
Humboldt,capts,1
Humboldt,capture,1
Humboldt,card,1
Humboldt,careless,1
Humboldt,caret,1
Humboldt,caribs,1
Humboldt,cark,1
Humboldt,carolina,1
Humboldt,carpathian,1
Humboldt,carriages,1
Humboldt,carribean,1
Humboldt,carries,1
Humboldt,carte,1
Humboldt,carthagena,1
Humboldt,cas,1
Humboldt,casaubon,1
Humboldt,cascade,1
Humboldt,caspienne,1
Humboldt,cassaub,1
Humboldt,casselmann,1
Humboldt,cassius,1
Humboldt,castania,1
Humboldt,castellana,1
Humboldt,casting,1
Humboldt,castle,1
Humboldt,castrophes,1
Humboldt,casurum,1
Humboldt,catalogue,1
Humboldt,catalogues,1
Humboldt,catalytic,1
Humboldt,catania,1
Humboldt,catastrophe,1
Humboldt,catastrophes,1
Humboldt,category,1
Humboldt,catharinenburg,1
Humboldt,cathedral,1
Humboldt,cattolica,1
Humboldt,caubney,1
Humboldt,cauca,1
Humboldt,caudal,1
Humboldt,causam,1
Humboldt,causeway,1
Humboldt,cautiously,1
Humboldt,cavernas,1
Humboldt,cavernosa,1
Humboldt,cavo,1
Humboldt,cawnpoor,1
Humboldt,caxones,1
Humboldt,cayambe,1
Humboldt,cayos,1
Humboldt,ccxiv,1
Humboldt,ceara,1
Humboldt,ceaseless,1
Humboldt,ceasing,1
Humboldt,cedes,1
Humboldt,cedrus,1
Humboldt,celebrant,1
Humboldt,celebrating,1
Humboldt,celebrity,1
Humboldt,celis,1
Humboldt,celli,1
Humboldt,celsius,1
Humboldt,celtic,1
Humboldt,centripetal,1
Humboldt,cephalaspides,1
Humboldt,cephalopoda,1
Humboldt,cephei,1
Humboldt,cepheus,1
Humboldt,ceratites,1
Humboldt,cereals,1
Humboldt,cerni,1
Humboldt,cerrados,1
Humboldt,certa,1
Humboldt,certify,1
Humboldt,cesarini,1
Humboldt,cetacea,1
Humboldt,cetaceans,1
Humboldt,cetus,1
Humboldt,ceu,1
Humboldt,ceylanite,1
Humboldt,ceylon,1
Humboldt,chacan,1
Humboldt,chaco,1
Humboldt,chadni,1
Humboldt,chaetoceros,1
Humboldt,chagos,1
Humboldt,chalcia,1
Humboldt,chaldeans,1
Humboldt,chalet,1
Humboldt,chamaerops,1
Humboldt,chamber,1
Humboldt,chandeliers,1
Humboldt,changements,1
Humboldt,chaplain,1
Humboldt,characteracter,1
Humboldt,charges,1
Humboldt,charitable,1
Humboldt,charities,1
Humboldt,charity,1
Humboldt,charms,1
Humboldt,charts,1
Humboldt,chase,1
Humboldt,chasmata,1
Humboldt,chasms,1
Humboldt,chateau,1
Humboldt,chatillon,1
Humboldt,chaudes,1
Humboldt,chawalagiri,1
Humboldt,cheerless,1
Humboldt,chem,1
Humboldt,chemischen,1
Humboldt,chemist,1
Humboldt,chemnitz,1
Humboldt,cheops,1
Humboldt,cher,1
Humboldt,chestnut,1
Humboldt,chevallier,1
Humboldt,chey,1
Humboldt,chiapa,1
Humboldt,chichimequillo,1
Humboldt,chiefs,1
Humboldt,chigi,1
Humboldt,children,1
Humboldt,chillo,1
Humboldt,chiloë,1
Humboldt,chilpansingo,1
Humboldt,chimneys,1
Humboldt,chine,1
Humboldt,chiswick,1
Humboldt,chlandni,1
Humboldt,chlori,1
Humboldt,chloride,1
Humboldt,chlorine,1
Humboldt,choco,1
Humboldt,choloa,1
Humboldt,choloha,1
Humboldt,cholula,1
Humboldt,chonos,1
Humboldt,choose,1
Humboldt,choppin,1
Humboldt,chord,1
Humboldt,chors,1
Humboldt,chou,1
Humboldt,chracter,1
Humboldt,chracteristic,1
Humboldt,chrenberg,1
Humboldt,christendom,1
Humboldt,christianity,1
Humboldt,chrome,1
Humboldt,chromium,1
Humboldt,chroniccle,1
Humboldt,chronological,1
Humboldt,chronometer,1
Humboldt,chronometrical,1
Humboldt,chryse,1
Humboldt,churruca,1
Humboldt,chy,1
Humboldt,cibao,1
Humboldt,cic,1
Humboldt,cicero,1
Humboldt,cielos,1
Humboldt,cinchona,1
Humboldt,cincindularum,1
Humboldt,cindery,1
Humboldt,circa,1
Humboldt,circled,1
Humboldt,circulate,1
Humboldt,circulo,1
Humboldt,circulus,1
Humboldt,circumfundit,1
Humboldt,circumfusi,1
Humboldt,circumnavigate,1
Humboldt,circumscribe,1
Humboldt,cirio,1
Humboldt,cirri,1
Humboldt,cirrus,1
Humboldt,cistus,1
Humboldt,cites,1
Humboldt,citialtepetl,1
Humboldt,citizen,1
Humboldt,citlal,1
Humboldt,citrons,1
Humboldt,citrous,1
Humboldt,ciurnal,1
Humboldt,civil,1
Humboldt,civili,1
Humboldt,civitate,1
Humboldt,clad,1
Humboldt,cladoniae,1
Humboldt,claims,1
Humboldt,clanking,1
Humboldt,claps,1
Humboldt,clarior,1
Humboldt,claritatis,1
Humboldt,clarius,1
Humboldt,classe,1
Humboldt,classify,1
Humboldt,classifying,1
Humboldt,claustra,1
Humboldt,clazomenium,1
Humboldt,cleaned,1
Humboldt,cleaning,1
Humboldt,cleared,1
Humboldt,clearer,1
Humboldt,clemens,1
Humboldt,cleom,1
Humboldt,cliffs,1
Humboldt,climat,1
Humboldt,clime,1
Humboldt,climes,1
Humboldt,clinging,1
Humboldt,closer,1
Humboldt,closes,1
Humboldt,closure,1
Humboldt,cloudiness,1
Humboldt,clung,1
Humboldt,clusson,1
Humboldt,clustered,1
Humboldt,coagulates,1
Humboldt,coalmine,1
Humboldt,coarsely,1
Humboldt,cockburn,1
Humboldt,cocoa,1
Humboldt,cod,1
Humboldt,codera,1
Humboldt,codes,1
Humboldt,codextelleriano,1
Humboldt,codrus,1
Humboldt,coe,1
Humboldt,coeloque,1
Humboldt,coelum,1
Humboldt,coepisse,1
Humboldt,coerceive,1
Humboldt,coercive,1
Humboldt,coffee,1
Humboldt,cognationem,1
Humboldt,cognosces,1
Humboldt,coincided,1
Humboldt,coinciding,1
Humboldt,coins,1
Humboldt,colcestrensis,1
Humboldt,coleccion,1
Humboldt,colegio,1
Humboldt,colerite,1
Humboldt,colic,1
Humboldt,colima,1
Humboldt,colitic,1
Humboldt,collector,1
Humboldt,colomite,1
Humboldt,colon,1
Humboldt,colony,1
Humboldt,colorati,1
Humboldt,coloration,1
Humboldt,coloratis,1
Humboldt,colore,1
Humboldt,colorless,1
Humboldt,colossi,1
Humboldt,colossochelys,1
Humboldt,colossus,1
Humboldt,coluerunt,1
Humboldt,columbier,1
Humboldt,coma,1
Humboldt,comain,1
Humboldt,comangillas,1
Humboldt,combat,1
Humboldt,combustione,1
Humboldt,comete,1
Humboldt,cometenschweife,1
Humboldt,cometh,1
Humboldt,cometica,1
Humboldt,cometis,1
Humboldt,comgngillas,1
Humboldt,cominicus,1
Humboldt,commedia,1
Humboldt,commence,1
Humboldt,commences,1
Humboldt,commencing,1
Humboldt,commends,1
Humboldt,commentators,1
Humboldt,commented,1
Humboldt,commingled,1
Humboldt,committed,1
Humboldt,commotau,1
Humboldt,commotions,1
Humboldt,communicates,1
Humboldt,communicating,1
Humboldt,compace,1
Humboldt,compair,1
Humboldt,compar,1
Humboldt,compares,1
Humboldt,compart,1
Humboldt,compelled,1
Humboldt,compendium,1
Humboldt,competas,1
Humboldt,compilations,1
Humboldt,compiled,1
Humboldt,complaints,1
Humboldt,complectatur,1
Humboldt,completes,1
Humboldt,compluriumque,1
Humboldt,components,1
Humboldt,compoonents,1
Humboldt,composite,1
Humboldt,compositions,1
Humboldt,compost,1
Humboldt,compounded,1
Humboldt,compressible,1
Humboldt,comprise,1
Humboldt,compte,1
Humboldt,compuestos,1
Humboldt,cométogr,1
Humboldt,conceals,1
Humboldt,concentrate,1
Humboldt,concentrating,1
Humboldt,concentrically,1
Humboldt,concentrted,1
Humboldt,concludes,1
Humboldt,concluding,1
Humboldt,concurrence,1
Humboldt,concurrentia,1
Humboldt,concussive,1
Humboldt,condemn,1
Humboldt,condemned,1
Humboldt,condenses,1
Humboldt,conditiions,1
Humboldt,conditos,1
Humboldt,conduit,1
Humboldt,confervae,1
Humboldt,confident,1
Humboldt,confidently,1
Humboldt,configuratione,1
Humboldt,confine,1
Humboldt,conflagration,1
Humboldt,conflomerate,1
Humboldt,confluence,1
Humboldt,conformably,1
Humboldt,conforted,1
Humboldt,confounding,1
Humboldt,confundi,1
Humboldt,congenial,1
Humboldt,conglobatas,1
Humboldt,conglomerate,1
Humboldt,coni,1
Humboldt,conic,1
Humboldt,conifers,1
Humboldt,connais,1
Humboldt,connaiss,1
Humboldt,connaissances,1
Humboldt,connatus,1
Humboldt,connexa,1
Humboldt,conquered,1
Humboldt,conquerors,1
Humboldt,conquers,1
Humboldt,consciousness,1
Humboldt,consecutive,1
Humboldt,consequential,1
Humboldt,considerat,1
Humboldt,considere,1
Humboldt,consideree,1
Humboldt,considertions,1
Humboldt,consigned,1
Humboldt,consistuted,1
Humboldt,consolatory,1
Humboldt,conspici,1
Humboldt,conspicua,1
Humboldt,constallation,1
Humboldt,constans,1
Humboldt,constantin,1
Humboldt,constater,1
Humboldt,constitit,1
Humboldt,constructum,1
Humboldt,contagia,1
Humboldt,contemplations,1
Humboldt,contemporary,1
Humboldt,contempt,1
Humboldt,contend,1
Humboldt,content,1
Humboldt,contentions,1
Humboldt,contest,1
Humboldt,context,1
Humboldt,continguous,1
Humboldt,continnents,1
Humboldt,continuo,1
Humboldt,contitiguous,1
Humboldt,contorted,1
Humboldt,contour,1
Humboldt,contra,1
Humboldt,contraband,1
Humboldt,contradicted,1
Humboldt,contradistinction,1
Humboldt,contrario,1
Humboldt,contribute,1
Humboldt,contributes,1
Humboldt,contributor,1
Humboldt,contrived,1
Humboldt,controverted,1
Humboldt,convenience,1
Humboldt,conveniently,1
Humboldt,converged,1
Humboldt,converging,1
Humboldt,conversation,1
Humboldt,conversely,1
Humboldt,converts,1
Humboldt,convey,1
Humboldt,conveyer,1
Humboldt,convulsion,1
Humboldt,convulsions,1
Humboldt,conybeare,1
Humboldt,conzocoli,1
Humboldt,cooking,1
Humboldt,coolness,1
Humboldt,coompertum,1
Humboldt,coonsists,1
Humboldt,cop,1
Humboldt,copern,1
Humboldt,copernicanae,1
Humboldt,copiers,1
Humboldt,coppered,1
Humboldt,copse,1
Humboldt,corallines,1
Humboldt,coray,1
Humboldt,corda,1
Humboldt,cordai,1
Humboldt,cordier,1
Humboldt,cordillera,1
Humboldt,cordillere,1
Humboldt,cornbrook,1
Humboldt,corner,1
Humboldt,cornua,1
Humboldt,coro,1
Humboldt,corolla,1
Humboldt,corp,1
Humboldt,corpora,1
Humboldt,corporation,1
Humboldt,corporibus,1
Humboldt,corporis,1
Humboldt,corps,1
Humboldt,corpus,1
Humboldt,corpuscle,1
Humboldt,corrected,1
Humboldt,corresp,1
Humboldt,correspondance,1
Humboldt,correspondantes,1
Humboldt,correspondingly,1
Humboldt,corroborate,1
Humboldt,corrupt,1
Humboldt,corruptelam,1
Humboldt,corte,1
Humboldt,cortez,1
Humboldt,coruscations,1
Humboldt,cory,1
Humboldt,coscinodiscae,1
Humboldt,cosillah,1
Humboldt,cosima,1
Humboldt,cosmographical,1
Humboldt,cosmological,1
Humboldt,coste,1
Humboldt,cotemporaneous,1
Humboldt,cottages,1
Humboldt,couble,1
Humboldt,coules,1
Humboldt,coulescit,1
Humboldt,counsel,1
Humboldt,countenance,1
Humboldt,counterbalance,1
Humboldt,counterbalanced,1
Humboldt,counterpart,1
Humboldt,counting,1
Humboldt,counts,1
Humboldt,county,1
Humboldt,cour,1
Humboldt,courageous,1
Humboldt,couronnement,1
Humboldt,courses,1
Humboldt,coverings,1
Humboldt,crack,1
Humboldt,cracking,1
Humboldt,crania,1
Humboldt,craniological,1
Humboldt,crash,1
Humboldt,crasles,1
Humboldt,crassirostris,1
Humboldt,cratere,1
Humboldt,craterless,1
Humboldt,crau,1
Humboldt,craw,1
Humboldt,creator,1
Humboldt,crebro,1
Humboldt,credant,1
Humboldt,credat,1
Humboldt,credit,1
Humboldt,credits,1
Humboldt,credner,1
Humboldt,credulity,1
Humboldt,credulous,1
Humboldt,crema,1
Humboldt,crepitu,1
Humboldt,crepuscular,1
Humboldt,crests,1
Humboldt,creusot,1
Humboldt,creuzot,1
Humboldt,cries,1
Humboldt,crimson,1
Humboldt,crinoidea,1
Humboldt,crispante,1
Humboldt,crisped,1
Humboldt,criterion,1
Humboldt,crocodilial,1
Humboldt,crosded,1
Humboldt,crossing,1
Humboldt,crowd,1
Humboldt,crowded,1
Humboldt,crowning,1
Humboldt,crucis,1
Humboldt,crude,1
Humboldt,cruel,1
Humboldt,crumbling,1
Humboldt,crusts,1
Humboldt,cry,1
Humboldt,cryctognostically,1
Humboldt,crystald,1
Humboldt,crystaline,1
Humboldt,crystalling,1
Humboldt,crystallized,1
Humboldt,crystallographic,1
Humboldt,crytonostic,1
Humboldt,ctesias,1
Humboldt,cubes,1
Humboldt,cuello,1
Humboldt,cuesta,1
Humboldt,cueva,1
Humboldt,cui,1
Humboldt,cuitimba,1
Humboldt,culcitium,1
Humboldt,cullea,1
Humboldt,culminating,1
Humboldt,cultur,1
Humboldt,cumuli,1
Humboldt,cuncta,1
Humboldt,cundinamarea,1
Humboldt,cuperiferous,1
Humboldt,cupolas,1
Humboldt,cupressus,1
Humboldt,curiosity,1
Humboldt,curling,1
Humboldt,currnt,1
Humboldt,curse,1
Humboldt,cursum,1
Humboldt,curtain,1
Humboldt,cutaneous,1
Humboldt,cuts,1
Humboldt,cxxiv,1
Humboldt,cyathea,1
Humboldt,cyathoides,1
Humboldt,cycadea,1
Humboldt,cycadites,1
Humboldt,cycatides,1
Humboldt,cycl,1
Humboldt,cyclades,1
Humboldt,cycle,1
Humboldt,cycles,1
Humboldt,cyclidiae,1
Humboldt,cyclopic,1
Humboldt,cyclopum,1
Humboldt,cyclosis,1
Humboldt,cynamical,1
Humboldt,cyperaceae,1
Humboldt,cypresses,1
Humboldt,cyrene,1
Humboldt,cyrus,1
Humboldt,cytoblase,1
Humboldt,cælestium,1
Humboldt,céleste,1
Humboldt,daemtz,1
Humboldt,dainachos,1
Humboldt,dalin,1
Humboldt,dalman,1
Humboldt,dalmatia,1
Humboldt,dalmatian,1
Humboldt,damachos,1
Humboldt,damaged,1
Humboldt,damak,1
Humboldt,damp,1
Humboldt,dance,1
Humboldt,dancers,1
Humboldt,dane,1
Humboldt,daniel,1
Humboldt,daniell,1
Humboldt,darabgird,1
Humboldt,darken,1
Humboldt,darkness,1
Humboldt,darstellung,1
Humboldt,dart,1
Humboldt,darted,1
Humboldt,dartigues,1
Humboldt,darting,1
Humboldt,daru,1
Humboldt,dasan,1
Humboldt,dating,1
Humboldt,dausay,1
Humboldt,daussey,1
Humboldt,dawnings,1
Humboldt,daytime,1
Humboldt,deane,1
Humboldt,deaths,1
Humboldt,debris,1
Humboldt,deceive,1
Humboldt,decem,1
Humboldt,deceptive,1
Humboldt,decidere,1
Humboldt,deciding,1
Humboldt,deck,1
Humboldt,decked,1
Humboldt,declares,1
Humboldt,declinans,1
Humboldt,declinations,1
Humboldt,decline,1
Humboldt,decompose,1
Humboldt,decomposes,1
Humboldt,decomposing,1
Humboldt,decompositions,1
Humboldt,decreases,1
Humboldt,decrement,1
Humboldt,decurrant,1
Humboldt,decurrentibus,1
Humboldt,dedication,1
Humboldt,dedicatory,1
Humboldt,dedit,1
Humboldt,deductible,1
Humboldt,deduction,1
Humboldt,deductive,1
Humboldt,defeated,1
Humboldt,defectum,1
Humboldt,deficiency,1
Humboldt,deficiente,1
Humboldt,defile,1
Humboldt,defines,1
Humboldt,definiendis,1
Humboldt,defint,1
Humboldt,deflecting,1
Humboldt,deg,1
Humboldt,dei,1
Humboldt,deification,1
Humboldt,deinde,1
Humboldt,dela,1
Humboldt,delambentes,1
Humboldt,delambro,1
Humboldt,delayed,1
Humboldt,deletions,1
Humboldt,deliktash,1
Humboldt,delineates,1
Humboldt,delineator,1
Humboldt,delisle,1
Humboldt,deliver,1
Humboldt,delktasch,1
Humboldt,delphi,1
Humboldt,deluges,1
Humboldt,delusion,1
Humboldt,demensis,1
Humboldt,demetrius,1
Humboldt,democritus,1
Humboldt,demonstrant,1
Humboldt,demonstrates,1
Humboldt,demonstration,1
Humboldt,demum,1
Humboldt,denial,1
Humboldt,denominated,1
Humboldt,densest,1
Humboldt,densitate,1
Humboldt,densities,1
Humboldt,denuo,1
Humboldt,deodara,1
Humboldt,deodars,1
Humboldt,deodora,1
Humboldt,deodwara,1
Humboldt,deorsum,1
Humboldt,depart,1
Humboldt,departement,1
Humboldt,depended,1
Humboldt,depreciation,1
Humboldt,depressing,1
Humboldt,deprive,1
Humboldt,depriving,1
Humboldt,derham,1
Humboldt,deride,1
Humboldt,derides,1
Humboldt,derivable,1
Humboldt,derivation,1
Humboldt,deriving,1
Humboldt,derogatory,1
Humboldt,desa,1
Humboldt,descendisse,1
Humboldt,descriptio,1
Humboldt,descubrimientos,1
Humboldt,deserted,1
Humboldt,deserved,1
Humboldt,deserves,1
Humboldt,design,1
Humboldt,designations,1
Humboldt,designedly,1
Humboldt,desires,1
Humboldt,desolating,1
Humboldt,desponding,1
Humboldt,despotic,1
Humboldt,despumant,1
Humboldt,destinada,1
Humboldt,destined,1
Humboldt,destituitur,1
Humboldt,destroys,1
Humboldt,destruantur,1
Humboldt,detach,1
Humboldt,detained,1
Humboldt,detect,1
Humboldt,detectam,1
Humboldt,detecting,1
Humboldt,deteriorated,1
Humboldt,deterioration,1
Humboldt,detract,1
Humboldt,detraxit,1
Humboldt,detriment,1
Humboldt,detrius,1
Humboldt,detrmined,1
Humboldt,dets,1
Humboldt,deus,1
Humboldt,deutschland,1
Humboldt,deutung,1
Humboldt,devastations,1
Humboldt,developments,1
Humboldt,develops,1
Humboldt,deviated,1
Humboldt,deviating,1
Humboldt,devitrification,1
Humboldt,devonshire,1
Humboldt,devote,1
Humboldt,devoting,1
Humboldt,devoured,1
Humboldt,dewa,1
Humboldt,dfd,1
Humboldt,dhawala,1
Humboldt,dhawalagigi,1
Humboldt,dhoora,1
Humboldt,dhoulee,1
Humboldt,diagram,1
Humboldt,diagrams,1
Humboldt,dial,1
Humboldt,dialogo,1
Humboldt,diametro,1
Humboldt,diamond,1
Humboldt,diatribe,1
Humboldt,diaz,1
Humboldt,dichtigheit,1
Humboldt,dicire,1
Humboldt,dictum,1
Humboldt,dictur,1
Humboldt,dicunt,1
Humboldt,diebus,1
Humboldt,dies,1
Humboldt,dieu,1
Humboldt,differat,1
Humboldt,differed,1
Humboldt,differencein,1
Humboldt,difficultates,1
Humboldt,diffidence,1
Humboldt,diffrence,1
Humboldt,diffuse,1
Humboldt,diffuseness,1
Humboldt,digessit,1
Humboldt,digesta,1
Humboldt,digested,1
Humboldt,digestion,1
Humboldt,digestive,1
Humboldt,digitorum,1
Humboldt,dignified,1
Humboldt,diifficult,1
Humboldt,dilation,1
Humboldt,diligent,1
Humboldt,diluvial,1
Humboldt,diluvii,1
Humboldt,dim,1
Humboldt,dimension,1
Humboldt,dimidia,1
Humboldt,diminuation,1
Humboldt,dimorphism,1
Humboldt,dinge,1
Humboldt,dinothrium,1
Humboldt,dio,1
Humboldt,diod,1
Humboldt,diodorus,1
Humboldt,dionys,1
Humboldt,dios,1
Humboldt,dip,1
Humboldt,diplostomum,1
Humboldt,diplozoon,1
Humboldt,dips,1
Humboldt,directing,1
Humboldt,director,1
Humboldt,disadvantages,1
Humboldt,disappearances,1
Humboldt,disappears,1
Humboldt,discerptae,1
Humboldt,discessisse,1
Humboldt,discharging,1
Humboldt,disclaim,1
Humboldt,disclaimers,1
Humboldt,discloses,1
Humboldt,disclosing,1
Humboldt,discomfort,1
Humboldt,discontinue,1
Humboldt,discontinued,1
Humboldt,discord,1
Humboldt,discordant,1
Humboldt,discourses,1
Humboldt,discovers,1
Humboldt,discrepancies,1
Humboldt,discussions,1
Humboldt,disengage,1
Humboldt,disintegrated,1
Humboldt,disintegration,1
Humboldt,dislocated,1
Humboldt,dismay,1
Humboldt,dispelling,1
Humboldt,dispergitur,1
Humboldt,dispersion,1
Humboldt,displacements,1
Humboldt,displacing,1
Humboldt,displays,1
Humboldt,dispositions,1
Humboldt,disproportion,1
Humboldt,disquietude,1
Humboldt,disruption,1
Humboldt,disruptions,1
Humboldt,disscovered,1
Humboldt,disseminated,1
Humboldt,dissemination,1
Humboldt,dissertation,1
Humboldt,dissimile,1
Humboldt,dissolve,1
Humboldt,distace,1
Humboldt,distante,1
Humboldt,distension,1
Humboldt,distillation,1
Humboldt,distinctions,1
Humboldt,distinguendae,1
Humboldt,distinguishing,1
Humboldt,distributor,1
Humboldt,distrustfully,1
Humboldt,disturbs,1
Humboldt,ditto,1
Humboldt,diu,1
Humboldt,diutissime,1
Humboldt,diverged,1
Humboldt,divergence,1
Humboldt,diverging,1
Humboldt,divers,1
Humboldt,diversa,1
Humboldt,diversities,1
Humboldt,diverted,1
Humboldt,dividing,1
Humboldt,dividion,1
Humboldt,divin,1
Humboldt,divina,1
Humboldt,divine,1
Humboldt,divinitatem,1
Humboldt,divisa,1
Humboldt,divisibility,1
Humboldt,dix,1
Humboldt,dixit,1
Humboldt,dió,1
Humboldt,djambu,1
Humboldt,dobrowsky,1
Humboldt,docet,1
Humboldt,doctrinae,1
Humboldt,document,1
Humboldt,dog,1
Humboldt,dogma,1
Humboldt,dogmatic,1
Humboldt,dogmatically,1
Humboldt,dogmatize,1
Humboldt,dogmatizing,1
Humboldt,dolichos,1
Humboldt,dolomit,1
Humboldt,domin,1
Humboldt,dominions,1
Humboldt,donation,1
Humboldt,donors,1
Humboldt,doo,1
Humboldt,dorien,1
Humboldt,dorpat,1
Humboldt,doublessly,1
Humboldt,doubtingly,1
Humboldt,downfall,1
Humboldt,downloading,1
Humboldt,dram,1
Humboldt,dramatist,1
Humboldt,drawings,1
Humboldt,dresden,1
Humboldt,drier,1
Humboldt,driesen,1
Humboldt,driftwood,1
Humboldt,drive,1
Humboldt,dronte,1
Humboldt,drop,1
Humboldt,drought,1
Humboldt,druidical,1
Humboldt,drusous,1
Humboldt,dryden,1
Humboldt,dschagat,1
Humboldt,dsungari,1
Humboldt,ducunt,1
Humboldt,dug,1
Humboldt,duhamel,1
Humboldt,dulce,1
Humboldt,dulcis,1
Humboldt,dull,1
Humboldt,dumb,1
Humboldt,dupetit,1
Humboldt,duplici,1
Humboldt,durante,1
Humboldt,durare,1
Humboldt,durham,1
Humboldt,duttweiler,1
Humboldt,duty,1
Humboldt,dwarf,1
Humboldt,dwipa,1
Humboldt,dye,1
Humboldt,dynamiques,1
Humboldt,dzoungarie,1
Humboldt,découverte,1
Humboldt,eagerly,1
Humboldt,eandem,1
Humboldt,eandi,1
Humboldt,easier,1
Humboldt,easing,1
Humboldt,easque,1
Humboldt,easter,1
Humboldt,eaudi,1
Humboldt,ebbe,1
Humboldt,ebbing,1
Humboldt,ebelmer,1
Humboldt,eber,1
Humboldt,eccentriciities,1
Humboldt,ecclesiae,1
Humboldt,eclog,1
Humboldt,edible,1
Humboldt,edin,1
Humboldt,edit,1
Humboldt,editing,1
Humboldt,editiorem,1
Humboldt,editissilimam,1
Humboldt,edouard,1
Humboldt,education,1
Humboldt,educational,1
Humboldt,eel,1
Humboldt,eels,1
Humboldt,eeven,1
Humboldt,effemer,1
Humboldt,effemeridi,1
Humboldt,efficacious,1
Humboldt,efficient,1
Humboldt,effigem,1
Humboldt,efflorescentis,1
Humboldt,effugiunt,1
Humboldt,effused,1
Humboldt,efter,1
Humboldt,egent,1
Humboldt,egersund,1
Humboldt,eggs,1
Humboldt,eginen,1
Humboldt,egmont,1
Humboldt,egregia,1
Humboldt,egregie,1
Humboldt,egress,1
Humboldt,egypt,1
Humboldt,egyptian,1
Humboldt,eigenen,1
Humboldt,eine,1
Humboldt,einer,1
Humboldt,einleitung,1
Humboldt,eisenach,1
Humboldt,eisenmassen,1
Humboldt,eithr,1
Humboldt,ejecting,1
Humboldt,ejusdem,1
Humboldt,elbe,1
Humboldt,elberg,1
Humboldt,eldest,1
Humboldt,ele,1
Humboldt,eleatic,1
Humboldt,elect,1
Humboldt,electr,1
Humboldt,electricities,1
Humboldt,electrified,1
Humboldt,electrometers,1
Humboldt,electrometric,1
Humboldt,electrum,1
Humboldt,elegantly,1
Humboldt,elementa,1
Humboldt,eletricity,1
Humboldt,eleventh,1
Humboldt,elfdale,1
Humboldt,elias,1
Humboldt,elicited,1
Humboldt,eliciting,1
Humboldt,elk,1
Humboldt,ellipses,1
Humboldt,ellipsis,1
Humboldt,ellipsoid,1
Humboldt,ellipsoidal,1
Humboldt,elliptically,1
Humboldt,elucidation,1
Humboldt,elzevir,1
Humboldt,emaate,1
Humboldt,emanate,1
Humboldt,emancipated,1
Humboldt,emancipation,1
Humboldt,embassador,1
Humboldt,embedded,1
Humboldt,embellishing,1
Humboldt,embodies,1
Humboldt,embouchure,1
Humboldt,emendatior,1
Humboldt,emerald,1
Humboldt,emerge,1
Humboldt,emerget,1
Humboldt,emigrants,1
Humboldt,eminence,1
Humboldt,emits,1
Humboldt,emode,1
Humboldt,emotion,1
Humboldt,empedocles,1
Humboldt,empirically,1
Humboldt,employee,1
Humboldt,employees,1
Humboldt,empty,1
Humboldt,enamel,1
Humboldt,enameled,1
Humboldt,enchanting,1
Humboldt,encircle,1
Humboldt,enck,1
Humboldt,enclove,1
Humboldt,encountering,1
Humboldt,encouraged,1
Humboldt,encroachment,1
Humboldt,encycl,1
Humboldt,encyclopedias,1
Humboldt,encyclopedist,1
Humboldt,endamenes,1
Humboldt,endanger,1
Humboldt,endeavour,1
Humboldt,endosmosis,1
Humboldt,enduring,1
Humboldt,endymion,1
Humboldt,enemies,1
Humboldt,energies,1
Humboldt,eng,1
Humboldt,engraved,1
Humboldt,enigma,1
Humboldt,enigmatical,1
Humboldt,enjoined,1
Humboldt,enjoying,1
Humboldt,enjoys,1
Humboldt,enlargements,1
Humboldt,enlighten,1
Humboldt,ennobled,1
Humboldt,ennoblement,1
Humboldt,ennobles,1
Humboldt,enobled,1
Humboldt,enounced,1
Humboldt,enriched,1
Humboldt,enrique,1
Humboldt,ensuring,1
Humboldt,entailing,1
Humboldt,enterprise,1
Humboldt,enthusiastic,1
Humboldt,entitles,1
Humboldt,entombed,1
Humboldt,entre,1
Humboldt,entrecasteaux,1
Humboldt,entstchen,1
Humboldt,entwickelung,1
Humboldt,entwicklungsweise,1
Humboldt,enumerates,1
Humboldt,enumerating,1
Humboldt,envelop,1
Humboldt,envelopment,1
Humboldt,envied,1
Humboldt,ephedera,1
Humboldt,ephemeriden,1
Humboldt,epidaurus,1
Humboldt,epidemics,1
Humboldt,epistles,1
Humboldt,epomeo,1
Humboldt,epsilon,1
Humboldt,eqrthquake,1
Humboldt,equaling,1
Humboldt,equalization,1
Humboldt,equalizer,1
Humboldt,equalizing,1
Humboldt,equals,1
Humboldt,equaly,1
Humboldt,equidistant,1
Humboldt,equisetaceae,1
Humboldt,equisetum,1
Humboldt,erantreibung,1
Humboldt,erbstollen,1
Humboldt,erd,1
Humboldt,erdmagnet,1
Humboldt,erdmagnetismus,1
Humboldt,erdoberfläche,1
Humboldt,erhebungscratere,1
Humboldt,ericeta,1
Humboldt,erit,1
Humboldt,eritque,1
Humboldt,eroded,1
Humboldt,erodit,1
Humboldt,erosion,1
Humboldt,erosive,1
Humboldt,erred,1
Humboldt,erstes,1
Humboldt,erthquake,1
Humboldt,eructat,1
Humboldt,eruitur,1
Humboldt,erumpit,1
Humboldt,erzgebirge,1
Humboldt,eschwege,1
Humboldt,esdras,1
Humboldt,eselchacht,1
Humboldt,espaliers,1
Humboldt,espanoles,1
Humboldt,esperance,1
Humboldt,espiritu,1
Humboldt,espoco,1
Humboldt,essaii,1
Humboldt,essays,1
Humboldt,estaban,1
Humboldt,establissement,1
Humboldt,estates,1
Humboldt,estending,1
Humboldt,estimating,1
Humboldt,estrella,1
Humboldt,etenim,1
Humboldt,ethiopian,1
Humboldt,ethnology,1
Humboldt,etiamsi,1
Humboldt,etna,1
Humboldt,etruscans,1
Humboldt,etrusken,1
Humboldt,etude,1
Humboldt,etudes,1
Humboldt,etym,1
Humboldt,etymologies,1
Humboldt,eugubinischen,1
Humboldt,eulogium,1
Humboldt,euphrates,1
Humboldt,eurip,1
Humboldt,europa,1
Humboldt,eventful,1
Humboldt,evergreen,1
Humboldt,evil,1
Humboldt,evinces,1
Humboldt,evomit,1
Humboldt,exalts,1
Humboldt,examinations,1
Humboldt,exantlandos,1
Humboldt,excavated,1
Humboldt,exceeded,1
Humboldt,excellence,1
Humboldt,excellend,1
Humboldt,excelsis,1
Humboldt,excepted,1
Humboldt,excitante,1
Humboldt,exclaim,1
Humboldt,excluded,1
Humboldt,exclusion,1
Humboldt,excursion,1
Humboldt,executed,1
Humboldt,exemplar,1
Humboldt,exemplified,1
Humboldt,exemplifies,1
Humboldt,exercising,1
Humboldt,exere,1
Humboldt,exerted,1
Humboldt,exertions,1
Humboldt,exerts,1
Humboldt,exhaled,1
Humboldt,exhaling,1
Humboldt,exhibens,1
Humboldt,exigua,1
Humboldt,exire,1
Humboldt,existance,1
Humboldt,exit,1
Humboldt,exogyra,1
Humboldt,exonerate,1
Humboldt,exort,1
Humboldt,expectations,1
Humboldt,expedient,1
Humboldt,expend,1
Humboldt,expense,1
Humboldt,experiiments,1
Humboldt,experimenta,1
Humboldt,experimentalist,1
Humboldt,explaina,1
Humboldt,explanatory,1
Humboldt,explicantur,1
Humboldt,explicat,1
Humboldt,explication,1
Humboldt,explicit,1
Humboldt,explicitly,1
Humboldt,exploded,1
Humboldt,exploding,1
Humboldt,explored,1
Humboldt,explosiion,1
Humboldt,exporting,1
Humboldt,expressing,1
Humboldt,expriments,1
Humboldt,exque,1
Humboldt,extemporaneously,1
Humboldt,extents,1
Humboldt,exterminated,1
Humboldt,extirpation,1
Humboldt,extolled,1
Humboldt,extra,1
Humboldt,extracted,1
Humboldt,extraneous,1
Humboldt,extremitatis,1
Humboldt,extyracting,1
Humboldt,exuberant,1
Humboldt,eyeadeae,1
Humboldt,eyebrows,1
Humboldt,eyed,1
Humboldt,eyelids,1
Humboldt,fable,1
Humboldt,fabled,1
Humboldt,fables,1
Humboldt,fabric,1
Humboldt,fabulous,1
Humboldt,faciat,1
Humboldt,faciem,1
Humboldt,facies,1
Humboldt,facillime,1
Humboldt,facing,1
Humboldt,facit,1
Humboldt,faciunt,1
Humboldt,factum,1
Humboldt,fails,1
Humboldt,failure,1
Humboldt,fain,1
Humboldt,fair,1
Humboldt,fairy,1
Humboldt,faites,1
Humboldt,faithful,1
Humboldt,falkland,1
Humboldt,fallacious,1
Humboldt,fallacy,1
Humboldt,falliing,1
Humboldt,falmare,1
Humboldt,falsa,1
Humboldt,falsely,1
Humboldt,falsify,1
Humboldt,falun,1
Humboldt,fame,1
Humboldt,famed,1
Humboldt,familiarity,1
Humboldt,familiarized,1
Humboldt,famine,1
Humboldt,fanaticism,1
Humboldt,fancies,1
Humboldt,fantasies,1
Humboldt,fantastically,1
Humboldt,faroe,1
Humboldt,fassa,1
Humboldt,fassathal,1
Humboldt,faster,1
Humboldt,fat,1
Humboldt,fateatur,1
Humboldt,father,1
Humboldt,fathers,1
Humboldt,fault,1
Humboldt,favors,1
Humboldt,fawn,1
Humboldt,feast,1
Humboldt,febrifuge,1
Humboldt,fecundity,1
Humboldt,federow,1
Humboldt,fedorow,1
Humboldt,feebler,1
Humboldt,feels,1
Humboldt,felicitous,1
Humboldt,felix,1
Humboldt,femald,1
Humboldt,femora,1
Humboldt,femur,1
Humboldt,fenestrelles,1
Humboldt,ferd,1
Humboldt,ferdinandea,1
Humboldt,ferdinandes,1
Humboldt,fere,1
Humboldt,fergility,1
Humboldt,feridun,1
Humboldt,fermentation,1
Humboldt,fermonts,1
Humboldt,ferrand,1
Humboldt,ferrer,1
Humboldt,ferruginous,1
Humboldt,fertile,1
Humboldt,festival,1
Humboldt,festum,1
Humboldt,festus,1
Humboldt,fiber,1
Humboldt,ficit,1
Humboldt,fiction,1
Humboldt,fictions,1
Humboldt,fidem,1
Humboldt,fides,1
Humboldt,fiety,1
Humboldt,fifths,1
Humboldt,figeac,1
Humboldt,fights,1
Humboldt,figurandarum,1
Humboldt,figured,1
Humboldt,fiitbite,1
Humboldt,filament,1
Humboldt,files,1
Humboldt,fills,1
Humboldt,filthy,1
Humboldt,financial,1
Humboldt,fines,1
Humboldt,finished,1
Humboldt,finisterre,1
Humboldt,finite,1
Humboldt,fiora,1
Humboldt,fiords,1
Humboldt,firdousi,1
Humboldt,firdusi,1
Humboldt,fishers,1
Humboldt,fistulae,1
Humboldt,fitness,1
Humboldt,fitting,1
Humboldt,fixa,1
Humboldt,fixis,1
Humboldt,fizeau,1
Humboldt,flaccus,1
Humboldt,flagged,1
Humboldt,flammae,1
Humboldt,flammis,1
Humboldt,flanks,1
Humboldt,flickeriing,1
Humboldt,flitting,1
Humboldt,float,1
Humboldt,flocks,1
Humboldt,florence,1
Humboldt,flores,1
Humboldt,flot,1
Humboldt,flourished,1
Humboldt,flowerless,1
Humboldt,fluctuate,1
Humboldt,fluctuates,1
Humboldt,fluctuating,1
Humboldt,fluctus,1
Humboldt,flumina,1
Humboldt,fluminum,1
Humboldt,fluss,1
Humboldt,fluth,1
Humboldt,fluxu,1
Humboldt,fobes,1
Humboldt,fodin,1
Humboldt,foe,1
Humboldt,foi,1
Humboldt,folia,1
Humboldt,foliis,1
Humboldt,follower,1
Humboldt,font,1
Humboldt,fontaine,1
Humboldt,fontium,1
Humboldt,footnonte,1
Humboldt,forbids,1
Humboldt,forcesof,1
Humboldt,forchhammer,1
Humboldt,forcibly,1
Humboldt,foreigner,1
Humboldt,foreigners,1
Humboldt,forerunners,1
Humboldt,foreseen,1
Humboldt,foreshadowing,1
Humboldt,foretelling,1
Humboldt,forez,1
Humboldt,forged,1
Humboldt,forgetting,1
Humboldt,forked,1
Humboldt,forma,1
Humboldt,formal,1
Humboldt,formas,1
Humboldt,formatamque,1
Humboldt,formatiions,1
Humboldt,formidable,1
Humboldt,formula,1
Humboldt,forsch,1
Humboldt,fortschritte,1
Humboldt,fortunate,1
Humboldt,fortunately,1
Humboldt,fortune,1
Humboldt,fossilium,1
Humboldt,fossilized,1
Humboldt,fotnote,1
Humboldt,fougeres,1
Humboldt,founding,1
Humboldt,founds,1
Humboldt,fourths,1
Humboldt,fox,1
Humboldt,foxxilized,1
Humboldt,fqact,1
Humboldt,fractas,1
Humboldt,fracture,1
Humboldt,fraehn,1
Humboldt,fragua,1
Humboldt,framed,1
Humboldt,francais,1
Humboldt,franciscan,1
Humboldt,franconia,1
Humboldt,frank,1
Humboldt,frascatori,1
Humboldt,fraternity,1
Humboldt,frdinand,1
Humboldt,frederic,1
Humboldt,fredonia,1
Humboldt,freed,1
Humboldt,freemen,1
Humboldt,freestone,1
Humboldt,freeze,1
Humboldt,freiheit,1
Humboldt,fremstillet,1
Humboldt,frequented,1
Humboldt,freret,1
Humboldt,freshest,1
Humboldt,freshness,1
Humboldt,freyburg,1
Humboldt,freytag,1
Humboldt,fribergensis,1
Humboldt,friendly,1
Humboldt,fries,1
Humboldt,frightful,1
Humboldt,frightfully,1
Humboldt,frigid,1
Humboldt,frimaire,1
Humboldt,frog,1
Humboldt,frond,1
Humboldt,fronds,1
Humboldt,frontier,1
Humboldt,frontiers,1
Humboldt,frosts,1
Humboldt,fructibus,1
Humboldt,fructified,1
Humboldt,fructifying,1
Humboldt,frugiverous,1
Humboldt,fruitfulness,1
Humboldt,frustra,1
Humboldt,frutos,1
Humboldt,fræhn,1
Humboldt,fuertes,1
Humboldt,fuerunt,1
Humboldt,fugitive,1
Humboldt,fugitives,1
Humboldt,fulfillment,1
Humboldt,fullest,1
Humboldt,fulmen,1
Humboldt,fumarolles,1
Humboldt,fundamenta,1
Humboldt,funds,1
Humboldt,fungi,1
Humboldt,fungoid,1
Humboldt,fungus,1
Humboldt,furentes,1
Humboldt,furniture,1
Humboldt,furtherance,1
Humboldt,fuses,1
Humboldt,fusing,1
Humboldt,fæculentâ,1
Humboldt,gaard,1
Humboldt,gaelic,1
Humboldt,gagami,1
Humboldt,gagat,1
Humboldt,gaillonellae,1
Humboldt,gained,1
Humboldt,gains,1
Humboldt,gairdan,1
Humboldt,galapagos,1
Humboldt,galen,1
Humboldt,galicia,1
Humboldt,galionellae,1
Humboldt,galium,1
Humboldt,galleries,1
Humboldt,galliae,1
Humboldt,gallibis,1
Humboldt,galline,1
Humboldt,gallionellae,1
Humboldt,gallis,1
Humboldt,galungung,1
Humboldt,galvani,1
Humboldt,galvant,1
Humboldt,gambey,1
Humboldt,games,1
Humboldt,gamma,1
Humboldt,gangtheorie,1
Humboldt,gangverhaltnisse,1
Humboldt,ganoides,1
Humboldt,gards,1
Humboldt,garhwal,1
Humboldt,garnet,1
Humboldt,garonne,1
Humboldt,garpenberg,1
Humboldt,garten,1
Humboldt,gartenbaues,1
Humboldt,garua,1
Humboldt,gaseo,1
Humboldt,gates,1
Humboldt,gathered,1
Humboldt,gaudin,1
Humboldt,gauging,1
Humboldt,gaugings,1
Humboldt,gaultier,1
Humboldt,gazing,1
Humboldt,gean,1
Humboldt,gebirgsart,1
Humboldt,gebirgsformationen,1
Humboldt,gefle,1
Humboldt,gefundenen,1
Humboldt,gegraphie,1
Humboldt,geh,1
Humboldt,gehalten,1
Humboldt,geish,1
Humboldt,geistige,1
Humboldt,gelatinize,1
Humboldt,gelatinous,1
Humboldt,gelehrte,1
Humboldt,geli,1
Humboldt,gell,1
Humboldt,gemma,1
Humboldt,gems,1
Humboldt,generales,1
Humboldt,generalize,1
Humboldt,generaltheory,1
Humboldt,generare,1
Humboldt,generat,1
Humboldt,generates,1
Humboldt,generi,1
Humboldt,genetically,1
Humboldt,geneve,1
Humboldt,genially,1
Humboldt,gentiana,1
Humboldt,gentium,1
Humboldt,gentleman,1
Humboldt,geod,1
Humboldt,geodätischen,1
Humboldt,geognoist,1
Humboldt,geognosiae,1
Humboldt,geognostica,1
Humboldt,geognostique,1
Humboldt,geognostische,1
Humboldt,geognostischen,1
Humboldt,geographers,1
Humboldt,geographi,1
Humboldt,geographic,1
Humboldt,geographics,1
Humboldt,geographischen,1
Humboldt,geologiam,1
Humboldt,geologically,1
Humboldt,geologischer,1
Humboldt,geometer,1
Humboldt,geometrician,1
Humboldt,geometricians,1
Humboldt,geosaurus,1
Humboldt,geraes,1
Humboldt,gerd,1
Humboldt,germanicam,1
Humboldt,germinal,1
Humboldt,gernaert,1
Humboldt,gerolstein,1
Humboldt,gerustes,1
Humboldt,gesammelte,1
Humboldt,gesellschaft,1
Humboldt,gesetz,1
Humboldt,gesteins,1
Humboldt,gewicht,1
Humboldt,ghurwal,1
Humboldt,gibraltar,1
Humboldt,gigantea,1
Humboldt,gigantes,1
Humboldt,gignunt,1
Humboldt,gilb,1
Humboldt,gilberti,1
Humboldt,gildung,1
Humboldt,gillies,1
Humboldt,gills,1
Humboldt,giordano,1
Humboldt,giordino,1
Humboldt,giornale,1
Humboldt,giraffes,1
Humboldt,girded,1
Humboldt,giri,1
Humboldt,glaciale,1
Humboldt,gladdened,1
Humboldt,gladly,1
Humboldt,glancei,1
Humboldt,glasses,1
Humboldt,glassy,1
Humboldt,glen,1
Humboldt,glessum,1
Humboldt,glistening,1
Humboldt,glittring,1
Humboldt,globules,1
Humboldt,globus,1
Humboldt,gloriously,1
Humboldt,glossy,1
Humboldt,goals,1
Humboldt,goat,1
Humboldt,goatherds,1
Humboldt,goats,1
Humboldt,gobi,1
Humboldt,goldschmidt,1
Humboldt,gonorchachis,1
Humboldt,gopp,1
Humboldt,gordian,1
Humboldt,goree,1
Humboldt,gorges,1
Humboldt,gorod,1
Humboldt,gosport,1
Humboldt,gosselin,1
Humboldt,gothard,1
Humboldt,goths,1
Humboldt,gottenburg,1
Humboldt,gotting,1
Humboldt,gottinger,1
Humboldt,gottliche,1
Humboldt,governments,1
Humboldt,governs,1
Humboldt,graah,1
Humboldt,grad,1
Humboldt,gradmessung,1
Humboldt,gradmessungen,1
Humboldt,graduallybecoming,1
Humboldt,graduated,1
Humboldt,graduum,1
Humboldt,grains,1
Humboldt,gram,1
Humboldt,graminae,1
Humboldt,gramine,1
Humboldt,graminivorous,1
Humboldt,gramm,1
Humboldt,grammagoa,1
Humboldt,grammatik,1
Humboldt,grando,1
Humboldt,granites,1
Humboldt,grant,1
Humboldt,grantham,1
Humboldt,grapes,1
Humboldt,grasping,1
Humboldt,grateful,1
Humboldt,gratefully,1
Humboldt,gratification,1
Humboldt,gratified,1
Humboldt,gratify,1
Humboldt,graver,1
Humboldt,gravis,1
Humboldt,gravitates,1
Humboldt,graze,1
Humboldt,grazing,1
Humboldt,greatr,1
Humboldt,greco,1
Humboldt,greenfield,1
Humboldt,grenell,1
Humboldt,gres,1
Humboldt,griechisch,1
Humboldt,griechische,1
Humboldt,griechischen,1
Humboldt,gries,1
Humboldt,griffith,1
Humboldt,grindelwald,1
Humboldt,gronovius,1
Humboldt,grooves,1
Humboldt,gross,1
Humboldt,grossularia,1
Humboldt,grounding,1
Humboldt,groundless,1
Humboldt,grows,1
Humboldt,grundlinien,1
Humboldt,grundriss,1
Humboldt,grundzugeder,1
Humboldt,grundzugen,1
Humboldt,gryphites,1
Humboldt,græci,1
Humboldt,guacamayo,1
Humboldt,guacharo,1
Humboldt,guangamarca,1
Humboldt,guard,1
Humboldt,guarmey,1
Humboldt,guatimala,1
Humboldt,guericke,1
Humboldt,guerin,1
Humboldt,guernsey,1
Humboldt,guess,1
Humboldt,guhrauer,1
Humboldt,guidance,1
Humboldt,guides,1
Humboldt,guilandina,1
Humboldt,guilielmi,1
Humboldt,gulfs,1
Humboldt,gulleys,1
Humboldt,gunga,1
Humboldt,gush,1
Humboldt,gutachten,1
Humboldt,guzerat,1
Humboldt,gymnospermic,1
Humboldt,géographie,1
Humboldt,géometrica,1
Humboldt,güttingen,1
Humboldt,haabitation,1
Humboldt,haave,1
Humboldt,habeat,1
Humboldt,habemus,1
Humboldt,habent,1
Humboldt,habes,1
Humboldt,habita,1
Humboldt,habitantium,1
Humboldt,habited,1
Humboldt,habituates,1
Humboldt,habitum,1
Humboldt,habitus,1
Humboldt,hac,1
Humboldt,hacen,1
Humboldt,hafniae,1
Humboldt,haidingera,1
Humboldt,hailstones,1
Humboldt,hairs,1
Humboldt,haiti,1
Humboldt,halifax,1
Humboldt,hallaschka,1
Humboldt,halle,1
Humboldt,hallows,1
Humboldt,hallstrom,1
Humboldt,halo,1
Humboldt,hambato,1
Humboldt,hamboldt,1
Humboldt,hamburg,1
Humboldt,hamburgh,1
Humboldt,handb,1
Humboldt,handlingar,1
Humboldt,handwörterb,1
Humboldt,handwörterbuche,1
Humboldt,hansen,1
Humboldt,happening,1
Humboldt,happiest,1
Humboldt,harbingers,1
Humboldt,harbor,1
Humboldt,harder,1
Humboldt,harmoniously,1
Humboldt,haroforas,1
Humboldt,hart,1
Humboldt,hartz,1
Humboldt,harvest,1
Humboldt,harvests,1
Humboldt,harz,1
Humboldt,harzes,1
Humboldt,hat,1
Humboldt,hatten,1
Humboldt,hauer,1
Humboldt,haunted,1
Humboldt,haupt,1
Humboldt,hausen,1
Humboldt,hausteen,1
Humboldt,hauteur,1
Humboldt,hauyne,1
Humboldt,hazarded,1
Humboldt,heap,1
Humboldt,hearne,1
Humboldt,heather,1
Humboldt,heats,1
Humboldt,heave,1
Humboldt,heaved,1
Humboldt,heavily,1
Humboldt,hebrides,1
Humboldt,heid,1
Humboldt,heidelberg,1
Humboldt,heightened,1
Humboldt,heinrich,1
Humboldt,heliconia,1
Humboldt,heliconias,1
Humboldt,heliometer,1
Humboldt,hemispherical,1
Humboldt,henderson,1
Humboldt,henisphere,1
Humboldt,henomena,1
Humboldt,hepaticcae,1
Humboldt,hephaestos,1
Humboldt,heraclea,1
Humboldt,heraclidae,1
Humboldt,herantreibung,1
Humboldt,herausg,1
Humboldt,herds,1
Humboldt,hereditary,1
Humboldt,hererogeneous,1
Humboldt,heritage,1
Humboldt,heritier,1
Humboldt,herm,1
Humboldt,hermana,1
Humboldt,hermione,1
Humboldt,hesperides,1
Humboldt,heterogenous,1
Humboldt,hevelius,1
Humboldt,hevellus,1
Humboldt,heyne,1
Humboldt,hian,1
Humboldt,hiatus,1
Humboldt,hic,1
Humboldt,hide,1
Humboldt,hiero,1
Humboldt,hieroglyphic,1
Humboldt,highland,1
Humboldt,hiimalaya,1
Humboldt,hiimself,1
Humboldt,himml,1
Humboldt,hinalaya,1
Humboldt,hinderance,1
Humboldt,hindered,1
Humboldt,hinders,1
Humboldt,hindoos,1
Humboldt,hippias,1
Humboldt,hippo,1
Humboldt,hispania,1
Humboldt,historian,1
Humboldt,historians,1
Humboldt,historically,1
Humboldt,hive,1
Humboldt,hizo,1
Humboldt,hoar,1
Humboldt,hoarded,1
Humboldt,hoc,1
Humboldt,hochebene,1
Humboldt,hochlandes,1
Humboldt,hohenfels,1
Humboldt,holbert,1
Humboldt,holds,1
Humboldt,hollert,1
Humboldt,hollowed,1
Humboldt,homer,1
Humboldt,homes,1
Humboldt,homine,1
Humboldt,hominibus,1
Humboldt,homme,1
Humboldt,homo,1
Humboldt,honenbirker,1
Humboldt,honey,1
Humboldt,honor,1
Humboldt,hoped,1
Humboldt,hopes,1
Humboldt,hoping,1
Humboldt,hopkins,1
Humboldt,hora,1
Humboldt,horaires,1
Humboldt,horam,1
Humboldt,horapollo,1
Humboldt,horarius,1
Humboldt,horde,1
Humboldt,hordes,1
Humboldt,horen,1
Humboldt,horn,1
Humboldt,horologium,1
Humboldt,horrman,1
Humboldt,horror,1
Humboldt,horses,1
Humboldt,horticulture,1
Humboldt,horum,1
Humboldt,hossard,1
Humboldt,hosts,1
Humboldt,hottentots,1
Humboldt,hotter,1
Humboldt,houzeau,1
Humboldt,hover,1
Humboldt,hovering,1
Humboldt,hradeschina,1
Humboldt,huc,1
Humboldt,hudson,1
Humboldt,hugh,1
Humboldt,huitieme,1
Humboldt,humboldtilite,1
Humboldt,humeava,1
Humboldt,humillimo,1
Humboldt,humo,1
Humboldt,humoris,1
Humboldt,humorous,1
Humboldt,humus,1
Humboldt,hunc,1
Humboldt,hundredth,1
Humboldt,hunters,1
Humboldt,husbandman,1
Humboldt,husbandry,1
Humboldt,husks,1
Humboldt,huts,1
Humboldt,huttonian,1
Humboldt,hyalosiderite,1
Humboldt,hybrid,1
Humboldt,hybrids,1
Humboldt,hydraulics,1
Humboldt,hydro,1
Humboldt,hydrocharidae,1
Humboldt,hydrogenis,1
Humboldt,hydrographer,1
Humboldt,hydrography,1
Humboldt,hydrometeoric,1
Humboldt,hydroporus,1
Humboldt,hyenas,1
Humboldt,hygens,1
Humboldt,hylacomilus,1
Humboldt,hyperathene,1
Humboldt,hypersthenic,1
Humboldt,hypertext,1
Humboldt,hyposometrical,1
Humboldt,hyrcanian,1
Humboldt,hübner,1
Humboldt,ian,1
Humboldt,iangs,1
Humboldt,iberian,1
Humboldt,iberos,1
Humboldt,ibi,1
Humboldt,ibrahim,1
Humboldt,icebergs,1
Humboldt,ictu,1
Humboldt,idem,1
Humboldt,identification,1
Humboldt,identities,1
Humboldt,ideoque,1
Humboldt,idiom,1
Humboldt,idiomatic,1
Humboldt,idonea,1
Humboldt,idque,1
Humboldt,igitur,1
Humboldt,igncor,1
Humboldt,ignei,1
Humboldt,ignes,1
Humboldt,ignite,1
Humboldt,ignitæ,1
Humboldt,ignitæita,1
Humboldt,ignium,1
Humboldt,igualata,1
Humboldt,iguandon,1
Humboldt,ihren,1
Humboldt,ihrer,1
Humboldt,iinformed,1
Humboldt,ilanos,1
Humboldt,ilevan,1
Humboldt,ilheos,1
Humboldt,ili,1
Humboldt,illa,1
Humboldt,illac,1
Humboldt,illanos,1
Humboldt,illimitable,1
Humboldt,illuminating,1
Humboldt,illumines,1
Humboldt,illusions,1
Humboldt,illustrates,1
Humboldt,illustrative,1
Humboldt,ilmen,1
Humboldt,imaginations,1
Humboldt,imaginative,1
Humboldt,imaginatively,1
Humboldt,imago,1
Humboldt,imbaburn,1
Humboldt,imbaburu,1
Humboldt,imbued,1
Humboldt,imestone,1
Humboldt,imitated,1
Humboldt,immaturity,1
Humboldt,immeasureability,1
Humboldt,immensity,1
Humboldt,immensum,1
Humboldt,immigration,1
Humboldt,immixta,1
Humboldt,immoratam,1
Humboldt,imp,1
Humboldt,impaired,1
Humboldt,impassible,1
Humboldt,impediment,1
Humboldt,impeding,1
Humboldt,impel,1
Humboldt,impelled,1
Humboldt,impellitae,1
Humboldt,impending,1
Humboldt,impends,1
Humboldt,imperceptibly,1
Humboldt,imperfection,1
Humboldt,imperishable,1
Humboldt,impervious,1
Humboldt,impetu,1
Humboldt,impetuous,1
Humboldt,impetuously,1
Humboldt,impetus,1
Humboldt,impiety,1
Humboldt,implanted,1
Humboldt,implicit,1
Humboldt,importation,1
Humboldt,impossibility,1
Humboldt,impoverishing,1
Humboldt,impress,1
Humboldt,imprisonment,1
Humboldt,improbability,1
Humboldt,improvements,1
Humboldt,impure,1
Humboldt,imputation,1
Humboldt,imum,1
Humboldt,inability,1
Humboldt,inaccessibility,1
Humboldt,inaction,1
Humboldt,inactive,1
Humboldt,inadequate,1
Humboldt,inadmissible,1
Humboldt,inanimam,1
Humboldt,inanimate,1
Humboldt,inappropriately,1
Humboldt,incandescent,1
Humboldt,incenderetur,1
Humboldt,incendium,1
Humboldt,incentives,1
Humboldt,inciderint,1
Humboldt,incisa,1
Humboldt,incite,1
Humboldt,incited,1
Humboldt,incitement,1
Humboldt,incitements,1
Humboldt,inclinatiion,1
Humboldt,inclinatio,1
Humboldt,inclincation,1
Humboldt,incline,1
Humboldt,inclining,1
Humboldt,incloses,1
Humboldt,incluso,1
Humboldt,inclusorum,1
Humboldt,incognita,1
Humboldt,incognitae,1
Humboldt,incompatibility,1
Humboldt,incompatible,1
Humboldt,incompleteness,1
Humboldt,incondsiderable,1
Humboldt,incontestable,1
Humboldt,incontrovertibly,1
Humboldt,incorrect,1
Humboldt,incredible,1
Humboldt,incredulity,1
Humboldt,inculcated,1
Humboldt,incur,1
Humboldt,incursions,1
Humboldt,indefinitely,1
Humboldt,indelible,1
Humboldt,indemnify,1
Humboldt,indemnity,1
Humboldt,indentation,1
Humboldt,indes,1
Humboldt,indescribable,1
Humboldt,indestructible,1
Humboldt,index,1
Humboldt,indica,1
Humboldt,indicant,1
Humboldt,indicative,1
Humboldt,indies,1
Humboldt,indifference,1
Humboldt,indifferent,1
Humboldt,indigenae,1
Humboldt,indigenes,1
Humboldt,indigènes,1
Humboldt,indirect,1
Humboldt,indiscriminantely,1
Humboldt,indistinct,1
Humboldt,indistinctness,1
Humboldt,individualities,1
Humboldt,inducing,1
Humboldt,indurescunt,1
Humboldt,industrioso,1
Humboldt,inedited,1
Humboldt,ineffaceable,1
Humboldt,inelegant,1
Humboldt,inert,1
Humboldt,inest,1
Humboldt,inestimable,1
Humboldt,inexact,1
Humboldt,inextricable,1
Humboldt,infallibly,1
Humboldt,infamiam,1
Humboldt,infection,1
Humboldt,infelicitously,1
Humboldt,inferiorem,1
Humboldt,inferius,1
Humboldt,infiltration,1
Humboldt,inflames,1
Humboldt,inflammata,1
Humboldt,inflammation,1
Humboldt,inflammatory,1
Humboldt,inflate,1
Humboldt,inflection,1
Humboldt,inflexions,1
Humboldt,influencing,1
Humboldt,influential,1
Humboldt,informs,1
Humboldt,infrequency,1
Humboldt,infringement,1
Humboldt,ingenieur,1
Humboldt,ingentex,1
Humboldt,ingenuity,1
Humboldt,ingots,1
Humboldt,ingress,1
Humboldt,inhabitantia,1
Humboldt,inhabits,1
Humboldt,inhalation,1
Humboldt,inimical,1
Humboldt,initio,1
Humboldt,injudicious,1
Humboldt,injure,1
Humboldt,injured,1
Humboldt,injuring,1
Humboldt,inky,1
Humboldt,inmost,1
Humboldt,innere,1
Humboldt,innern,1
Humboldt,innocuous,1
Humboldt,innovation,1
Humboldt,innoxium,1
Humboldt,inquirers,1
Humboldt,inscondere,1
Humboldt,inscriptions,1
Humboldt,insensible,1
Humboldt,insignificant,1
Humboldt,insist,1
Humboldt,insolation,1
Humboldt,insoluble,1
Humboldt,inspired,1
Humboldt,instability,1
Humboldt,instantly,1
Humboldt,instinctive,1
Humboldt,instituta,1
Humboldt,instructed,1
Humboldt,instructs,1
Humboldt,instrumenta,1
Humboldt,insularum,1
Humboldt,insulis,1
Humboldt,insupportable,1
Humboldt,intactam,1
Humboldt,integrant,1
Humboldt,integument,1
Humboldt,integuments,1
Humboldt,intellects,1
Humboldt,intellectum,1
Humboldt,intelligible,1
Humboldt,intemiscunt,1
Humboldt,intensa,1
Humboldt,intensities,1
Humboldt,intercalated,1
Humboldt,intercepted,1
Humboldt,interdia,1
Humboldt,interitum,1
Humboldt,intermingled,1
Humboldt,interpose,1
Humboldt,interposition,1
Humboldt,interpreter,1
Humboldt,interred,1
Humboldt,interrogate,1
Humboldt,interrogating,1
Humboldt,interruption,1
Humboldt,interruptions,1
Humboldt,interspace,1
Humboldt,intervalla,1
Humboldt,intervenes,1
Humboldt,interview,1
Humboldt,intestinal,1
Humboldt,intestines,1
Humboldt,intimatey,1
Humboldt,intoxication,1
Humboldt,intrepid,1
Humboldt,introduce,1
Humboldt,introducing,1
Humboldt,intuitively,1
Humboldt,intuitu,1
Humboldt,intumescence,1
Humboldt,intumescit,1
Humboldt,inundantium,1
Humboldt,inundating,1
Humboldt,inundations,1
Humboldt,invalid,1
Humboldt,invalidity,1
Humboldt,inventions,1
Humboldt,inverse,1
Humboldt,inversion,1
Humboldt,invertebrata,1
Humboldt,investa,1
Humboldt,invested,1
Humboldt,investigatione,1
Humboldt,investigators,1
Humboldt,involuntary,1
Humboldt,involve,1
Humboldt,inwardly,1
Humboldt,ionic,1
Humboldt,ipsa,1
Humboldt,ipsam,1
Humboldt,ipsia,1
Humboldt,ipsis,1
Humboldt,ipsos,1
Humboldt,ipsum,1
Humboldt,iranians,1
Humboldt,ire,1
Humboldt,iridium,1
Humboldt,irradiation,1
Humboldt,irregularities,1
Humboldt,irreproachable,1
Humboldt,irresistible,1
Humboldt,irrespirable,1
Humboldt,irs,1
Humboldt,irtisch,1
Humboldt,isabella,1
Humboldt,islanders,1
Humboldt,islets,1
Humboldt,isobarometrical,1
Humboldt,isoclinalline,1
Humboldt,isoclinical,1
Humboldt,isogenic,1
Humboldt,isogonal,1
Humboldt,issikul,1
Humboldt,issues,1
Humboldt,isthmuses,1
Humboldt,itacolumite,1
Humboldt,italie,1
Humboldt,italien,1
Humboldt,iterumque,1
Humboldt,iton,1
Humboldt,iwhere,1
Humboldt,jac,1
Humboldt,jacal,1
Humboldt,jaecher,1
Humboldt,jaffa,1
Humboldt,jahrbuchern,1
Humboldt,jahresber,1
Humboldt,jahrg,1
Humboldt,jahrsbericht,1
Humboldt,jaillissante,1
Humboldt,jaime,1
Humboldt,jakutsk,1
Humboldt,jameson,1
Humboldt,jamica,1
Humboldt,japanese,1
Humboldt,japoniae,1
Humboldt,jaspachat,1
Humboldt,jaspidis,1
Humboldt,jasponyx,1
Humboldt,javenas,1
Humboldt,jecerunt,1
Humboldt,jemieson,1
Humboldt,jenisei,1
Humboldt,jeniseisk,1
Humboldt,jens,1
Humboldt,jersey,1
Humboldt,jerullo,1
Humboldt,jesuits,1
Humboldt,jetz,1
Humboldt,joachimsthal,1
Humboldt,johns,1
Humboldt,johnstone,1
Humboldt,joint,1
Humboldt,jokmali,1
Humboldt,jokul,1
Humboldt,jonnes,1
Humboldt,jonzac,1
Humboldt,jordan,1
Humboldt,jorulla,1
Humboldt,jose,1
Humboldt,jour,1
Humboldt,journeyings,1
Humboldt,jovenes,1
Humboldt,juan,1
Humboldt,judgment,1
Humboldt,judicari,1
Humboldt,judicious,1
Humboldt,juices,1
Humboldt,jukes,1
Humboldt,julia,1
Humboldt,jumna,1
Humboldt,jumnootree,1
Humboldt,jung,1
Humboldt,jungfrau,1
Humboldt,jussieu,1
Humboldt,justin,1
Humboldt,justinus,1
Humboldt,kadarnath,1
Humboldt,kaiserstuhl,1
Humboldt,kalkspaths,1
Humboldt,kalm,1
Humboldt,kamt,1
Humboldt,kamtschatka,1
Humboldt,kanawar,1
Humboldt,kangaroo,1
Humboldt,kappa,1
Humboldt,karamania,1
Humboldt,karsteu,1
Humboldt,karte,1
Humboldt,kaschmir,1
Humboldt,katlagia,1
Humboldt,kaute,1
Humboldt,kavi,1
Humboldt,keilhan,1
Humboldt,kelihau,1
Humboldt,kensington,1
Humboldt,kersten,1
Humboldt,keupers,1
Humboldt,keys,1
Humboldt,khalaba,1
Humboldt,khart,1
Humboldt,khiu,1
Humboldt,khiung,1
Humboldt,kie,1
Humboldt,kindle,1
Humboldt,kindled,1
Humboldt,kindling,1
Humboldt,kindly,1
Humboldt,kindness,1
Humboldt,kionbrong,1
Humboldt,kirkiz,1
Humboldt,kislar,1
Humboldt,kitzbuhl,1
Humboldt,kjobenh,1
Humboldt,klein,1
Humboldt,kleine,1
Humboldt,kleinste,1
Humboldt,kleinwenden,1
Humboldt,klim,1
Humboldt,klimius,1
Humboldt,klöden,1
Humboldt,knight,1
Humboldt,knochen,1
Humboldt,knowing,1
Humboldt,koh,1
Humboldt,kolymsk,1
Humboldt,kongl,1
Humboldt,konigreich,1
Humboldt,konigshutte,1
Humboldt,koopin,1
Humboldt,korea,1
Humboldt,kotzebue,1
Humboldt,koue,1
Humboldt,krahner,1
Humboldt,krasnojarski,1
Humboldt,kreidebildung,1
Humboldt,kreidelnldung,1
Humboldt,kreil,1
Humboldt,kretische,1
Humboldt,kreuzzüge,1
Humboldt,krsten,1
Humboldt,krystallisirten,1
Humboldt,kumaon,1
Humboldt,kumaoun,1
Humboldt,kunde,1
Humboldt,kunstliche,1
Humboldt,kuppe,1
Humboldt,kusnezk,1
Humboldt,kuttenberg,1
Humboldt,kuttenberger,1
Humboldt,käwmtz,1
Humboldt,labant,1
Humboldt,labiatae,1
Humboldt,laboratories,1
Humboldt,laboratory,1
Humboldt,labore,1
Humboldt,labored,1
Humboldt,laborer,1
Humboldt,labores,1
Humboldt,laboring,1
Humboldt,labourd,1
Humboldt,labradoritic,1
Humboldt,labyrinth,1
Humboldt,labyrinths,1
Humboldt,laccadives,1
Humboldt,lace,1
Humboldt,lacerta,1
Humboldt,lack,1
Humboldt,laconica,1
Humboldt,lactis,1
Humboldt,lahore,1
Humboldt,lain,1
Humboldt,lama,1
Humboldt,laminated,1
Humboldt,lamps,1
Humboldt,lamétherie,1
Humboldt,lancashire,1
Humboldt,lanchette,1
Humboldt,landerote,1
Humboldt,landes,1
Humboldt,landgericht,1
Humboldt,landjardens,1
Humboldt,landscapes,1
Humboldt,langier,1
Humboldt,langlès,1
Humboldt,lap,1
Humboldt,lapide,1
Humboldt,lapidum,1
Humboldt,lasch,1
Humboldt,lasting,1
Humboldt,lasts,1
Humboldt,lateribus,1
Humboldt,latinske,1
Humboldt,latissimo,1
Humboldt,latium,1
Humboldt,laughs,1
Humboldt,lavas,1
Humboldt,lconditions,1
Humboldt,leaden,1
Humboldt,leaf,1
Humboldt,leagues,1
Humboldt,leap,1
Humboldt,lebeau,1
Humboldt,leben,1
Humboldt,lebende,1
Humboldt,lebenden,1
Humboldt,lecideae,1
Humboldt,lecideas,1
Humboldt,lecture,1
Humboldt,legally,1
Humboldt,legends,1
Humboldt,legislation,1
Humboldt,legislator,1
Humboldt,lehmann,1
Humboldt,leinster,1
Humboldt,lemmos,1
Humboldt,lemnian,1
Humboldt,lemnicae,1
Humboldt,lends,1
Humboldt,lengths,1
Humboldt,lens,1
Humboldt,lentus,1
Humboldt,leohnard,1
Humboldt,leonardi,1
Humboldt,leontodon,1
Humboldt,lepidodendron,1
Humboldt,lepidoides,1
Humboldt,lepraria,1
Humboldt,lesche,1
Humboldt,leslie,1
Humboldt,lessen,1
Humboldt,lessened,1
Humboldt,lesson,1
Humboldt,letronne,1
Humboldt,lettera,1
Humboldt,letterati,1
Humboldt,lettr,1
Humboldt,leucite,1
Humboldt,leucitic,1
Humboldt,leucris,1
Humboldt,leur,1
Humboldt,levante,1
Humboldt,leveled,1
Humboldt,levelings,1
Humboldt,levels,1
Humboldt,levia,1
Humboldt,levity,1
Humboldt,libe,1
Humboldt,liberal,1
Humboldt,libertatem,1
Humboldt,liberty,1
Humboldt,libros,1
Humboldt,lican,1
Humboldt,licensed,1
Humboldt,lichens,1
Humboldt,lifetime,1
Humboldt,lifting,1
Humboldt,lighter,1
Humboldt,lightest,1
Humboldt,lighting,1
Humboldt,lignorum,1
Humboldt,ligyans,1
Humboldt,ligyran,1
Humboldt,liliaceae,1
Humboldt,lillers,1
Humboldt,limbus,1
Humboldt,limestones,1
Humboldt,limites,1
Humboldt,limiting,1
Humboldt,limosas,1
Humboldt,lindesnaes,1
Humboldt,linking,1
Humboldt,linnaea,1
Humboldt,linnaeus,1
Humboldt,lions,1
Humboldt,lipsiae,1
Humboldt,liquefaction,1
Humboldt,lisa,1
Humboldt,lit,1
Humboldt,lithographic,1
Humboldt,lithographs,1
Humboldt,litigation,1
Humboldt,litterarum,1
Humboldt,littorum,1
Humboldt,lizards,1
Humboldt,llaves,1
Humboldt,lluminous,1
Humboldt,load,1
Humboldt,loadstones,1
Humboldt,loam,1
Humboldt,lobau,1
Humboldt,lobes,1
Humboldt,loca,1
Humboldt,locations,1
Humboldt,lochaber,1
Humboldt,loci,1
Humboldt,locris,1
Humboldt,loftier,1
Humboldt,logan,1
Humboldt,logically,1
Humboldt,lok,1
Humboldt,loka,1
Humboldt,lond,1
Humboldt,lonely,1
Humboldt,longa,1
Humboldt,longe,1
Humboldt,longings,1
Humboldt,longirostris,1
Humboldt,longo,1
Humboldt,longr,1
Humboldt,loomitz,1
Humboldt,loonger,1
Humboldt,loosened,1
Humboldt,lorraine,1
Humboldt,loses,1
Humboldt,losing,1
Humboldt,lot,1
Humboldt,lotur,1
Humboldt,louis,1
Humboldt,loved,1
Humboldt,lovers,1
Humboldt,loving,1
Humboldt,lowers,1
Humboldt,lowly,1
Humboldt,luce,1
Humboldt,lucentem,1
Humboldt,lucerent,1
Humboldt,lucerne,1
Humboldt,lucid,1
Humboldt,lucida,1
Humboldt,luciis,1
Humboldt,lucis,1
Humboldt,luctante,1
Humboldt,lucula,1
Humboldt,ludwig,1
Humboldt,lumi,1
Humboldt,luminiferous,1
Humboldt,luminosity,1
Humboldt,luna,1
Humboldt,lunan,1
Humboldt,lunatos,1
Humboldt,luneburg,1
Humboldt,lunæ,1
Humboldt,luristan,1
Humboldt,lussacii,1
Humboldt,lux,1
Humboldt,luxuriantly,1
Humboldt,luxuriously,1
Humboldt,lvii,1
Humboldt,lxvi,1
Humboldt,lxvii,1
Humboldt,lxviii,1
Humboldt,lxxi,1
Humboldt,lxxii,1
Humboldt,lycian,1
Humboldt,lygian,1
Humboldt,lys,1
Humboldt,lysander,1
Humboldt,lysandro,1
Humboldt,längs,1
Humboldt,maas,1
Humboldt,macedonia,1
Humboldt,mach,1
Humboldt,maconne,1
Humboldt,madagascar,1
Humboldt,madeira,1
Humboldt,madhjadeca,1
Humboldt,madhya,1
Humboldt,maeotium,1
Humboldt,maestricht,1
Humboldt,magdalena,1
Humboldt,magdalene,1
Humboldt,magdeburg,1
Humboldt,magellanes,1
Humboldt,magn,1
Humboldt,magna,1
Humboldt,magnesian,1
Humboldt,magnetica,1
Humboldt,magneticis,1
Humboldt,magnetique,1
Humboldt,magnetiques,1
Humboldt,magnetis,1
Humboldt,magnets,1
Humboldt,magnifying,1
Humboldt,magnis,1
Humboldt,magnitudine,1
Humboldt,magnitudinem,1
Humboldt,magnus,1
Humboldt,magodha,1
Humboldt,maguete,1
Humboldt,magura,1
Humboldt,mail,1
Humboldt,maintains,1
Humboldt,majestas,1
Humboldt,majores,1
Humboldt,majoris,1
Humboldt,majority,1
Humboldt,malabar,1
Humboldt,maldives,1
Humboldt,male,1
Humboldt,malo,1
Humboldt,malouines,1
Humboldt,malpays,1
Humboldt,malte,1
Humboldt,mamert,1
Humboldt,mammal,1
Humboldt,mammaria,1
Humboldt,mammiferous,1
Humboldt,mana,1
Humboldt,manager,1
Humboldt,mand,1
Humboldt,manfredi,1
Humboldt,manganese,1
Humboldt,mangle,1
Humboldt,mangroves,1
Humboldt,manifesting,1
Humboldt,manifestly,1
Humboldt,maniquarez,1
Humboldt,manking,1
Humboldt,manual,1
Humboldt,mapping,1
Humboldt,maqasa,1
Humboldt,mar,1
Humboldt,maravillosamente,1
Humboldt,marburg,1
Humboldt,marcet,1
Humboldt,marchand,1
Humboldt,marche,1
Humboldt,marei,1
Humboldt,marfil,1
Humboldt,marienberg,1
Humboldt,maritima,1
Humboldt,markings,1
Humboldt,markleiten,1
Humboldt,marksuhl,1
Humboldt,marly,1
Humboldt,marmato,1
Humboldt,marpessos,1
Humboldt,marquesas,1
Humboldt,marsh,1
Humboldt,marsupial,1
Humboldt,marth,1
Humboldt,martiana,1
Humboldt,martinique,1
Humboldt,marvels,1
Humboldt,maryland,1
Humboldt,maskelyne,1
Humboldt,massacre,1
Humboldt,massagetae,1
Humboldt,massi,1
Humboldt,materies,1
Humboldt,mathematically,1
Humboldt,mathematician,1
Humboldt,mathematicl,1
Humboldt,mathematique,1
Humboldt,matris,1
Humboldt,matrix,1
Humboldt,matteuci,1
Humboldt,matthessen,1
Humboldt,matthiessen,1
Humboldt,matthieu,1
Humboldt,matting,1
Humboldt,maturer,1
Humboldt,maturescentibus,1
Humboldt,maturing,1
Humboldt,matutina,1
Humboldt,mauheim,1
Humboldt,mauritius,1
Humboldt,mawerannahr,1
Humboldt,mawi,1
Humboldt,maxime,1
Humboldt,maximilian,1
Humboldt,maxims,1
Humboldt,mayence,1
Humboldt,maypo,1
Humboldt,mazochi,1
Humboldt,mccoy,1
Humboldt,meadow,1
Humboldt,meant,1
Humboldt,measurable,1
Humboldt,measureable,1
Humboldt,meatus,1
Humboldt,mecan,1
Humboldt,mecca,1
Humboldt,mechanically,1
Humboldt,medicinal,1
Humboldt,medicine,1
Humboldt,mediolanensis,1
Humboldt,meditate,1
Humboldt,mediterranea,1
Humboldt,medlars,1
Humboldt,medullary,1
Humboldt,megalosauri,1
Humboldt,megatherides,1
Humboldt,mehals,1
Humboldt,meineke,1
Humboldt,meiocene,1
Humboldt,mejonite,1
Humboldt,meleda,1
Humboldt,melocene,1
Humboldt,melum,1
Humboldt,membrane,1
Humboldt,membratim,1
Humboldt,memoire,1
Humboldt,menander,1
Humboldt,menschengrshlecht,1
Humboldt,mensura,1
Humboldt,mensurae,1
Humboldt,mentes,1
Humboldt,mentioning,1
Humboldt,merchantability,1
Humboldt,merge,1
Humboldt,meri,1
Humboldt,merian,1
Humboldt,meridiani,1
Humboldt,meridienne,1
Humboldt,merigard,1
Humboldt,merits,1
Humboldt,merkwurdiger,1
Humboldt,mesico,1
Humboldt,mesotype,1
Humboldt,messenian,1
Humboldt,messina,1
Humboldt,messrs,1
Humboldt,mesurements,1
Humboldt,metallicarum,1
Humboldt,metalliferae,1
Humboldt,metam,1
Humboldt,metaphysical,1
Humboldt,meteorologica,1
Humboldt,meteorologishe,1
Humboldt,meter,1
Humboldt,methodes,1
Humboldt,metiri,1
Humboldt,mexicans,1
Humboldt,miamata,1
Humboldt,miascite,1
Humboldt,miasmata,1
Humboldt,miasmatic,1
Humboldt,microscopes,1
Humboldt,middleburg,1
Humboldt,migrated,1
Humboldt,migrationes,1
Humboldt,migratory,1
Humboldt,miguel,1
Humboldt,mihau,1
Humboldt,mikroscopische,1
Humboldt,mildly,1
Humboldt,militia,1
Humboldt,mill,1
Humboldt,miller,1
Humboldt,millia,1
Humboldt,millimeter,1
Humboldt,million,1
Humboldt,mimosa,1
Humboldt,minas,1
Humboldt,mindful,1
Humboldt,mineralien,1
Humboldt,mineralogists,1
Humboldt,mineria,1
Humboldt,minifested,1
Humboldt,minima,1
Humboldt,minores,1
Humboldt,minori,1
Humboldt,minto,1
Humboldt,minus,1
Humboldt,minusve,1
Humboldt,minuteness,1
Humboldt,minuti,1
Humboldt,minutos,1
Humboldt,minyer,1
Humboldt,mirab,1
Humboldt,miraculi,1
Humboldt,misapplication,1
Humboldt,misceability,1
Humboldt,mischne,1
Humboldt,misericordia,1
Humboldt,misfortunes,1
Humboldt,missionary,1
Humboldt,missions,1
Humboldt,missurium,1
Humboldt,mistaken,1
Humboldt,mistook,1
Humboldt,mistrust,1
Humboldt,misty,1
Humboldt,mithridatic,1
Humboldt,mitigate,1
Humboldt,mittelgebirge,1
Humboldt,mittlere,1
Humboldt,mmountain,1
Humboldt,moas,1
Humboldt,mobile,1
Humboldt,mobilite,1
Humboldt,moderating,1
Humboldt,moderator,1
Humboldt,moderne,1
Humboldt,modifying,1
Humboldt,mohl,1
Humboldt,moistens,1
Humboldt,molecule,1
Humboldt,moleculres,1
Humboldt,molina,1
Humboldt,momentis,1
Humboldt,momento,1
Humboldt,mon,1
Humboldt,mona,1
Humboldt,monach,1
Humboldt,monachi,1
Humboldt,monadidae,1
Humboldt,monarchs,1
Humboldt,monas,1
Humboldt,mond,1
Humboldt,mondovi,1
Humboldt,mongolisn,1
Humboldt,mongolorum,1
Humboldt,monitor,1
Humboldt,monjovet,1
Humboldt,monkish,1
Humboldt,monocotyledonous,1
Humboldt,monsignor,1
Humboldt,monsters,1
Humboldt,monsun,1
Humboldt,montains,1
Humboldt,montanis,1
Humboldt,montclair,1
Humboldt,montezuma,1
Humboldt,montis,1
Humboldt,monum,1
Humboldt,monzon,1
Humboldt,moonless,1
Humboldt,moonlight,1
Humboldt,moorcroft,1
Humboldt,moorcroftiana,1
Humboldt,moors,1
Humboldt,mor,1
Humboldt,moraldi,1
Humboldt,morals,1
Humboldt,moran,1
Humboldt,moreau,1
Humboldt,morlet,1
Humboldt,morot,1
Humboldt,morris,1
Humboldt,morro,1
Humboldt,mortales,1
Humboldt,moscow,1
Humboldt,moselle,1
Humboldt,mososaurus,1
Humboldt,moss,1
Humboldt,motibus,1
Humboldt,motionless,1
Humboldt,motives,1
Humboldt,motor,1
Humboldt,motu,1
Humboldt,moultrie,1
Humboldt,mound,1
Humboldt,mounds,1
Humboldt,moventur,1
Humboldt,movet,1
Humboldt,mowe,1
Humboldt,mowi,1
Humboldt,moxonera,1
Humboldt,moyen,1
Humboldt,moyenne,1
Humboldt,mst,1
Humboldt,mucilage,1
Humboldt,mucilaginous,1
Humboldt,mucous,1
Humboldt,mucus,1
Humboldt,muddy,1
Humboldt,multa,1
Humboldt,multasque,1
Humboldt,multifariously,1
Humboldt,multiform,1
Humboldt,multiply,1
Humboldt,multitudine,1
Humboldt,multo,1
Humboldt,mundaknee,1
Humboldt,municipal,1
Humboldt,municipality,1
Humboldt,munquam,1
Humboldt,munster,1
Humboldt,murderous,1
Humboldt,muriatic,1
Humboldt,mursinsk,1
Humboldt,muschelkalks,1
Humboldt,muschenbrock,1
Humboldt,muscle,1
Humboldt,muscles,1
Humboldt,muscular,1
Humboldt,museums,1
Humboldt,musim,1
Humboldt,musket,1
Humboldt,mussooree,1
Humboldt,mustard,1
Humboldt,musæum,1
Humboldt,mutations,1
Humboldt,mutatis,1
Humboldt,mylodon,1
Humboldt,myndian,1
Humboldt,myriad,1
Humboldt,myrtles,1
Humboldt,mys,1
Humboldt,mysore,1
Humboldt,mystic,1
Humboldt,mythically,1
Humboldt,mythological,1
Humboldt,mythologie,1
Humboldt,mécanique,1
Humboldt,méteoric,1
Humboldt,météorologie,1
Humboldt,mühilhausen,1
Humboldt,mühlberg,1
Humboldt,nagnetic,1
Humboldt,nailau,1
Humboldt,namque,1
Humboldt,naphtha,1
Humboldt,narrare,1
Humboldt,narration,1
Humboldt,nascatur,1
Humboldt,nata,1
Humboldt,natans,1
Humboldt,nationality,1
Humboldt,naturaleza,1
Humboldt,naturaliche,1
Humboldt,naturalist,1
Humboldt,naturalium,1
Humboldt,naturam,1
Humboldt,naturlige,1
Humboldt,naturvid,1
Humboldt,naturvidenskaberne,1
Humboldt,naturæ,1
Humboldt,nautical,1
Humboldt,naval,1
Humboldt,navarrete,1
Humboldt,navigated,1
Humboldt,nayâzik,1
Humboldt,neary,1
Humboldt,nebst,1
Humboldt,nebua,1
Humboldt,nebullae,1
Humboldt,nebuloso,1
Humboldt,necessarii,1
Humboldt,necesse,1
Humboldt,necks,1
Humboldt,nect,1
Humboldt,needless,1
Humboldt,neetee,1
Humboldt,negare,1
Humboldt,neglected,1
Humboldt,negli,1
Humboldt,negligence,1
Humboldt,negretia,1
Humboldt,neighbouring,1
Humboldt,nemean,1
Humboldt,nemini,1
Humboldt,nemo,1
Humboldt,nemæa,1
Humboldt,nepalensis,1
Humboldt,nephew,1
Humboldt,nequis,1
Humboldt,nereides,1
Humboldt,nertschinsk,1
Humboldt,nervicus,1
Humboldt,nervous,1
Humboldt,nestor,1
Humboldt,network,1
Humboldt,neues,1
Humboldt,neuwied,1
Humboldt,nevada,1
Humboldt,newsletter,1
Humboldt,niazouk,1
Humboldt,nic,1
Humboldt,nicaragua,1
Humboldt,nicolaas,1
Humboldt,nicolajeff,1
Humboldt,nieb,1
Humboldt,niebuhr,1
Humboldt,niels,1
Humboldt,nightly,1
Humboldt,nil,1
Humboldt,nilous,1
Humboldt,ninety,1
Humboldt,ninth,1
Humboldt,nischni,1
Humboldt,nismes,1
Humboldt,nitente,1
Humboldt,nitrate,1
Humboldt,nivalis,1
Humboldt,niveau,1
Humboldt,nivellement,1
Humboldt,nizehi,1
Humboldt,noch,1
Humboldt,nocte,1
Humboldt,nodal,1
Humboldt,noisy,1
Humboldt,nombre,1
Humboldt,nombres,1
Humboldt,nonproprietary,1
Humboldt,noon,1
Humboldt,nordkuste,1
Humboldt,nordküste,1
Humboldt,noronha,1
Humboldt,northrn,1
Humboldt,norwegen,1
Humboldt,noster,1
Humboldt,nostoc,1
Humboldt,nostra,1
Humboldt,nostri,1
Humboldt,nostrum,1
Humboldt,notable,1
Humboldt,notifies,1
Humboldt,notions,1
Humboldt,notornis,1
Humboldt,nouet,1
Humboldt,nourish,1
Humboldt,nourished,1
Humboldt,nouvelle,1
Humboldt,novelty,1
Humboldt,novem,1
Humboldt,novi,1
Humboldt,novo,1
Humboldt,nowgorod,1
Humboldt,nube,1
Humboldt,nubibus,1
Humboldt,nubien,1
Humboldt,nudatam,1
Humboldt,nueva,1
Humboldt,nuevo,1
Humboldt,nuffenen,1
Humboldt,nukahiva,1
Humboldt,nullo,1
Humboldt,nummulites,1
Humboldt,nunc,1
Humboldt,nuncupatam,1
Humboldt,nundidavi,1
Humboldt,nunquam,1
Humboldt,nuova,1
Humboldt,nuovo,1
Humboldt,nuspiam,1
Humboldt,nut,1
Humboldt,nutriment,1
Humboldt,nutrimentis,1
Humboldt,nägeli,1
Humboldt,oak,1
Humboldt,obdorsk,1
Humboldt,obedient,1
Humboldt,obelists,1
Humboldt,obeyed,1
Humboldt,obeying,1
Humboldt,objectioon,1
Humboldt,oblique,1
Humboldt,oblivion,1
Humboldt,obnoxious,1
Humboldt,obs,1
Humboldt,obscurely,1
Humboldt,observable,1
Humboldt,observatio,1
Humboldt,observationibus,1
Humboldt,observatoire,1
Humboldt,obsolete,1
Humboldt,obstinacy,1
Humboldt,obtectam,1
Humboldt,occidentalis,1
Humboldt,occult,1
Humboldt,occulto,1
Humboldt,occultâ,1
Humboldt,occupasse,1
Humboldt,occupations,1
Humboldt,occurence,1
Humboldt,occurrit,1
Humboldt,ocd,1
Humboldt,oceana,1
Humboldt,oceans,1
Humboldt,oceanus,1
Humboldt,ocher,1
Humboldt,ochotsk,1
Humboldt,ochre,1
Humboldt,ocre,1
Humboldt,octavæ,1
Humboldt,oder,1
Humboldt,odor,1
Humboldt,odyssey,1
Humboldt,oeningen,1
Humboldt,oestred,1
Humboldt,oeta,1
Humboldt,oeynhausen,1
Humboldt,offered,1
Humboldt,office,1
Humboldt,officially,1
Humboldt,oftener,1
Humboldt,oisans,1
Humboldt,oisons,1
Humboldt,okonomischen,1
Humboldt,olafsen,1
Humboldt,olbera,1
Humboldt,oligoklastic,1
Humboldt,olive,1
Humboldt,oliving,1
Humboldt,olymp,1
Humboldt,olympiadis,1
Humboldt,omen,1
Humboldt,omened,1
Humboldt,omens,1
Humboldt,omitted,1
Humboldt,omitting,1
Humboldt,omnis,1
Humboldt,onesicritus,1
Humboldt,ontinent,1
Humboldt,oonta,1
Humboldt,ope,1
Humboldt,operariorum,1
Humboldt,operat,1
Humboldt,operating,1
Humboldt,ophite,1
Humboldt,ophrydinae,1
Humboldt,opinio,1
Humboldt,opposing,1
Humboldt,oppressive,1
Humboldt,optic,1
Humboldt,optics,1
Humboldt,opus,1
Humboldt,orben,1
Humboldt,orbs,1
Humboldt,orchideae,1
Humboldt,orchideous,1
Humboldt,orden,1
Humboldt,ordinis,1
Humboldt,orenburg,1
Humboldt,ores,1
Humboldt,organismen,1
Humboldt,organizations,1
Humboldt,organizer,1
Humboldt,orge,1
Humboldt,orgyas,1
Humboldt,orientalist,1
Humboldt,originality,1
Humboldt,originate,1
Humboldt,originates,1
Humboldt,originator,1
Humboldt,originis,1
Humboldt,orkneys,1
Humboldt,ornithocephalus,1
Humboldt,ornitholites,1
Humboldt,orography,1
Humboldt,orotava,1
Humboldt,orsk,1
Humboldt,orta,1
Humboldt,orthis,1
Humboldt,orthoceraitites,1
Humboldt,ortum,1
Humboldt,oryctognosia,1
Humboldt,oryctognostic,1
Humboldt,oryctognostically,1
Humboldt,oscillate,1
Humboldt,oscillating,1
Humboldt,oscillatoria,1
Humboldt,oscillatoriae,1
Humboldt,oscillatorium,1
Humboldt,osotheral,1
Humboldt,osservazioni,1
Humboldt,ossessed,1
Humboldt,ossetic,1
Humboldt,ossiferous,1
Humboldt,ostendit,1
Humboldt,osteology,1
Humboldt,ostpreussen,1
Humboldt,oter,1
Humboldt,othomi,1
Humboldt,othr,1
Humboldt,otto,1
Humboldt,otté,1
Humboldt,otumpa,1
Humboldt,ouranos,1
Humboldt,outbreak,1
Humboldt,outdated,1
Humboldt,outlet,1
Humboldt,outpouring,1
Humboldt,outpourings,1
Humboldt,ovaries,1
Humboldt,ovens,1
Humboldt,overcharged,1
Humboldt,overloaded,1
Humboldt,overpower,1
Humboldt,overpowered,1
Humboldt,oversal,1
Humboldt,overthrew,1
Humboldt,overthrow,1
Humboldt,overwhelming,1
Humboldt,ovum,1
Humboldt,owed,1
Humboldt,owl,1
Humboldt,owned,1
Humboldt,oxydation,1
Humboldt,oxydizing,1
Humboldt,oxyds,1
Humboldt,oxygenous,1
Humboldt,paarent,1
Humboldt,paartially,1
Humboldt,pachalik,1
Humboldt,pachydermata,1
Humboldt,pacto,1
Humboldt,paimpol,1
Humboldt,paint,1
Humboldt,pair,1
Humboldt,pairs,1
Humboldt,palaeoniscus,1
Humboldt,palaeontological,1
Humboldt,palaeontologist,1
Humboldt,palaeooic,1
Humboldt,palaeothrissum,1
Humboldt,palaeozoic,1
Humboldt,palapteryx,1
Humboldt,palatial,1
Humboldt,pale,1
Humboldt,paleas,1
Humboldt,palo,1
Humboldt,pampas,1
Humboldt,panaria,1
Humboldt,pancras,1
Humboldt,panegyrist,1
Humboldt,pangs,1
Humboldt,pantology,1
Humboldt,paolo,1
Humboldt,papagallo,1
Humboldt,papal,1
Humboldt,paperwork,1
Humboldt,pappus,1
Humboldt,paradise,1
Humboldt,paradoxum,1
Humboldt,paralatæ,1
Humboldt,paralipom,1
Humboldt,parallele,1
Humboldt,paramatta,1
Humboldt,paranema,1
Humboldt,paraphrases,1
Humboldt,parasites,1
Humboldt,parasitically,1
Humboldt,parcel,1
Humboldt,parcæ,1
Humboldt,parecen,1
Humboldt,parena,1
Humboldt,parime,1
Humboldt,parma,1
Humboldt,parmeliae,1
Humboldt,parmenides,1
Humboldt,paropamisus,1
Humboldt,paroît,1
Humboldt,parsopticqa,1
Humboldt,parthey,1
Humboldt,participate,1
Humboldt,participle,1
Humboldt,particularium,1
Humboldt,particulars,1
Humboldt,partie,1
Humboldt,partsch,1
Humboldt,party,1
Humboldt,parva,1
Humboldt,parvus,1
Humboldt,pas,1
Humboldt,pasigrafia,1
Humboldt,pasigraphico,1
Humboldt,pasiward,1
Humboldt,passion,1
Humboldt,passions,1
Humboldt,passively,1
Humboldt,passow,1
Humboldt,pastime,1
Humboldt,pastoral,1
Humboldt,pastos,1
Humboldt,patentia,1
Humboldt,pathology,1
Humboldt,patiently,1
Humboldt,patricius,1
Humboldt,patricus,1
Humboldt,patronage,1
Humboldt,paudiores,1
Humboldt,paulatim,1
Humboldt,paulo,1
Humboldt,paved,1
Humboldt,pavia,1
Humboldt,pay,1
Humboldt,payen,1
Humboldt,payta,1
Humboldt,pearl,1
Humboldt,pearly,1
Humboldt,pectet,1
Humboldt,pedestrian,1
Humboldt,pedro,1
Humboldt,pelileo,1
Humboldt,pelis,1
Humboldt,pelzel,1
Humboldt,pembroke,1
Humboldt,pencil,1
Humboldt,pendant,1
Humboldt,pendeant,1
Humboldt,penduli,1
Humboldt,penetrre,1
Humboldt,penguins,1
Humboldt,penipe,1
Humboldt,pennate,1
Humboldt,pennsylvania,1
Humboldt,pent,1
Humboldt,penumbra,1
Humboldt,penzance,1
Humboldt,perceives,1
Humboldt,perceptions,1
Humboldt,percipi,1
Humboldt,perd,1
Humboldt,perdurent,1
Humboldt,perfectibility,1
Humboldt,perficitur,1
Humboldt,perforata,1
Humboldt,performances,1
Humboldt,pergitque,1
Humboldt,peridinea,1
Humboldt,perieg,1
Humboldt,peripherally,1
Humboldt,perishable,1
Humboldt,perished,1
Humboldt,peristoma,1
Humboldt,permeated,1
Humboldt,permeation,1
Humboldt,pero,1
Humboldt,peroxyd,1
Humboldt,perpenducularly,1
Humboldt,perperam,1
Humboldt,perpetuates,1
Humboldt,perpetuation,1
Humboldt,perpetui,1
Humboldt,perrupit,1
Humboldt,perry,1
Humboldt,persberg,1
Humboldt,persistency,1
Humboldt,persisting,1
Humboldt,personal,1
Humboldt,personally,1
Humboldt,personate,1
Humboldt,perspicuity,1
Humboldt,persthene,1
Humboldt,persuaded,1
Humboldt,persuading,1
Humboldt,persuasion,1
Humboldt,pertains,1
Humboldt,perthshire,1
Humboldt,pertusa,1
Humboldt,perusal,1
Humboldt,peruvians,1
Humboldt,pervaded,1
Humboldt,pes,1
Humboldt,pesth,1
Humboldt,peterab,1
Humboldt,petersburg,1
Humboldt,petersburgh,1
Humboldt,petimus,1
Humboldt,petit,1
Humboldt,petito,1
Humboldt,petri,1
Humboldt,petrifacations,1
Humboldt,petrifaction,1
Humboldt,petrifying,1
Humboldt,petropawlowsk,1
Humboldt,petrus,1
Humboldt,peuquenes,1
Humboldt,pflanzen,1
Humboldt,pflanzenfamilien,1
Humboldt,pflanzengeographie,1
Humboldt,pflanzenzellen,1
Humboldt,pflaster,1
Humboldt,pglaf,1
Humboldt,phaeton,1
Humboldt,phalaris,1
Humboldt,phantastico,1
Humboldt,phantom,1
Humboldt,phase,1
Humboldt,phaëton,1
Humboldt,phenomenes,1
Humboldt,philadelphia,1
Humboldt,philipp,1
Humboldt,philippi,1
Humboldt,philoct,1
Humboldt,philoctetes,1
Humboldt,philologica,1
Humboldt,philology,1
Humboldt,philop,1
Humboldt,philosophic,1
Humboldt,philosophiæ,1
Humboldt,philosophorum,1
Humboldt,philosophumena,1
Humboldt,philosopohical,1
Humboldt,phoenicians,1
Humboldt,phosphorus,1
Humboldt,photometric,1
Humboldt,photometro,1
Humboldt,phyical,1
Humboldt,physicae,1
Humboldt,physichen,1
Humboldt,physikalischen,1
Humboldt,physikalish,1
Humboldt,physiognomist,1
Humboldt,physiographiae,1
Humboldt,physiographiam,1
Humboldt,physiol,1
Humboldt,physiologist,1
Humboldt,physiologists,1
Humboldt,physiques,1
Humboldt,phytognosia,1
Humboldt,phytolitharia,1
Humboldt,piasters,1
Humboldt,pico,1
Humboldt,piedmonese,1
Humboldt,piedmontese,1
Humboldt,pierced,1
Humboldt,pigeon,1
Humboldt,pignorol,1
Humboldt,pigro,1
Humboldt,pilgrims,1
Humboldt,pillars,1
Humboldt,pilot,1
Humboldt,pimelodes,1
Humboldt,pinas,1
Humboldt,pinchinchensis,1
Humboldt,pindur,1
Humboldt,pingel,1
Humboldt,pingré,1
Humboldt,pinos,1
Humboldt,pipes,1
Humboldt,pisa,1
Humboldt,pit,1
Humboldt,pitcairn,1
Humboldt,pitch,1
Humboldt,pitched,1
Humboldt,pithecusa,1
Humboldt,pits,1
Humboldt,placoides,1
Humboldt,plagas,1
Humboldt,planchettes,1
Humboldt,planetarischen,1
Humboldt,planetry,1
Humboldt,plantas,1
Humboldt,plantisque,1
Humboldt,plantrum,1
Humboldt,planulites,1
Humboldt,plasma,1
Humboldt,plate,1
Humboldt,platonic,1
Humboldt,platowskaja,1
Humboldt,platæa,1
Humboldt,plausible,1
Humboldt,plays,1
Humboldt,plaza,1
Humboldt,pleasant,1
Humboldt,pleasing,1
Humboldt,pleiosauri,1
Humboldt,pleistocene,1
Humboldt,plerumque,1
Humboldt,pluisse,1
Humboldt,pluit,1
Humboldt,plumb,1
Humboldt,plura,1
Humboldt,plusquam,1
Humboldt,pluto,1
Humboldt,pocket,1
Humboldt,podurellae,1
Humboldt,poem,1
Humboldt,poems,1
Humboldt,poenia,1
Humboldt,poggened,1
Humboldt,poissant,1
Humboldt,poissoniere,1
Humboldt,poissonniere,1
Humboldt,polaires,1
Humboldt,poland,1
Humboldt,polished,1
Humboldt,polit,1
Humboldt,politic,1
Humboldt,politica,1
Humboldt,pollen,1
Humboldt,polyhedric,1
Humboldt,polymorphic,1
Humboldt,polypterus,1
Humboldt,polythalmia,1
Humboldt,pompous,1
Humboldt,pondere,1
Humboldt,ponderibus,1
Humboldt,pone,1
Humboldt,ponticum,1
Humboldt,pontus,1
Humboldt,pooints,1
Humboldt,pool,1
Humboldt,popcatepetl,1
Humboldt,pope,1
Humboldt,popocatepel,1
Humboldt,popocatepetl,1
Humboldt,population,1
Humboldt,por,1
Humboldt,porcelain,1
Humboldt,porphyrgebilde,1
Humboldt,porphyritic,1
Humboldt,porrectae,1
Humboldt,porro,1
Humboldt,portable,1
Humboldt,portal,1
Humboldt,portentous,1
Humboldt,portio,1
Humboldt,portland,1
Humboldt,portrayed,1
Humboldt,ports,1
Humboldt,portsmouth,1
Humboldt,portuguese,1
Humboldt,posita,1
Humboldt,positio,1
Humboldt,possent,1
Humboldt,possessions,1
Humboldt,possibilities,1
Humboldt,possit,1
Humboldt,posssesses,1
Humboldt,possumus,1
Humboldt,postels,1
Humboldt,posterity,1
Humboldt,posthumous,1
Humboldt,potamus,1
Humboldt,potassium,1
Humboldt,potatoes,1
Humboldt,potes,1
Humboldt,potissimum,1
Humboldt,potius,1
Humboldt,potosi,1
Humboldt,potter,1
Humboldt,pottery,1
Humboldt,potuisset,1
Humboldt,pouilet,1
Humboldt,pouillet,1
Humboldt,pounds,1
Humboldt,pours,1
Humboldt,poverty,1
Humboldt,powder,1
Humboldt,pozzuoli,1
Humboldt,poïet,1
Humboldt,ppointed,1
Humboldt,practicability,1
Humboldt,practically,1
Humboldt,practicing,1
Humboldt,praef,1
Humboldt,prague,1
Humboldt,prairie,1
Humboldt,prayed,1
Humboldt,precediing,1
Humboldt,precipitates,1
Humboldt,precipitations,1
Humboldt,precisly,1
Humboldt,precludes,1
Humboldt,predetermination,1
Humboldt,predetermine,1
Humboldt,predettermination,1
Humboldt,predictions,1
Humboldt,prefaced,1
Humboldt,prefatory,1
Humboldt,preferable,1
Humboldt,preferred,1
Humboldt,pregny,1
Humboldt,prejudicial,1
Humboldt,premeditated,1
Humboldt,premises,1
Humboldt,premonitory,1
Humboldt,prenadilla,1
Humboldt,preparation,1
Humboldt,preponderance,1
Humboldt,preponderating,1
Humboldt,prerogative,1
Humboldt,prescott,1
Humboldt,presentes,1
Humboldt,presentiments,1
Humboldt,preserve,1
Humboldt,preserving,1
Humboldt,preside,1
Humboldt,presided,1
Humboldt,president,1
Humboldt,press,1
Humboldt,pressing,1
Humboldt,presuming,1
Humboldt,presumption,1
Humboldt,presumptuously,1
Humboldt,presuppose,1
Humboldt,pretend,1
Humboldt,preuss,1
Humboldt,prevostii,1
Humboldt,prey,1
Humboldt,price,1
Humboldt,prices,1
Humboldt,prickly,1
Humboldt,primaevum,1
Humboldt,primeval,1
Humboldt,primevally,1
Humboldt,primitively,1
Humboldt,primordiis,1
Humboldt,primum,1
Humboldt,princely,1
Humboldt,princip,1
Humboldt,principales,1
Humboldt,principatu,1
Humboldt,principes,1
Humboldt,priority,1
Humboldt,prism,1
Humboldt,prisoner,1
Humboldt,pristinum,1
Humboldt,prius,1
Humboldt,pro,1
Humboldt,probe,1
Humboldt,problematic,1
Humboldt,procede,1
Humboldt,processing,1
Humboldt,proclamas,1
Humboldt,procure,1
Humboldt,procurrentibus,1
Humboldt,prodrome,1
Humboldt,producat,1
Humboldt,produxit,1
Humboldt,profecto,1
Humboldt,professors,1
Humboldt,profits,1
Humboldt,profondeur,1
Humboldt,profondeus,1
Humboldt,profoundness,1
Humboldt,profundinus,1
Humboldt,profundiores,1
Humboldt,profundity,1
Humboldt,profundo,1
Humboldt,profusely,1
Humboldt,progres,1
Humboldt,progressing,1
Humboldt,prohibition,1
Humboldt,projects,1
Humboldt,projjected,1
Humboldt,prolegomena,1
Humboldt,prolongations,1
Humboldt,promontories,1
Humboldt,promontory,1
Humboldt,promotion,1
Humboldt,proofread,1
Humboldt,prop,1
Humboldt,propagates,1
Humboldt,propagating,1
Humboldt,propelled,1
Humboldt,propelling,1
Humboldt,propior,1
Humboldt,propogation,1
Humboldt,proportional,1
Humboldt,proportionally,1
Humboldt,proportione,1
Humboldt,proportions,1
Humboldt,propos,1
Humboldt,propose,1
Humboldt,proposes,1
Humboldt,propounded,1
Humboldt,propounder,1
Humboldt,propria,1
Humboldt,proprietary,1
Humboldt,propriete,1
Humboldt,proprietorship,1
Humboldt,prosecute,1
Humboldt,proserpine,1
Humboldt,prospect,1
Humboldt,prospective,1
Humboldt,prostration,1
Humboldt,protecting,1
Humboldt,protinus,1
Humboldt,proto,1
Humboldt,protococcus,1
Humboldt,protosaurus,1
Humboldt,prototype,1
Humboldt,protruded,1
Humboldt,protrusion,1
Humboldt,protusos,1
Humboldt,proud,1
Humboldt,provinces,1
Humboldt,provincial,1
Humboldt,proving,1
Humboldt,provisions,1
Humboldt,proxiimity,1
Humboldt,proximate,1
Humboldt,proximi,1
Humboldt,proximities,1
Humboldt,prunella,1
Humboldt,prædictum,1
Humboldt,prædixisse,1
Humboldt,psychometer,1
Humboldt,pterichtys,1
Humboldt,pterodactyles,1
Humboldt,pterodactylus,1
Humboldt,ptolemies,1
Humboldt,ptolemy,1
Humboldt,publications,1
Humboldt,publish,1
Humboldt,publisher,1
Humboldt,puela,1
Humboldt,puente,1
Humboldt,puetredo,1
Humboldt,pulsation,1
Humboldt,pumiceous,1
Humboldt,punished,1
Humboldt,punitive,1
Humboldt,pupil,1
Humboldt,pupils,1
Humboldt,purace,1
Humboldt,purer,1
Humboldt,purgatorio,1
Humboldt,purificari,1
Humboldt,purified,1
Humboldt,purple,1
Humboldt,purposes,1
Humboldt,purpurescens,1
Humboldt,purum,1
Humboldt,putaretur,1
Humboldt,putrescent,1
Humboldt,putrescentium,1
Humboldt,putrid,1
Humboldt,putschi,1
Humboldt,puy,1
Humboldt,puzzuolo,1
Humboldt,pyrenes,1
Humboldt,pyrophoric,1
Humboldt,pythagorus,1
Humboldt,pythatoras,1
Humboldt,pétersb,1
Humboldt,qne,1
Humboldt,quader,1
Humboldt,quadrifida,1
Humboldt,quadrigentas,1
Humboldt,quaedam,1
Humboldt,quaestiones,1
Humboldt,quaintly,1
Humboldt,quality,1
Humboldt,quamque,1
Humboldt,quando,1
Humboldt,quanitity,1
Humboldt,quanto,1
Humboldt,quarrel,1
Humboldt,quarry,1
Humboldt,quas,1
Humboldt,quasdam,1
Humboldt,queat,1
Humboldt,queen,1
Humboldt,quemque,1
Humboldt,quenched,1
Humboldt,quest,1
Humboldt,questioned,1
Humboldt,quet,1
Humboldt,quibusdam,1
Humboldt,quicker,1
Humboldt,quickly,1
Humboldt,quicquid,1
Humboldt,quidem,1
Humboldt,quin,1
Humboldt,quindin,1
Humboldt,quindiu,1
Humboldt,quingentas,1
Humboldt,quixos,1
Humboldt,quomodo,1
Humboldt,quondam,1
Humboldt,quoniam,1
Humboldt,quoque,1
Humboldt,quorum,1
Humboldt,quovis,1
Humboldt,quæst,1
Humboldt,radiates,1
Humboldt,radicibus,1
Humboldt,radicibusque,1
Humboldt,radii,1
Humboldt,radios,1
Humboldt,radjataringini,1
Humboldt,radnitz,1
Humboldt,raged,1
Humboldt,rages,1
Humboldt,ragusa,1
Humboldt,rainbow,1
Humboldt,rallidae,1
Humboldt,ram,1
Humboldt,ramenta,1
Humboldt,ramified,1
Humboldt,ramifying,1
Humboldt,ramon,1
Humboldt,ramong,1
Humboldt,rampart,1
Humboldt,ran,1
Humboldt,rancie,1
Humboldt,ranging,1
Humboldt,rarissime,1
Humboldt,raro,1
Humboldt,rarus,1
Humboldt,rash,1
Humboldt,rationalism,1
Humboldt,rationally,1
Humboldt,ratione,1
Humboldt,ratios,1
Humboldt,rats,1
Humboldt,raveniaga,1
Humboldt,ravine,1
Humboldt,raya,1
Humboldt,react,1
Humboldt,reacts,1
Humboldt,readings,1
Humboldt,ready,1
Humboldt,realith,1
Humboldt,realize,1
Humboldt,reap,1
Humboldt,reaped,1
Humboldt,reappearing,1
Humboldt,rebellious,1
Humboldt,recalling,1
Humboldt,receded,1
Humboldt,receiving,1
Humboldt,recenty,1
Humboldt,recesses,1
Humboldt,recessibus,1
Humboldt,recession,1
Humboldt,recipit,1
Humboldt,recital,1
Humboldt,reckoned,1
Humboldt,reckoning,1
Humboldt,reclosed,1
Humboldt,recollections,1
Humboldt,reconsidering,1
Humboldt,recording,1
Humboldt,recovered,1
Humboldt,recrossing,1
Humboldt,rectangular,1
Humboldt,rectification,1
Humboldt,rectilineo,1
Humboldt,rector,1
Humboldt,recucil,1
Humboldt,recurred,1
Humboldt,rediscussion,1
Humboldt,redistribute,1
Humboldt,redounds,1
Humboldt,reducible,1
Humboldt,reductions,1
Humboldt,reef,1
Humboldt,reeves,1
Humboldt,refeal,1
Humboldt,referrible,1
Humboldt,refugees,1
Humboldt,refuses,1
Humboldt,refutation,1
Humboldt,refute,1
Humboldt,refutes,1
Humboldt,reg,1
Humboldt,regent,1
Humboldt,regione,1
Humboldt,regiones,1
Humboldt,regionum,1
Humboldt,register,1
Humboldt,regna,1
Humboldt,regni,1
Humboldt,regulator,1
Humboldt,reigion,1
Humboldt,reign,1
Humboldt,rein,1
Humboldt,reject,1
Humboldt,rejectatione,1
Humboldt,rejicienda,1
Humboldt,relationship,1
Humboldt,release,1
Humboldt,reliance,1
Humboldt,relicta,1
Humboldt,relied,1
Humboldt,reliquerunt,1
Humboldt,reliquias,1
Humboldt,reluctance,1
Humboldt,remedies,1
Humboldt,remedy,1
Humboldt,remembering,1
Humboldt,remembrance,1
Humboldt,remenbrance,1
Humboldt,remensis,1
Humboldt,remifying,1
Humboldt,reminiscences,1
Humboldt,remotely,1
Humboldt,remoteness,1
Humboldt,removal,1
Humboldt,renamed,1
Humboldt,renard,1
Humboldt,rending,1
Humboldt,rendu,1
Humboldt,rene,1
Humboldt,renew,1
Humboldt,renewal,1
Humboldt,renititur,1
Humboldt,rennell,1
Humboldt,renounce,1
Humboldt,renounced,1
Humboldt,renown,1
Humboldt,reopened,1
Humboldt,reor,1
Humboldt,reparandorum,1
Humboldt,repeatedly,1
Humboldt,repeats,1
Humboldt,repel,1
Humboldt,repels,1
Humboldt,repertorium,1
Humboldt,replied,1
Humboldt,replies,1
Humboldt,reprehensible,1
Humboldt,representatives,1
Humboldt,represents,1
Humboldt,reprint,1
Humboldt,reproach,1
Humboldt,reproached,1
Humboldt,reproducing,1
Humboldt,reptile,1
Humboldt,repulsed,1
Humboldt,repulsion,1
Humboldt,repulsive,1
Humboldt,requested,1
Humboldt,requiring,1
Humboldt,resembled,1
Humboldt,resemblence,1
Humboldt,resevoirs,1
Humboldt,resident,1
Humboldt,residet,1
Humboldt,residual,1
Humboldt,residuum,1
Humboldt,resin,1
Humboldt,resisted,1
Humboldt,resolved,1
Humboldt,resolves,1
Humboldt,resounded,1
Humboldt,resources,1
Humboldt,rested,1
Humboldt,restricting,1
Humboldt,resumed,1
Humboldt,retard,1
Humboldt,retardations,1
Humboldt,retarded,1
Humboldt,reticulated,1
Humboldt,retinetque,1
Humboldt,retreat,1
Humboldt,retreats,1
Humboldt,retrogression,1
Humboldt,retrogressively,1
Humboldt,retroversed,1
Humboldt,returning,1
Humboldt,revels,1
Humboldt,revenir,1
Humboldt,revenue,1
Humboldt,reverberated,1
Humboldt,revier,1
Humboldt,reviews,1
Humboldt,revisit,1
Humboldt,revol,1
Humboldt,rewaien,1
Humboldt,rewritten,1
Humboldt,rheims,1
Humboldt,rhein,1
Humboldt,rheinische,1
Humboldt,rheinischen,1
Humboldt,rhinoceros,1
Humboldt,rhinoceroses,1
Humboldt,rhizophora,1
Humboldt,rhod,1
Humboldt,rhode,1
Humboldt,rhodes,1
Humboldt,rhododendra,1
Humboldt,rhone,1
Humboldt,rhubarb,1
Humboldt,ribboned,1
Humboldt,ridicules,1
Humboldt,riesenkoppe,1
Humboldt,rigaud,1
Humboldt,rights,1
Humboldt,rigorous,1
Humboldt,rimini,1
Humboldt,ringing,1
Humboldt,rintgs,1
Humboldt,riohamba,1
Humboldt,ripple,1
Humboldt,rippling,1
Humboldt,risks,1
Humboldt,ritual,1
Humboldt,rival,1
Humboldt,rivi,1
Humboldt,rivis,1
Humboldt,rivulets,1
Humboldt,roads,1
Humboldt,roar,1
Humboldt,roaring,1
Humboldt,robbers,1
Humboldt,rocas,1
Humboldt,rocca,1
Humboldt,rochon,1
Humboldt,rocket,1
Humboldt,rode,1
Humboldt,roderick,1
Humboldt,rodrigo,1
Humboldt,roger,1
Humboldt,roi,1
Humboldt,roise,1
Humboldt,roises,1
Humboldt,rolliing,1
Humboldt,romischen,1
Humboldt,roofing,1
Humboldt,roon,1
Humboldt,rorerbuhel,1
Humboldt,rossell,1
Humboldt,rotated,1
Humboldt,rotates,1
Humboldt,rouge,1
Humboldt,rounding,1
Humboldt,roundish,1
Humboldt,roused,1
Humboldt,royale,1
Humboldt,royle,1
Humboldt,rozet,1
Humboldt,rrogant,1
Humboldt,rub,1
Humboldt,rubbish,1
Humboldt,rubi,1
Humboldt,rubies,1
Humboldt,ruby,1
Humboldt,rude,1
Humboldt,ruder,1
Humboldt,rudimentary,1
Humboldt,rudiments,1
Humboldt,rueu,1
Humboldt,rufescens,1
Humboldt,ruhkopf,1
Humboldt,ruido,1
Humboldt,ruinart,1
Humboldt,ruling,1
Humboldt,rumbling,1
Humboldt,runs,1
Humboldt,rupe,1
Humboldt,rupes,1
Humboldt,rupke,1
Humboldt,rushes,1
Humboldt,rushing,1
Humboldt,russell,1
Humboldt,rustling,1
Humboldt,rutilae,1
Humboldt,régions,1
Humboldt,rémusat,1
Humboldt,römer,1
Humboldt,römischen,1
Humboldt,saar,1
Humboldt,saarbrucken,1
Humboldt,saarbrucker,1
Humboldt,saarlouis,1
Humboldt,sabiduria,1
Humboldt,sacramentumin,1
Humboldt,sacrifice,1
Humboldt,sacrificing,1
Humboldt,saeculum,1
Humboldt,sagacious,1
Humboldt,sagenariae,1
Humboldt,saggiatore,1
Humboldt,sago,1
Humboldt,sahle,1
Humboldt,sailing,1
Humboldt,saints,1
Humboldt,sal,1
Humboldt,salcombe,1
Humboldt,salls,1
Humboldt,salm,1
Humboldt,salmon,1
Humboldt,saltem,1
Humboldt,saltholm,1
Humboldt,salts,1
Humboldt,salubrioris,1
Humboldt,samarang,1
Humboldt,samarkand,1
Humboldt,samples,1
Humboldt,samson,1
Humboldt,sancti,1
Humboldt,sanction,1
Humboldt,sandbanks,1
Humboldt,sandsteins,1
Humboldt,sangerhausen,1
Humboldt,sanstein,1
Humboldt,santo,1
Humboldt,saratow,1
Humboldt,sardah,1
Humboldt,sardel,1
Humboldt,sardine,1
Humboldt,sassuolo,1
Humboldt,sat,1
Humboldt,satirist,1
Humboldt,satisfaction,1
Humboldt,satisfying,1
Humboldt,sattel,1
Humboldt,saturday,1
Humboldt,saunders,1
Humboldt,sauroid,1
Humboldt,sauroidi,1
Humboldt,savages,1
Humboldt,savannah,1
Humboldt,savannahs,1
Humboldt,savannas,1
Humboldt,savans,1
Humboldt,savary,1
Humboldt,savi,1
Humboldt,saxa,1
Humboldt,saxifraga,1
Humboldt,saxifrages,1
Humboldt,saxorum,1
Humboldt,saxum,1
Humboldt,scaccia,1
Humboldt,scaffolding,1
Humboldt,scaffoldings,1
Humboldt,scaling,1
Humboldt,scaly,1
Humboldt,scandens,1
Humboldt,scanned,1
Humboldt,scarce,1
Humboldt,scarcity,1
Humboldt,scaturientesaut,1
Humboldt,scaturigenes,1
Humboldt,schaef,1
Humboldt,schalagskoi,1
Humboldt,schalen,1
Humboldt,schatka,1
Humboldt,schaubach,1
Humboldt,sched,1
Humboldt,schen,1
Humboldt,scheuchzer,1
Humboldt,scheuchzner,1
Humboldt,schiraz,1
Humboldt,schism,1
Humboldt,schleiermacher,1
Humboldt,schles,1
Humboldt,schloss,1
Humboldt,scholastic,1
Humboldt,schools,1
Humboldt,schreiber,1
Humboldt,schreibers,1
Humboldt,schrieber,1
Humboldt,schrift,1
Humboldt,schröter,1
Humboldt,schuow,1
Humboldt,schwann,1
Humboldt,schylus,1
Humboldt,schäfer,1
Humboldt,schürfe,1
Humboldt,sciacca,1
Humboldt,scibili,1
Humboldt,scientia,1
Humboldt,scilicet,1
Humboldt,scintillations,1
Humboldt,scipionis,1
Humboldt,scitamineae,1
Humboldt,scoloti,1
Humboldt,scoriaceous,1
Humboldt,scotia,1
Humboldt,screw,1
Humboldt,scribunt,1
Humboldt,scrutautur,1
Humboldt,scrutiny,1
Humboldt,scythiam,1
Humboldt,seaeca,1
Humboldt,searches,1
Humboldt,seasong,1
Humboldt,sebastian,1
Humboldt,secat,1
Humboldt,secrets,1
Humboldt,sect,1
Humboldt,seculis,1
Humboldt,seculäre,1
Humboldt,secundi,1
Humboldt,secundo,1
Humboldt,secure,1
Humboldt,securing,1
Humboldt,security,1
Humboldt,sediments,1
Humboldt,seductive,1
Humboldt,seebeck,1
Humboldt,seguro,1
Humboldt,seifstrom,1
Humboldt,seissen,1
Humboldt,sejour,1
Humboldt,select,1
Humboldt,selencus,1
Humboldt,selfishness,1
Humboldt,selm,1
Humboldt,selsmometer,1
Humboldt,sem,1
Humboldt,semblance,1
Humboldt,semulka,1
Humboldt,senate,1
Humboldt,sending,1
Humboldt,sends,1
Humboldt,senegal,1
Humboldt,sensation,1
Humboldt,sensibly,1
Humboldt,sentences,1
Humboldt,sentimentality,1
Humboldt,separable,1
Humboldt,seprated,1
Humboldt,seprately,1
Humboldt,septalianum,1
Humboldt,septalæ,1
Humboldt,septentrionalis,1
Humboldt,septuagesimæ,1
Humboldt,sequente,1
Humboldt,seraing,1
Humboldt,serapis,1
Humboldt,serie,1
Humboldt,seris,1
Humboldt,serpulidae,1
Humboldt,serrato,1
Humboldt,servatius,1
Humboldt,serves,1
Humboldt,servius,1
Humboldt,sets,1
Humboldt,settled,1
Humboldt,settlement,1
Humboldt,settlements,1
Humboldt,sevenths,1
Humboldt,sever,1
Humboldt,severus,1
Humboldt,sevilla,1
Humboldt,shaded,1
Humboldt,shadow,1
Humboldt,shadowed,1
Humboldt,shadows,1
Humboldt,shady,1
Humboldt,shapes,1
Humboldt,sharing,1
Humboldt,sharp,1
Humboldt,sharpe,1
Humboldt,shatool,1
Humboldt,sheds,1
Humboldt,shehallien,1
Humboldt,sheltered,1
Humboldt,shingle,1
Humboldt,shone,1
Humboldt,shortening,1
Humboldt,shortest,1
Humboldt,shouldnot,1
Humboldt,showy,1
Humboldt,shrink,1
Humboldt,shroud,1
Humboldt,shrouds,1
Humboldt,siberien,1
Humboldt,sibi,1
Humboldt,sibirien,1
Humboldt,sic,1
Humboldt,sicani,1
Humboldt,siccata,1
Humboldt,siccatam,1
Humboldt,sicilae,1
Humboldt,sicilians,1
Humboldt,sick,1
Humboldt,sida,1
Humboldt,sideways,1
Humboldt,siecles,1
Humboldt,siegen,1
Humboldt,sienite,1
Humboldt,siewere,1
Humboldt,sign,1
Humboldt,signalized,1
Humboldt,signals,1
Humboldt,signify,1
Humboldt,signor,1
Humboldt,siimultaneous,1
Humboldt,silence,1
Humboldt,silent,1
Humboldt,silentio,1
Humboldt,silenus,1
Humboldt,silhet,1
Humboldt,silicate,1
Humboldt,silicifaction,1
Humboldt,silicification,1
Humboldt,silky,1
Humboldt,silliman,1
Humboldt,silu,1
Humboldt,silvery,1
Humboldt,similem,1
Humboldt,similes,1
Humboldt,similtudines,1
Humboldt,simla,1
Humboldt,simocatta,1
Humboldt,simpler,1
Humboldt,simplicis,1
Humboldt,simpliciter,1
Humboldt,simplification,1
Humboldt,simplified,1
Humboldt,simplifies,1
Humboldt,sinds,1
Humboldt,sinful,1
Humboldt,singly,1
Humboldt,singulorum,1
Humboldt,sink,1
Humboldt,siphons,1
Humboldt,sisim,1
Humboldt,site,1
Humboldt,sites,1
Humboldt,situ,1
Humboldt,sivaliensis,1
Humboldt,sivatherium,1
Humboldt,sive,1
Humboldt,siyawakschgird,1
Humboldt,sized,1
Humboldt,skaptar,1
Humboldt,skeleton,1
Humboldt,skins,1
Humboldt,skirting,1
Humboldt,skull,1
Humboldt,skye,1
Humboldt,slabs,1
Humboldt,slacked,1
Humboldt,slain,1
Humboldt,slates,1
Humboldt,slavery,1
Humboldt,sli,1
Humboldt,slop,1
Humboldt,sloth,1
Humboldt,slothful,1
Humboldt,slower,1
Humboldt,slowest,1
Humboldt,sluggish,1
Humboldt,smell,1
Humboldt,smith,1
Humboldt,smoky,1
Humboldt,smoothness,1
Humboldt,smyrna,1
Humboldt,smyth,1
Humboldt,snakes,1
Humboldt,snuffing,1
Humboldt,societies,1
Humboldt,socotora,1
Humboldt,sofferir,1
Humboldt,soften,1
Humboldt,softer,1
Humboldt,softly,1
Humboldt,sola,1
Humboldt,solare,1
Humboldt,solem,1
Humboldt,solemnity,1
Humboldt,solemnly,1
Humboldt,solenhofen,1
Humboldt,solfataras,1
Humboldt,solicitation,1
Humboldt,solidaginae,1
Humboldt,solidi,1
Humboldt,solidify,1
Humboldt,solidifying,1
Humboldt,solidity,1
Humboldt,soliman,1
Humboldt,solitaire,1
Humboldt,solitary,1
Humboldt,solonis,1
Humboldt,soluion,1
Humboldt,solum,1
Humboldt,solvique,1
Humboldt,somerset,1
Humboldt,somme,1
Humboldt,somnium,1
Humboldt,somno,1
Humboldt,sonar,1
Humboldt,sonne,1
Humboldt,sonnensystems,1
Humboldt,soome,1
Humboldt,soot,1
Humboldt,soothing,1
Humboldt,sophocl,1
Humboldt,sophocles,1
Humboldt,sopito,1
Humboldt,sopka,1
Humboldt,soracte,1
Humboldt,sore,1
Humboldt,sorrow,1
Humboldt,sortis,1
Humboldt,soundless,1
Humboldt,southeastern,1
Humboldt,southeastery,1
Humboldt,southerly,1
Humboldt,southwestern,1
Humboldt,sovereign,1
Humboldt,spacefrom,1
Humboldt,spared,1
Humboldt,sparingly,1
Humboldt,spartans,1
Humboldt,spatia,1
Humboldt,spaziergang,1
Humboldt,speaker,1
Humboldt,spears,1
Humboldt,specification,1
Humboldt,speciments,1
Humboldt,speciosa,1
Humboldt,spectacles,1
Humboldt,spectanda,1
Humboldt,specularly,1
Humboldt,speed,1
Humboldt,speedily,1
Humboldt,speedy,1
Humboldt,sperges,1
Humboldt,spha,1
Humboldt,sphaeronites,1
Humboldt,sphaeroptera,1
Humboldt,spherically,1
Humboldt,sphericity,1
Humboldt,spheroidally,1
Humboldt,spiders,1
Humboldt,spikes,1
Humboldt,spinellane,1
Humboldt,spiramenta,1
Humboldt,spirante,1
Humboldt,spirifer,1
Humboldt,spirituum,1
Humboldt,spiry,1
Humboldt,spissi,1
Humboldt,spit,1
Humboldt,split,1
Humboldt,sponge,1
Humboldt,spontanea,1
Humboldt,sports,1
Humboldt,spouts,1
Humboldt,spratt,1
Humboldt,spreading,1
Humboldt,spreads,1
Humboldt,spteryx,1
Humboldt,spurs,1
Humboldt,squares,1
Humboldt,sse,1
Humboldt,staatenkunde,1
Humboldt,staats,1
Humboldt,stabeisens,1
Humboldt,staff,1
Humboldt,staffordshire,1
Humboldt,stag,1
Humboldt,stalactiitic,1
Humboldt,stamens,1
Humboldt,stamped,1
Humboldt,stare,1
Humboldt,startling,1
Humboldt,stat,1
Humboldt,stating,1
Humboldt,stationary,1
Humboldt,statist,1
Humboldt,statuary,1
Humboldt,statum,1
Humboldt,stay,1
Humboldt,steben,1
Humboldt,steeply,1
Humboldt,steepness,1
Humboldt,stella,1
Humboldt,stellaire,1
Humboldt,stellarum,1
Humboldt,stellata,1
Humboldt,stench,1
Humboldt,steph,1
Humboldt,sterling,1
Humboldt,sterlitamak,1
Humboldt,sternkunde,1
Humboldt,sternsch,1
Humboldt,sternschnuppe,1
Humboldt,sternschnuppen,1
Humboldt,stigma,1
Humboldt,stigning,1
Humboldt,stimulated,1
Humboldt,stimulo,1
Humboldt,stirpes,1
Humboldt,stirpibus,1
Humboldt,stirred,1
Humboldt,stjernifall,1
Humboldt,stockh,1
Humboldt,stockholm,1
Humboldt,stonesfield,1
Humboldt,storia,1
Humboldt,storungen,1
Humboldt,stppes,1
Humboldt,strabl,1
Humboldt,strait,1
Humboldt,stranger,1
Humboldt,stras,1
Humboldt,strawberry,1
Humboldt,strbo,1
Humboldt,streaks,1
Humboldt,streaming,1
Humboldt,strengthening,1
Humboldt,stringent,1
Humboldt,striven,1
Humboldt,strom,1
Humboldt,stromness,1
Humboldt,stronger,1
Humboldt,strontian,1
Humboldt,strtification,1
Humboldt,struggling,1
Humboldt,struktur,1
Humboldt,struthiouidae,1
Humboldt,studer,1
Humboldt,studied,1
Humboldt,stunted,1
Humboldt,stupendus,1
Humboldt,sturme,1
Humboldt,sua,1
Humboldt,subdivides,1
Humboldt,subdued,1
Humboldt,subjacent,1
Humboldt,subjecta,1
Humboldt,subjecting,1
Humboldt,subjection,1
Humboldt,subjerged,1
Humboldt,subjinistrandis,1
Humboldt,subjoins,1
Humboldt,sublunary,1
Humboldt,submariine,1
Humboldt,submersae,1
Humboldt,subordination,1
Humboldt,subscribe,1
Humboldt,subservient,1
Humboldt,subsqueous,1
Humboldt,substituted,1
Humboldt,substitutes,1
Humboldt,substrata,1
Humboldt,subtending,1
Humboldt,subterraneos,1
Humboldt,subtracto,1
Humboldt,succier,1
Humboldt,succinum,1
Humboldt,succumbing,1
Humboldt,suction,1
Humboldt,sudliche,1
Humboldt,sudo,1
Humboldt,suf,1
Humboldt,suffer,1
Humboldt,sufficed,1
Humboldt,sufficiunt,1
Humboldt,suffocated,1
Humboldt,sugar,1
Humboldt,suggests,1
Humboldt,suisse,1
Humboldt,suit,1
Humboldt,sulfurea,1
Humboldt,sulfuris,1
Humboldt,sulla,1
Humboldt,sulphate,1
Humboldt,sulphates,1
Humboldt,sum,1
Humboldt,sumptus,1
Humboldt,sunny,1
Humboldt,sunrise,1
Humboldt,suo,1
Humboldt,suoque,1
Humboldt,superabundance,1
Humboldt,superficiem,1
Humboldt,superficies,1
Humboldt,superintendence,1
Humboldt,superiore,1
Humboldt,superstition,1
Humboldt,superstitions,1
Humboldt,supplanted,1
Humboldt,supplement,1
Humboldt,supplied,1
Humboldt,supplying,1
Humboldt,suppressed,1
Humboldt,surely,1
Humboldt,surer,1
Humboldt,surles,1
Humboldt,surmised,1
Humboldt,surpass,1
Humboldt,surprising,1
Humboldt,surroounded,1
Humboldt,surveying,1
Humboldt,surveyor,1
Humboldt,suspected,1
Humboldt,suspensa,1
Humboldt,sustinendam,1
Humboldt,sutledge,1
Humboldt,sutures,1
Humboldt,suus,1
Humboldt,swallowed,1
Humboldt,swamp,1
Humboldt,swan,1
Humboldt,swarming,1
Humboldt,sway,1
Humboldt,swelled,1
Humboldt,swept,1
Humboldt,swertia,1
Humboldt,swim,1
Humboldt,swine,1
Humboldt,switzerland,1
Humboldt,swjet,1
Humboldt,sydera,1
Humboldt,syderum,1
Humboldt,sylvan,1
Humboldt,symbolical,1
Humboldt,symbolically,1
Humboldt,symbolism,1
Humboldt,symbolizing,1
Humboldt,symmes,1
Humboldt,symmetrical,1
Humboldt,symmetrically,1
Humboldt,sympathy,1
Humboldt,synonymic,1
Humboldt,synopsis,1
Humboldt,syracuse,1
Humboldt,systematically,1
Humboldt,système,1
Humboldt,szlanicz,1
Humboldt,szlaniczer,1
Humboldt,szu,1
Humboldt,säm,1
Humboldt,série,1
Humboldt,tableland,1
Humboldt,tabor,1
Humboldt,tacunga,1
Humboldt,taf,1
Humboldt,tafeln,1
Humboldt,taihun,1
Humboldt,talc,1
Humboldt,talcose,1
Humboldt,tale,1
Humboldt,talent,1
Humboldt,talented,1
Humboldt,taman,1
Humboldt,tamen,1
Humboldt,tan,1
Humboldt,tangno,1
Humboldt,tanquam,1
Humboldt,tanta,1
Humboldt,tanto,1
Humboldt,tantos,1
Humboldt,tantum,1
Humboldt,tantus,1
Humboldt,tapirs,1
Humboldt,taraxacum,1
Humboldt,tardigrade,1
Humboldt,tardigrades,1
Humboldt,tardiness,1
Humboldt,tardy,1
Humboldt,tartaric,1
Humboldt,tartars,1
Humboldt,tartary,1
Humboldt,taschenbuch,1
Humboldt,tatarorum,1
Humboldt,tau,1
Humboldt,taurus,1
Humboldt,taxes,1
Humboldt,tecta,1
Humboldt,tedious,1
Humboldt,teguiza,1
Humboldt,tellier,1
Humboldt,tells,1
Humboldt,tellure,1
Humboldt,tellurem,1
Humboldt,temerity,1
Humboldt,tempeerature,1
Humboldt,temperato,1
Humboldt,temperatur,1
Humboldt,temperatureof,1
Humboldt,temperaturverschiedenheit,1
Humboldt,temperie,1
Humboldt,temperies,1
Humboldt,tempests,1
Humboldt,tempore,1
Humboldt,temporum,1
Humboldt,tempriem,1
Humboldt,tenata,1
Humboldt,tending,1
Humboldt,teneant,1
Humboldt,tens,1
Humboldt,tense,1
Humboldt,tently,1
Humboldt,tenuissima,1
Humboldt,ter,1
Humboldt,terek,1
Humboldt,terminata,1
Humboldt,terminates,1
Humboldt,terminations,1
Humboldt,terraetractur,1
Humboldt,terre,1
Humboldt,terreni,1
Humboldt,terrestris,1
Humboldt,terrible,1
Humboldt,terrified,1
Humboldt,territories,1
Humboldt,terrz,1
Humboldt,terzago,1
Humboldt,testatur,1
Humboldt,tested,1
Humboldt,testify,1
Humboldt,testiimony,1
Humboldt,testing,1
Humboldt,testis,1
Humboldt,texts,1
Humboldt,tezcuco,1
Humboldt,thea,1
Humboldt,theater,1
Humboldt,theben,1
Humboldt,thebes,1
Humboldt,thecontemplation,1
Humboldt,thee,1
Humboldt,theenormous,1
Humboldt,theil,1
Humboldt,theils,1
Humboldt,thenardi,1
Humboldt,theogony,1
Humboldt,theol,1
Humboldt,theologians,1
Humboldt,theology,1
Humboldt,theophilus,1
Humboldt,theophrast,1
Humboldt,theor,1
Humboldt,thermalis,1
Humboldt,thermometri,1
Humboldt,thermometricis,1
Humboldt,thermopylae,1
Humboldt,thermoscope,1
Humboldt,theta,1
Humboldt,thgere,1
Humboldt,thi,1
Humboldt,thibaudia,1
Humboldt,thibeta,1
Humboldt,thichallin,1
Humboldt,thiere,1
Humboldt,thinkers,1
Humboldt,thirds,1
Humboldt,thirtieth,1
Humboldt,thish,1
Humboldt,thlaspi,1
Humboldt,thomasina,1
Humboldt,thoracatam,1
Humboldt,thouars,1
Humboldt,thrace,1
Humboldt,thracian,1
Humboldt,thraciæ,1
Humboldt,threaten,1
Humboldt,threatening,1
Humboldt,threefold,1
Humboldt,threw,1
Humboldt,throws,1
Humboldt,thu,1
Humboldt,thucyd,1
Humboldt,thuia,1
Humboldt,thundering,1
Humboldt,thunders,1
Humboldt,thuringa,1
Humboldt,thuringens,1
Humboldt,thuringia,1
Humboldt,thuringian,1
Humboldt,thurmhofer,1
Humboldt,thy,1
Humboldt,thylacotherium,1
Humboldt,tiascala,1
Humboldt,tiberius,1
Humboldt,tibiae,1
Humboldt,tide,1
Humboldt,tiedemann,1
Humboldt,tiefen,1
Humboldt,tiger,1
Humboldt,tiime,1
Humboldt,tilgate,1
Humboldt,tilstand,1
Humboldt,tilted,1
Humboldt,timaeo,1
Humboldt,timber,1
Humboldt,timee,1
Humboldt,timof,1
Humboldt,timus,1
Humboldt,timæus,1
Humboldt,tin,1
Humboldt,tinge,1
Humboldt,tinged,1
Humboldt,tints,1
Humboldt,tion,1
Humboldt,tiscan,1
Humboldt,titanic,1
Humboldt,tlascala,1
Humboldt,tngential,1
Humboldt,todilegende,1
Humboldt,toil,1
Humboldt,tolerant,1
Humboldt,tolosa,1
Humboldt,toluca,1
Humboldt,tome,1
Humboldt,tomsk,1
Humboldt,tone,1
Humboldt,tonnerre,1
Humboldt,toonitruum,1
Humboldt,topazes,1
Humboldt,toplitz,1
Humboldt,topographical,1
Humboldt,topographie,1
Humboldt,torgodi,1
Humboldt,torm,1
Humboldt,tormenti,1
Humboldt,torrent,1
Humboldt,torti,1
Humboldt,toscani,1
Humboldt,tot,1
Humboldt,tota,1
Humboldt,totam,1
Humboldt,totas,1
Humboldt,totonilco,1
Humboldt,totus,1
Humboldt,touching,1
Humboldt,towering,1
Humboldt,towns,1
Humboldt,trachea,1
Humboldt,trachytes,1
Humboldt,tracking,1
Humboldt,tracks,1
Humboldt,tractans,1
Humboldt,tractu,1
Humboldt,tractur,1
Humboldt,tractæ,1
Humboldt,tradit,1
Humboldt,tragedy,1
Humboldt,tragic,1
Humboldt,tragodien,1
Humboldt,trahunt,1
Humboldt,trailing,1
Humboldt,trained,1
Humboldt,trainée,1
Humboldt,trait,1
Humboldt,traitéphys,1
Humboldt,trajan,1
Humboldt,trajecisse,1
Humboldt,trajicere,1
Humboldt,trammels,1
Humboldt,tranquillo,1
Humboldt,transaci,1
Humboldt,transcribe,1
Humboldt,transcription,1
Humboldt,transformatiion,1
Humboldt,transient,1
Humboldt,transiently,1
Humboldt,transire,1
Humboldt,transistory,1
Humboldt,transit,1
Humboldt,transitorily,1
Humboldt,translations,1
Humboldt,translators,1
Humboldt,translucent,1
Humboldt,transparancy,1
Humboldt,transparence,1
Humboldt,transplantation,1
Humboldt,transport,1
Humboldt,transportation,1
Humboldt,transposition,1
Humboldt,transversely,1
Humboldt,travailing,1
Humboldt,travaux,1
Humboldt,travertino,1
Humboldt,treading,1
Humboldt,treaties,1
Humboldt,trelod,1
Humboldt,tremble,1
Humboldt,tremblings,1
Humboldt,tremendous,1
Humboldt,tremendously,1
Humboldt,trevelyan,1
Humboldt,treviranus,1
Humboldt,tributaries,1
Humboldt,tricheras,1
Humboldt,tridactyl,1
Humboldt,trigonia,1
Humboldt,trigonometriques,1
Humboldt,trigonomietrical,1
Humboldt,tripoli,1
Humboldt,trium,1
Humboldt,trms,1
Humboldt,trod,1
Humboldt,tromsoe,1
Humboldt,troyer,1
Humboldt,truncated,1
Humboldt,trusted,1
Humboldt,tscheu,1
Humboldt,tschukotsehja,1
Humboldt,tseu,1
Humboldt,tsheu,1
Humboldt,tsings,1
Humboldt,tsou,1
Humboldt,ttenwesen,1
Humboldt,tuae,1
Humboldt,tude,1
Humboldt,tuff,1
Humboldt,tuft,1
Humboldt,tufts,1
Humboldt,tukiu,1
Humboldt,tulipa,1
Humboldt,tumulus,1
Humboldt,turan,1
Humboldt,turanian,1
Humboldt,turbaco,1
Humboldt,turfan,1
Humboldt,turin,1
Humboldt,turuchansk,1
Humboldt,tutissimum,1
Humboldt,twelfth,1
Humboldt,twentieth,1
Humboldt,twilights,1
Humboldt,twisted,1
Humboldt,tyhink,1
Humboldt,typhus,1
Humboldt,tyroler,1
Humboldt,tyrrhenian,1
Humboldt,tyrtæs,1
Humboldt,ualan,1
Humboldt,uaually,1
Humboldt,uebereinstimmung,1
Humboldt,uebergangagebirges,1
Humboldt,uebergangsgebirge,1
Humboldt,uepheline,1
Humboldt,ulla,1
Humboldt,ulterior,1
Humboldt,ultra,1
Humboldt,umbellatae,1
Humboldt,umbelliferous,1
Humboldt,umbilicariae,1
Humboldt,umn,1
Humboldt,unaccustomed,1
Humboldt,unacted,1
Humboldt,unagglomerated,1
Humboldt,unam,1
Humboldt,unanswerable,1
Humboldt,unanswered,1
Humboldt,unappreciable,1
Humboldt,uncalculated,1
Humboldt,unchain,1
Humboldt,unchangeable,1
Humboldt,unchanging,1
Humboldt,unchecked,1
Humboldt,unciarum,1
Humboldt,unclosed,1
Humboldt,uncontroversial,1
Humboldt,undantis,1
Humboldt,undecim,1
Humboldt,undeniably,1
Humboldt,underjordiske,1
Humboldt,undertain,1
Humboldt,undertermined,1
Humboldt,undesignedly,1
Humboldt,undestroyed,1
Humboldt,undigested,1
Humboldt,undiminished,1
Humboldt,undis,1
Humboldt,undiscovered,1
Humboldt,undue,1
Humboldt,undulating,1
Humboldt,undulation,1
Humboldt,undulatory,1
Humboldt,undying,1
Humboldt,une,1
Humboldt,unedited,1
Humboldt,unenforceability,1
Humboldt,uneven,1
Humboldt,unexplained,1
Humboldt,unexplored,1
Humboldt,unfavorable,1
Humboldt,unfettered,1
Humboldt,unfilled,1
Humboldt,unflickering,1
Humboldt,unfolds,1
Humboldt,unfruitful,1
Humboldt,ungarn,1
Humboldt,ungracefully,1
Humboldt,ungratefully,1
Humboldt,unhealthy,1
Humboldt,unimpaired,1
Humboldt,uninfluenced,1
Humboldt,unison,1
Humboldt,uniuscujusque,1
Humboldt,univ,1
Humboldt,univer,1
Humboldt,universorum,1
Humboldt,unlink,1
Humboldt,unmeasured,1
Humboldt,unmindful,1
Humboldt,unmixed,1
Humboldt,unmoved,1
Humboldt,unnumbered,1
Humboldt,uno,1
Humboldt,unorganized,1
Humboldt,unprotected,1
Humboldt,unproved,1
Humboldt,unpublished,1
Humboldt,unquestionably,1
Humboldt,unquestioning,1
Humboldt,unquiet,1
Humboldt,unreadable,1
Humboldt,unregarded,1
Humboldt,unremitting,1
Humboldt,unrestrained,1
Humboldt,unripeness,1
Humboldt,unrivaled,1
Humboldt,unrolling,1
Humboldt,unseres,1
Humboldt,unskillfulness,1
Humboldt,unsolicited,1
Humboldt,unsoundness,1
Humboldt,unsuccessful,1
Humboldt,unsuccessfully,1
Humboldt,unsupported,1
Humboldt,unsystematic,1
Humboldt,untenable,1
Humboldt,unterhalt,1
Humboldt,untersuchung,1
Humboldt,untersucungen,1
Humboldt,untried,1
Humboldt,unvail,1
Humboldt,upborne,1
Humboldt,upheave,1
Humboldt,upholding,1
Humboldt,uralite,1
Humboldt,uralitic,1
Humboldt,uranography,1
Humboldt,uranological,1
Humboldt,uranos,1
Humboldt,urens,1
Humboldt,urgentibus,1
Humboldt,urging,1
Humboldt,ursa,1
Humboldt,ursachen,1
Humboldt,ursprung,1
Humboldt,urtheilen,1
Humboldt,urumtsi,1
Humboldt,urval,1
Humboldt,urville,1
Humboldt,usa,1
Humboldt,usage,1
Humboldt,usbek,1
Humboldt,usnea,1
Humboldt,uso,1
Humboldt,ust,1
Humboldt,ustinish,1
Humboldt,ustkamenogorsk,1
Humboldt,usualy,1
Humboldt,utar,1
Humboldt,utentia,1
Humboldt,utero,1
Humboldt,utinam,1
Humboldt,utmost,1
Humboldt,utrorumque,1
Humboldt,utrque,1
Humboldt,utter,1
Humboldt,vacillating,1
Humboldt,vacuum,1
Humboldt,vaedjo,1
Humboldt,vaguely,1
Humboldt,valckenaer,1
Humboldt,valdiva,1
Humboldt,valencia,1
Humboldt,valenciana,1
Humboldt,valerius,1
Humboldt,validity,1
Humboldt,valles,1
Humboldt,valls,1
Humboldt,valparaiso,1
Humboldt,valued,1
Humboldt,vanished,1
Humboldt,vaporum,1
Humboldt,var,1
Humboldt,variarum,1
Humboldt,variatio,1
Humboldt,varii,1
Humboldt,vases,1
Humboldt,vasiva,1
Humboldt,vastness,1
Humboldt,vastus,1
Humboldt,vaults,1
Humboldt,vcl,1
Humboldt,vegetabilia,1
Humboldt,vegetative,1
Humboldt,vegtation,1
Humboldt,vehemence,1
Humboldt,vehit,1
Humboldt,vein,1
Humboldt,veined,1
Humboldt,velati,1
Humboldt,velimus,1
Humboldt,veluti,1
Humboldt,vemae,1
Humboldt,venae,1
Humboldt,vendée,1
Humboldt,venet,1
Humboldt,venetz,1
Humboldt,venia,1
Humboldt,venit,1
Humboldt,venta,1
Humboldt,venti,1
Humboldt,ventis,1
Humboldt,vento,1
Humboldt,venturesome,1
Humboldt,venturing,1
Humboldt,venusta,1
Humboldt,verb,1
Humboldt,verbo,1
Humboldt,verceins,1
Humboldt,verde,1
Humboldt,verdure,1
Humboldt,verfalls,1
Humboldt,vergleichung,1
Humboldt,verification,1
Humboldt,verified,1
Humboldt,verkreuzung,1
Humboldt,vernal,1
Humboldt,versantur,1
Humboldt,verschielen,1
Humboldt,verse,1
Humboldt,verses,1
Humboldt,version,1
Humboldt,versuche,1
Humboldt,vertebrated,1
Humboldt,veränderung,1
Humboldt,verè,1
Humboldt,vesca,1
Humboldt,vesicle,1
Humboldt,vespucci,1
Humboldt,vestige,1
Humboldt,vestitam,1
Humboldt,vesuvio,1
Humboldt,vetenskaps,1
Humboldt,veteres,1
Humboldt,veust,1
Humboldt,vexatae,1
Humboldt,viage,1
Humboldt,viages,1
Humboldt,viam,1
Humboldt,vibrat,1
Humboldt,vibrated,1
Humboldt,vibratory,1
Humboldt,vibrio,1
Humboldt,vicibus,1
Humboldt,vicina,1
Humboldt,vicini,1
Humboldt,vicious,1
Humboldt,vicissitude,1
Humboldt,victory,1
Humboldt,vida,1
Humboldt,videatur,1
Humboldt,videtur,1
Humboldt,vie,1
Humboldt,vierteljahrs,1
Humboldt,vieux,1
Humboldt,viewing,1
Humboldt,vigil,1
Humboldt,vigor,1
Humboldt,vigorous,1
Humboldt,villa,1
Humboldt,villiers,1
Humboldt,vincent,1
Humboldt,vinci,1
Humboldt,vincula,1
Humboldt,vindhya,1
Humboldt,vines,1
Humboldt,vintage,1
Humboldt,violates,1
Humboldt,virg,1
Humboldt,virgil,1
Humboldt,virginum,1
Humboldt,virgo,1
Humboldt,virlet,1
Humboldt,virque,1
Humboldt,virus,1
Humboldt,viscid,1
Humboldt,viscida,1
Humboldt,visionary,1
Humboldt,visual,1
Humboldt,visæ,1
Humboldt,vitam,1
Humboldt,vitell,1
Humboldt,vitem,1
Humboldt,viti,1
Humboldt,vitiatum,1
Humboldt,vitreous,1
Humboldt,vitrified,1
Humboldt,vitur,1
Humboldt,vitæ,1
Humboldt,vivam,1
Humboldt,vividness,1
Humboldt,vivunt,1
Humboldt,vliessingen,1
Humboldt,vocabulo,1
Humboldt,vocale,1
Humboldt,vocamus,1
Humboldt,vocanic,1
Humboldt,vocanoes,1
Humboldt,vocant,1
Humboldt,voices,1
Humboldt,void,1
Humboldt,volatile,1
Humboldt,volatus,1
Humboldt,volcancitos,1
Humboldt,volcanos,1
Humboldt,volcans,1
Humboldt,volga,1
Humboldt,volker,1
Humboldt,volkommne,1
Humboldt,volterra,1
Humboldt,voltizia,1
Humboldt,voluntary,1
Humboldt,volunteer,1
Humboldt,volutatio,1
Humboldt,vomiting,1
Humboldt,vorticellae,1
Humboldt,vortragen,1
Humboldt,vorträgen,1
Humboldt,vosges,1
Humboldt,voss,1
Humboldt,vouchsafed,1
Humboldt,voy,1
Humboldt,vromolimni,1
Humboldt,vrsuche,1
Humboldt,vulcan,1
Humboldt,vulcane,1
Humboldt,vulgar,1
Humboldt,vulkane,1
Humboldt,vulkanischen,1
Humboldt,vulken,1
Humboldt,vulpis,1
Humboldt,vulture,1
Humboldt,vultus,1
Humboldt,wachsthum,1
Humboldt,wacke,1
Humboldt,wagon,1
Humboldt,wagons,1
Humboldt,waingongoro,1
Humboldt,waits,1
Humboldt,walbeck,1
Humboldt,waldseemuller,1
Humboldt,walker,1
Humboldt,walks,1
Humboldt,walled,1
Humboldt,wallich,1
Humboldt,wanderers,1
Humboldt,wanes,1
Humboldt,wanganui,1
Humboldt,warmelchere,1
Humboldt,warmelchre,1
Humboldt,warmth,1
Humboldt,warning,1
Humboldt,warrant,1
Humboldt,washed,1
Humboldt,washing,1
Humboldt,washington,1
Humboldt,wastes,1
Humboldt,watch,1
Humboldt,watchung,1
Humboldt,waterfalls,1
Humboldt,waterl,1
Humboldt,wathen,1
Humboldt,watson,1
Humboldt,watt,1
Humboldt,wavering,1
Humboldt,weakens,1
Humboldt,weakness,1
Humboldt,weald,1
Humboldt,wealthy,1
Humboldt,wearied,1
Humboldt,wearying,1
Humboldt,weave,1
Humboldt,weaves,1
Humboldt,wedge,1
Humboldt,wehr,1
Humboldt,weigh,1
Humboldt,weighing,1
Humboldt,weighs,1
Humboldt,weights,1
Humboldt,weinbohla,1
Humboldt,weiss,1
Humboldt,weithmül,1
Humboldt,weitmil,1
Humboldt,welche,1
Humboldt,welfare,1
Humboldt,wellington,1
Humboldt,welt,1
Humboldt,weralt,1
Humboldt,werchojansk,1
Humboldt,werden,1
Humboldt,wernerus,1
Humboldt,werpeja,1
Humboldt,werra,1
Humboldt,wersts,1
Humboldt,weruld,1
Humboldt,wewst,1
Humboldt,weymouth,1
Humboldt,whale,1
Humboldt,whci,1
Humboldt,wheat,1
Humboldt,wheel,1
Humboldt,whetstone,1
Humboldt,whewell,1
Humboldt,whien,1
Humboldt,whirling,1
Humboldt,whispered,1
Humboldt,whithersoever,1
Humboldt,whorl,1
Humboldt,whther,1
Humboldt,widened,1
Humboldt,widespread,1
Humboldt,wied,1
Humboldt,wilh,1
Humboldt,wilken,1
Humboldt,willows,1
Humboldt,wilson,1
Humboldt,win,1
Humboldt,window,1
Humboldt,wings,1
Humboldt,wisdom,1
Humboldt,wise,1
Humboldt,wissenbach,1
Humboldt,wissenschaft,1
Humboldt,wissenschaften,1
Humboldt,witham,1
Humboldt,withdraw,1
Humboldt,withdrawn,1
Humboldt,witten,1
Humboldt,witterungsverhältnisse,1
Humboldt,wittiest,1
Humboldt,wolleston,1
Humboldt,woman,1
Humboldt,wooded,1
Humboldt,woolly,1
Humboldt,workmen,1
Humboldt,worm,1
Humboldt,worms,1
Humboldt,worold,1
Humboldt,worterbuch,1
Humboldt,worth,1
Humboldt,wostotschnoi,1
Humboldt,wouth,1
Humboldt,wrangle,1
Humboldt,wreath,1
Humboldt,wrested,1
Humboldt,wrong,1
Humboldt,wurmelehre,1
Humboldt,wörterbuche,1
Humboldt,xliv,1
Humboldt,xlv,1
Humboldt,xlvi,1
Humboldt,xlvii,1
Humboldt,xxx,1
Humboldt,xxxvviii,1
Humboldt,yale,1
Humboldt,yanar,1
Humboldt,yards,1
Humboldt,yepe,1
Humboldt,yeqar,1
Humboldt,yews,1
Humboldt,yseux,1
Humboldt,yucc,1
Humboldt,zaleucus,1
Humboldt,zamites,1
Humboldt,zealous,1
Humboldt,zealously,1
Humboldt,zechen,1
Humboldt,zechstone,1
Humboldt,zeckstein,1
Humboldt,zedler,1
Humboldt,zeitschrift,1
Humboldt,zemarchus,1
Humboldt,zembla,1
Humboldt,zend,1
Humboldt,ziblo,1
Humboldt,zigzag,1
Humboldt,zimmermannus,1
Humboldt,zirconium,1
Humboldt,zodiac,1
Humboldt,zodiaque,1
Humboldt,zodiscal,1
Humboldt,zoognosia,1
Humboldt,zoolog,1
Humboldt,zoologi,1
Humboldt,zoologica,1
Humboldt,zoologie,1
Humboldt,zoolopgica,1
Humboldt,zoophytes,1
Humboldt,zoyapanco,1
Humboldt,zoyatitlan,1
Humboldt,zupia,1
Humboldt,zurich,1
Humboldt,zweiter,1
Humboldt,µeterologie,1
Humboldt,âteschîn,1
Humboldt,ädler,1
Humboldt,ælian,1
Humboldt,æschylus,1
Humboldt,ætheream,1
Humboldt,ætna,1
Humboldt,édit,1
Humboldt,éleste,1
Humboldt,πpi,1
Khaldun,aaron,1
Khaldun,aaronite,1
Khaldun,abide,1
Khaldun,abject,1
Khaldun,abolish,1
Khaldun,abolishing,1
Khaldun,abolition,1
Khaldun,abominable,1
Khaldun,abomination,1
Khaldun,abound,1
Khaldun,abridge,1
Khaldun,abroad,1
Khaldun,abrogating,1
Khaldun,abscond,1
Khaldun,absolved,1
Khaldun,absorbed,1
Khaldun,abstained,1
Khaldun,abstention,1
Khaldun,abused,1
Khaldun,abuses,1
Khaldun,abysinians,1
Khaldun,accessibility,1
Khaldun,accidentally,1
Khaldun,acco,1
Khaldun,accomplishes,1
Khaldun,accomplishing,1
Khaldun,accomplishment,1
Khaldun,accords,1
Khaldun,accountable,1
Khaldun,accountants,1
Khaldun,accrued,1
Khaldun,accrues,1
Khaldun,accumulations,1
Khaldun,accuracy,1
Khaldun,accuse,1
Khaldun,accused,1
Khaldun,accustom,1
Khaldun,achaemenids,1
Khaldun,ache,1
Khaldun,acknowledges,1
Khaldun,acknowledging,1
Khaldun,acquainting,1
Khaldun,acquisitions,1
Khaldun,addiction,1
Khaldun,addressing,1
Khaldun,adequately,1
Khaldun,adhere,1
Khaldun,adhered,1
Khaldun,adhering,1
Khaldun,adhwâ,1
Khaldun,adjective,1
Khaldun,adjoins,1
Khaldun,adjudge,1
Khaldun,adjusted,1
Khaldun,adjusting,1
Khaldun,adjustment,1
Khaldun,administering,1
Khaldun,administrate,1
Khaldun,admirable,1
Khaldun,admirals,1
Khaldun,admiration,1
Khaldun,admired,1
Khaldun,admiring,1
Khaldun,admitted,1
Khaldun,admonitions,1
Khaldun,adobe,1
Khaldun,adoration,1
Khaldun,adorn,1
Khaldun,adorned,1
Khaldun,adulterated,1
Khaldun,adults,1
Khaldun,adversary,1
Khaldun,adverse,1
Khaldun,advisers,1
Khaldun,aegean,1
Khaldun,affair,1
Khaldun,affectation,1
Khaldun,affinity,1
Khaldun,affirm,1
Khaldun,affirmatively,1
Khaldun,affix,1
Khaldun,affixing,1
Khaldun,affliction,1
Khaldun,affluent,1
Khaldun,afforded,1
Khaldun,affân,1
Khaldun,afield,1
Khaldun,africa,1
Khaldun,agency,1
Khaldun,ages,1
Khaldun,aggrandized,1
Khaldun,aggressor,1
Khaldun,aghânî,1
Khaldun,agreements,1
Khaldun,ahwâz,1
Khaldun,aids,1
Khaldun,aila,1
Khaldun,aim,1
Khaldun,alans,1
Khaldun,alarm,1
Khaldun,alarming,1
Khaldun,alcalá,1
Khaldun,alchemical,1
Khaldun,alertness,1
Khaldun,algebraic,1
Khaldun,algebraists,1
Khaldun,algeciras,1
Khaldun,ali,1
Khaldun,alienates,1
Khaldun,alight,1
Khaldun,aligned,1
Khaldun,alkaloid,1
Khaldun,alkaloids,1
Khaldun,allah,1
Khaldun,allegedly,1
Khaldun,allegorical,1
Khaldun,alliance,1
Khaldun,allowance,1
Khaldun,allusions,1
Khaldun,ally,1
Khaldun,almagest,1
Khaldun,almería,1
Khaldun,almiland,1
Khaldun,aloof,1
Khaldun,alphabetical,1
Khaldun,alter,1
Khaldun,alteration,1
Khaldun,altercation,1
Khaldun,alternately,1
Khaldun,alternation,1
Khaldun,amalgamating,1
Khaldun,amass,1
Khaldun,ambassador,1
Khaldun,amber,1
Khaldun,ambiguities,1
Khaldun,ambitions,1
Khaldun,amenable,1
Khaldun,amenities,1
Khaldun,amminadab,1
Khaldun,ammonites,1
Khaldun,amorium,1
Khaldun,amounting,1
Khaldun,amply,1
Khaldun,amputating,1
Khaldun,amram,1
Khaldun,amuse,1
Khaldun,amîd,1
Khaldun,amîr,1
Khaldun,amîrs,1
Khaldun,anak,1
Khaldun,analogies,1
Khaldun,analogous,1
Khaldun,analytic,1
Khaldun,analytics,1
Khaldun,anas,1
Khaldun,anatomical,1
Khaldun,ancestor,1
Khaldun,anchoring,1
Khaldun,angelo,1
Khaldun,angry,1
Khaldun,animosity,1
Khaldun,annex,1
Khaldun,announces,1
Khaldun,annoyed,1
Khaldun,anoints,1
Khaldun,anonymous,1
Khaldun,answering,1
Khaldun,answers,1
Khaldun,antagonism,1
Khaldun,antagonizing,1
Khaldun,antecedent,1
Khaldun,anticipated,1
Khaldun,anticipating,1
Khaldun,antiquarian,1
Khaldun,antiquities,1
Khaldun,ants,1
Khaldun,anxiety,1
Khaldun,apathetic,1
Khaldun,aphrodisias,1
Khaldun,apocalypse,1
Khaldun,apogee,1
Khaldun,apollonius,1
Khaldun,apostasy,1
Khaldun,apostates,1
Khaldun,apostatized,1
Khaldun,apparitions,1
Khaldun,appearing,1
Khaldun,applicability,1
Khaldun,applying,1
Khaldun,apportioning,1
Khaldun,appreciation,1
Khaldun,apprehensive,1
Khaldun,aquileia,1
Khaldun,aqîq,1
Khaldun,arabicized,1
Khaldun,aral,1
Khaldun,aramaic,1
Khaldun,arbitrate,1
Khaldun,arbitrating,1
Khaldun,arc,1
Khaldun,architect,1
Khaldun,argumen,1
Khaldun,arid,1
Khaldun,arites,1
Khaldun,arius,1
Khaldun,arkân,1
Khaldun,armaments,1
Khaldun,armour,1
Khaldun,arms,1
Khaldun,aromatic,1
Khaldun,arouses,1
Khaldun,arousing,1
Khaldun,arranging,1
Khaldun,arrested,1
Khaldun,arrival,1
Khaldun,arrived,1
Khaldun,arrow,1
Khaldun,arson,1
Khaldun,artcmidorus,1
Khaldun,arî,1
Khaldun,arîsh,1
Khaldun,asad,1
Khaldun,ascalon,1
Khaldun,ascend,1
Khaldun,ascendant,1
Khaldun,ascendants,1
Khaldun,ascension,1
Khaldun,ascent,1
Khaldun,ascribes,1
Khaldun,asharah,1
Khaldun,ashrî,1
Khaldun,aspirant,1
Khaldun,assassination,1
Khaldun,assassins,1
Khaldun,assault,1
Khaldun,assaults,1
Khaldun,assayer,1
Khaldun,assemble,1
Khaldun,asserting,1
Khaldun,assertion,1
Khaldun,assess,1
Khaldun,assessed,1
Khaldun,assessing,1
Khaldun,assessment,1
Khaldun,asset,1
Khaldun,assets,1
Khaldun,assiduous,1
Khaldun,assign,1
Khaldun,assigned,1
Khaldun,assigning,1
Khaldun,assignment,1
Khaldun,assigns,1
Khaldun,assimilates,1
Khaldun,assimilation,1
Khaldun,assistant,1
Khaldun,assure,1
Khaldun,astringent,1
Khaldun,astrolabe,1
Khaldun,astrolabes,1
Khaldun,astronomic,1
Khaldun,asylum,1
Khaldun,ath,1
Khaldun,atmospheric,1
Khaldun,atoms,1
Khaldun,attacker,1
Khaldun,attendant,1
Khaldun,attending,1
Khaldun,attentiveness,1
Khaldun,attitudes,1
Khaldun,attorneys,1
Khaldun,attract,1
Khaldun,attracting,1
Khaldun,attribution,1
Khaldun,audience,1
Khaldun,audited,1
Khaldun,audits,1
Khaldun,augment,1
Khaldun,auguries,1
Khaldun,auspicious,1
Khaldun,austere,1
Khaldun,automatic,1
Khaldun,automatically,1
Khaldun,avempace,1
Khaldun,avenzoar,1
Khaldun,aversion,1
Khaldun,avert,1
Khaldun,avowed,1
Khaldun,await,1
Khaldun,awaited,1
Khaldun,awaits,1
Khaldun,awakened,1
Khaldun,awakes,1
Khaldun,awed,1
Khaldun,awf,1
Khaldun,awiyah,1
Khaldun,awkward,1
Khaldun,aws,1
Khaldun,awâṣim,1
Khaldun,aydhâb,1
Khaldun,ayyad,1
Khaldun,ayyûb,1
Khaldun,azîz,1
Khaldun,aḥbâr,1
Khaldun,aṣamm,1
Khaldun,babylon,1
Khaldun,babylonians,1
Khaldun,backbiting,1
Khaldun,badi,1
Khaldun,badly,1
Khaldun,bahrain,1
Khaldun,baker,1
Khaldun,baking,1
Khaldun,balancing,1
Khaldun,balustrades,1
Khaldun,balâghah,1
Khaldun,banded,1
Khaldun,bankrupts,1
Khaldun,banned,1
Khaldun,banquet,1
Khaldun,bar,1
Khaldun,barbarah,1
Khaldun,bares,1
Khaldun,bargain,1
Khaldun,barking,1
Khaldun,barqah,1
Khaldun,barren,1
Khaldun,barricade,1
Khaldun,bars,1
Khaldun,basically,1
Khaldun,battleground,1
Khaldun,baṭḥâ,1
Khaldun,beans,1
Khaldun,bearer,1
Khaldun,beatings,1
Khaldun,beauties,1
Khaldun,beautifully,1
Khaldun,beef,1
Khaldun,beetles,1
Khaldun,befallen,1
Khaldun,befit,1
Khaldun,beg,1
Khaldun,begets,1
Khaldun,begged,1
Khaldun,begging,1
Khaldun,beginners,1
Khaldun,behaving,1
Khaldun,beheld,1
Khaldun,believer,1
Khaldun,believing,1
Khaldun,bell,1
Khaldun,belly,1
Khaldun,belts,1
Khaldun,benches,1
Khaldun,benefactions,1
Khaldun,benefactor,1
Khaldun,beneficence,1
Khaldun,beneficent,1
Khaldun,benjamin,1
Khaldun,bent,1
Khaldun,berbera,1
Khaldun,besieged,1
Khaldun,bestowal,1
Khaldun,bestowing,1
Khaldun,bestows,1
Khaldun,bidding,1
Khaldun,biggest,1
Khaldun,bigness,1
Khaldun,biographical,1
Khaldun,bis,1
Khaldun,bit,1
Khaldun,bite,1
Khaldun,bithynia,1
Khaldun,bitter,1
Khaldun,bitterly,1
Khaldun,blacken,1
Khaldun,blacksmith,1
Khaldun,blacksmiths,1
Khaldun,blanched,1
Khaldun,blend,1
Khaldun,blessed,1
Khaldun,blethering,1
Khaldun,blindly,1
Khaldun,blindness,1
Khaldun,blocks,1
Khaldun,blond,1
Khaldun,blows,1
Khaldun,blue,1
Khaldun,blunt,1
Khaldun,blunted,1
Khaldun,blunts,1
Khaldun,board,1
Khaldun,boards,1
Khaldun,boat,1
Khaldun,boaz,1
Khaldun,boldness,1
Khaldun,bolster,1
Khaldun,boom,1
Khaldun,boon,1
Khaldun,boots,1
Khaldun,bordering,1
Khaldun,boring,1
Khaldun,bottom,1
Khaldun,bought,1
Khaldun,boundaries,1
Khaldun,bounds,1
Khaldun,bountiful,1
Khaldun,bounty,1
Khaldun,bowls,1
Khaldun,bows,1
Khaldun,boxes,1
Khaldun,brackish,1
Khaldun,bragged,1
Khaldun,brains,1
Khaldun,bran,1
Khaldun,branching,1
Khaldun,brands,1
Khaldun,braved,1
Khaldun,braver,1
Khaldun,breach,1
Khaldun,breadcrumbs,1
Khaldun,breakfast,1
Khaldun,breath,1
Khaldun,breathe,1
Khaldun,breathing,1
Khaldun,brethren,1
Khaldun,bricks,1
Khaldun,bridles,1
Khaldun,briefer,1
Khaldun,briefest,1
Khaldun,brusque,1
Khaldun,brute,1
Khaldun,buffer,1
Khaldun,buffoons,1
Khaldun,builds,1
Khaldun,bukhârâ,1
Khaldun,bukhârî,1
Khaldun,bulgar,1
Khaldun,bundle,1
Khaldun,burhân,1
Khaldun,burn,1
Khaldun,burned,1
Khaldun,burnt,1
Khaldun,businesses,1
Khaldun,businessmen,1
Khaldun,butcher,1
Khaldun,butt,1
Khaldun,buttocks,1
Khaldun,buyer,1
Khaldun,buzurjmihr,1
Khaldun,bâdis,1
Khaldun,bâqillânî,1
Khaldun,bûyids,1
Khaldun,cadenced,1
Khaldun,cadiz,1
Khaldun,calamities,1
Khaldun,calamity,1
Khaldun,calcification,1
Khaldun,calculated,1
Khaldun,calculating,1
Khaldun,caleb,1
Khaldun,calefaction,1
Khaldun,calumny,1
Khaldun,camphor,1
Khaldun,canals,1
Khaldun,cancelled,1
Khaldun,candidates,1
Khaldun,candles,1
Khaldun,canopies,1
Khaldun,captain,1
Khaldun,captives,1
Khaldun,caravan,1
Khaldun,carefree,1
Khaldun,carelessness,1
Khaldun,caretakers,1
Khaldun,carries,1
Khaldun,carrot,1
Khaldun,carvings,1
Khaldun,casts,1
Khaldun,cat,1
Khaldun,catches,1
Khaldun,catching,1
Khaldun,cats,1
Khaldun,caught,1
Khaldun,cauterization,1
Khaldun,caution,1
Khaldun,cavalcades,1
Khaldun,cavalry,1
Khaldun,ceases,1
Khaldun,cede,1
Khaldun,celebrity,1
Khaldun,cells,1
Khaldun,census,1
Khaldun,centrally,1
Khaldun,cerebral,1
Khaldun,ceremoniously,1
Khaldun,ceremony,1
Khaldun,ceylon,1
Khaldun,chaldean,1
Khaldun,champion,1
Khaldun,channels,1
Khaldun,characterizes,1
Khaldun,charitable,1
Khaldun,charlatanry,1
Khaldun,charms,1
Khaldun,chased,1
Khaldun,cheapest,1
Khaldun,cheapness,1
Khaldun,chick,1
Khaldun,chicken,1
Khaldun,chicks,1
Khaldun,chiefly,1
Khaldun,chill,1
Khaldun,choices,1
Khaldun,choicest,1
Khaldun,chores,1
Khaldun,christology,1
Khaldun,chronicles,1
Khaldun,church,1
Khaldun,circulating,1
Khaldun,circumambulated,1
Khaldun,circumference,1
Khaldun,citing,1
Khaldun,citrus,1
Khaldun,civil,1
Khaldun,civilizations,1
Khaldun,civilizing,1
Khaldun,claimants,1
Khaldun,clamour,1
Khaldun,claps,1
Khaldun,classics,1
Khaldun,classify,1
Khaldun,claws,1
Khaldun,cleaner,1
Khaldun,cleanliness,1
Khaldun,cleanse,1
Khaldun,cleanses,1
Khaldun,cleared,1
Khaldun,climatic,1
Khaldun,climax,1
Khaldun,climbs,1
Khaldun,clime,1
Khaldun,cling,1
Khaldun,clipping,1
Khaldun,closeness,1
Khaldun,clot,1
Khaldun,clothe,1
Khaldun,clues,1
Khaldun,coalesce,1
Khaldun,coarseness,1
Khaldun,coasts,1
Khaldun,cobbler,1
Khaldun,code,1
Khaldun,codified,1
Khaldun,cogent,1
Khaldun,cohabit,1
Khaldun,coherent,1
Khaldun,coining,1
Khaldun,coldness,1
Khaldun,colleague,1
Khaldun,collectively,1
Khaldun,collyria,1
Khaldun,colocynths,1
Khaldun,comb,1
Khaldun,comfortably,1
Khaldun,commentator,1
Khaldun,commenting,1
Khaldun,commingle,1
Khaldun,commingled,1
Khaldun,commits,1
Khaldun,committing,1
Khaldun,commodities,1
Khaldun,commoner,1
Khaldun,communicates,1
Khaldun,communications,1
Khaldun,companion,1
Khaldun,comparatively,1
Khaldun,compass,1
Khaldun,compels,1
Khaldun,compensated,1
Khaldun,compensating,1
Khaldun,competed,1
Khaldun,competitors,1
Khaldun,compilation,1
Khaldun,complaint,1
Khaldun,completion,1
Khaldun,complexion,1
Khaldun,complexions,1
Khaldun,complied,1
Khaldun,composing,1
Khaldun,comprehends,1
Khaldun,comprehension,1
Khaldun,comprehensiveness,1
Khaldun,compromise,1
Khaldun,compulsion,1
Khaldun,computing,1
Khaldun,comrade,1
Khaldun,con,1
Khaldun,concave,1
Khaldun,concealing,1
Khaldun,conceals,1
Khaldun,conceded,1
Khaldun,conceit,1
Khaldun,conceive,1
Khaldun,concentrations,1
Khaldun,concentric,1
Khaldun,concerted,1
Khaldun,concludes,1
Khaldun,concretely,1
Khaldun,condemned,1
Khaldun,condolence,1
Khaldun,cone,1
Khaldun,confer,1
Khaldun,confers,1
Khaldun,confess,1
Khaldun,confessions,1
Khaldun,confident,1
Khaldun,confidential,1
Khaldun,confides,1
Khaldun,configurations,1
Khaldun,confirms,1
Khaldun,confiscate,1
Khaldun,confiscated,1
Khaldun,conformable,1
Khaldun,confront,1
Khaldun,confronting,1
Khaldun,conglomerate,1
Khaldun,congregate,1
Khaldun,conjectural,1
Khaldun,connectedness,1
Khaldun,connotation,1
Khaldun,conquering,1
Khaldun,consent,1
Khaldun,consented,1
Khaldun,conservative,1
Khaldun,consistently,1
Khaldun,consolation,1
Khaldun,consonant,1
Khaldun,consorted,1
Khaldun,constellations,1
Khaldun,constitution,1
Khaldun,constrained,1
Khaldun,constraint,1
Khaldun,constricting,1
Khaldun,consultation,1
Khaldun,consume,1
Khaldun,consumed,1
Khaldun,consummated,1
Khaldun,consumption,1
Khaldun,contacts,1
Khaldun,container,1
Khaldun,contemptuous,1
Khaldun,contentment,1
Khaldun,contest,1
Khaldun,contiguous,1
Khaldun,continual,1
Khaldun,contraction,1
Khaldun,contradicting,1
Khaldun,contradictory,1
Khaldun,contrasts,1
Khaldun,contributed,1
Khaldun,contributing,1
Khaldun,contribution,1
Khaldun,contributory,1
Khaldun,contrivance,1
Khaldun,contrivances,1
Khaldun,contrives,1
Khaldun,controversy,1
Khaldun,convention,1
Khaldun,conventions,1
Khaldun,converges,1
Khaldun,conversely,1
Khaldun,conversing,1
Khaldun,convert,1
Khaldun,converts,1
Khaldun,convex,1
Khaldun,cooks,1
Khaldun,copious,1
Khaldun,coppersmith,1
Khaldun,coppersmiths,1
Khaldun,copyists,1
Khaldun,cords,1
Khaldun,corn,1
Khaldun,corner,1
Khaldun,corporeally,1
Khaldun,corpulent,1
Khaldun,correction,1
Khaldun,correlative,1
Khaldun,corroded,1
Khaldun,corrupts,1
Khaldun,costly,1
Khaldun,couch,1
Khaldun,couches,1
Khaldun,council,1
Khaldun,councillor,1
Khaldun,counter,1
Khaldun,counterpart,1
Khaldun,courts,1
Khaldun,courtyards,1
Khaldun,coverings,1
Khaldun,covet,1
Khaldun,cowardly,1
Khaldun,cowards,1
Khaldun,cows,1
Khaldun,crawls,1
Khaldun,crazy,1
Khaldun,creating,1
Khaldun,creature,1
Khaldun,credited,1
Khaldun,criminality,1
Khaldun,criminals,1
Khaldun,crisis,1
Khaldun,criterion,1
Khaldun,cropping,1
Khaldun,crossing,1
Khaldun,crossroads,1
Khaldun,crowding,1
Khaldun,crowned,1
Khaldun,cruelty,1
Khaldun,crumbs,1
Khaldun,crystallized,1
Khaldun,crystallizes,1
Khaldun,cubit,1
Khaldun,cucumbers,1
Khaldun,cuisine,1
Khaldun,culmination,1
Khaldun,cultivates,1
Khaldun,cultivator,1
Khaldun,cultivators,1
Khaldun,cultured,1
Khaldun,cumbersome,1
Khaldun,curbed,1
Khaldun,curiosity,1
Khaldun,currect,1
Khaldun,cursed,1
Khaldun,curtains,1
Khaldun,curved,1
Khaldun,cutting,1
Khaldun,cypresses,1
Khaldun,cyrus,1
Khaldun,daily,1
Khaldun,dais,1
Khaldun,daises,1
Khaldun,dangerously,1
Khaldun,daniel,1
Khaldun,dardâ,1
Khaldun,darius,1
Khaldun,dark,1
Khaldun,dates,1
Khaldun,daughters,1
Khaldun,dawn,1
Khaldun,dawâdâr,1
Khaldun,dawîdâr,1
Khaldun,deadly,1
Khaldun,deafness,1
Khaldun,debacle,1
Khaldun,debased,1
Khaldun,debilitates,1
Khaldun,debts,1
Khaldun,decades,1
Khaldun,decayed,1
Khaldun,deceitful,1
Khaldun,deceitfulness,1
Khaldun,deceive,1
Khaldun,deceived,1
Khaldun,deceiving,1
Khaldun,decency,1
Khaldun,decent,1
Khaldun,deceptive,1
Khaldun,decide,1
Khaldun,deciding,1
Khaldun,declined,1
Khaldun,decorate,1
Khaldun,decreasing,1
Khaldun,decreed,1
Khaldun,decrees,1
Khaldun,deducing,1
Khaldun,deduction,1
Khaldun,defaulters,1
Khaldun,defeatism,1
Khaldun,defeats,1
Khaldun,defection,1
Khaldun,defections,1
Khaldun,defendant,1
Khaldun,defender,1
Khaldun,defers,1
Khaldun,definitive,1
Khaldun,defraud,1
Khaldun,defrauded,1
Khaldun,defray,1
Khaldun,defy,1
Khaldun,delegating,1
Khaldun,deliberate,1
Khaldun,delivery,1
Khaldun,demanded,1
Khaldun,demolish,1
Khaldun,demonstration,1
Khaldun,denia,1
Khaldun,denies,1
Khaldun,denounce,1
Khaldun,dense,1
Khaldun,depart,1
Khaldun,departed,1
Khaldun,departing,1
Khaldun,departments,1
Khaldun,departure,1
Khaldun,depleted,1
Khaldun,depopulated,1
Khaldun,deported,1
Khaldun,depose,1
Khaldun,deposing,1
Khaldun,deposit,1
Khaldun,deposited,1
Khaldun,depositions,1
Khaldun,depressed,1
Khaldun,depression,1
Khaldun,depressions,1
Khaldun,derbend,1
Khaldun,derivation,1
Khaldun,descents,1
Khaldun,descriptive,1
Khaldun,desertion,1
Khaldun,deservedly,1
Khaldun,deserving,1
Khaldun,design,1
Khaldun,designated,1
Khaldun,designates,1
Khaldun,designing,1
Khaldun,desiring,1
Khaldun,despair,1
Khaldun,despicable,1
Khaldun,despises,1
Khaldun,destination,1
Khaldun,destitute,1
Khaldun,destroyer,1
Khaldun,destructiveness,1
Khaldun,deter,1
Khaldun,determinatives,1
Khaldun,deterrent,1
Khaldun,detest,1
Khaldun,detract,1
Khaldun,deviating,1
Khaldun,deviations,1
Khaldun,deviators,1
Khaldun,devil,1
Khaldun,devilish,1
Khaldun,devious,1
Khaldun,devise,1
Khaldun,devolves,1
Khaldun,devoting,1
Khaldun,dexter,1
Khaldun,dhahab,1
Khaldun,dharwân,1
Khaldun,dhî,1
Khaldun,diaspora,1
Khaldun,dictionaries,1
Khaldun,dictionary,1
Khaldun,diets,1
Khaldun,differentiate,1
Khaldun,diffusion,1
Khaldun,digestive,1
Khaldun,digging,1
Khaldun,dignified,1
Khaldun,dilapidated,1
Khaldun,dilatory,1
Khaldun,dimension,1
Khaldun,diminution,1
Khaldun,din,1
Khaldun,dint,1
Khaldun,diogenes,1
Khaldun,dip,1
Khaldun,diplomacy,1
Khaldun,diplomatically,1
Khaldun,directs,1
Khaldun,dirt,1
Khaldun,disabilities,1
Khaldun,disagreeable,1
Khaldun,disagreed,1
Khaldun,disagreements,1
Khaldun,disapproves,1
Khaldun,disastrous,1
Khaldun,disbursement,1
Khaldun,disbursements,1
Khaldun,discarding,1
Khaldun,discerns,1
Khaldun,discharged,1
Khaldun,discharges,1
Khaldun,disciple,1
Khaldun,disciples,1
Khaldun,discloses,1
Khaldun,discontinuance,1
Khaldun,discontinues,1
Khaldun,discordance,1
Khaldun,discordant,1
Khaldun,discouragement,1
Khaldun,discourages,1
Khaldun,discovering,1
Khaldun,discrepancy,1
Khaldun,diseased,1
Khaldun,disfigures,1
Khaldun,disgraced,1
Khaldun,disguises,1
Khaldun,disgusting,1
Khaldun,dish,1
Khaldun,dishes,1
Khaldun,dishonesty,1
Khaldun,disintegrate,1
Khaldun,disjecta,1
Khaldun,dislodged,1
Khaldun,dismissals,1
Khaldun,dismissed,1
Khaldun,dismount,1
Khaldun,disobedient,1
Khaldun,disobeyed,1
Khaldun,disorder,1
Khaldun,dispatched,1
Khaldun,dispensing,1
Khaldun,dispersed,1
Khaldun,disperses,1
Khaldun,dispirited,1
Khaldun,displays,1
Khaldun,displease,1
Khaldun,displeased,1
Khaldun,displeasure,1
Khaldun,disposes,1
Khaldun,dispossess,1
Khaldun,dispossessed,1
Khaldun,disproportionate,1
Khaldun,disputants,1
Khaldun,disputing,1
Khaldun,disrupted,1
Khaldun,disrupts,1
Khaldun,dissemination,1
Khaldun,dissent,1
Khaldun,dissident,1
Khaldun,dissidents,1
Khaldun,distillation,1
Khaldun,distinctness,1
Khaldun,distracted,1
Khaldun,distress,1
Khaldun,distributing,1
Khaldun,district,1
Khaldun,disturbed,1
Khaldun,disturbs,1
Khaldun,disunity,1
Khaldun,dived,1
Khaldun,diverge,1
Khaldun,diverting,1
Khaldun,divest,1
Khaldun,divested,1
Khaldun,divines,1
Khaldun,divorced,1
Khaldun,docile,1
Khaldun,docking,1
Khaldun,doctor,1
Khaldun,dodges,1
Khaldun,dogmatics,1
Khaldun,doings,1
Khaldun,domesticity,1
Khaldun,dominant,1
Khaldun,domineering,1
Khaldun,donations,1
Khaldun,doom,1
Khaldun,doomed,1
Khaldun,dots,1
Khaldun,double,1
Khaldun,doubtful,1
Khaldun,doubtfulness,1
Khaldun,dough,1
Khaldun,draft,1
Khaldun,drained,1
Khaldun,drawback,1
Khaldun,drawbacks,1
Khaldun,drawing,1
Khaldun,dreamer,1
Khaldun,dressmaking,1
Khaldun,dries,1
Khaldun,drinking,1
Khaldun,drive,1
Khaldun,driver,1
Khaldun,drivers,1
Khaldun,dropped,1
Khaldun,dropping,1
Khaldun,dross,1
Khaldun,drove,1
Khaldun,drum,1
Khaldun,drunken,1
Khaldun,drying,1
Khaldun,dulled,1
Khaldun,dungeons,1
Khaldun,dust,1
Khaldun,dusts,1
Khaldun,dwindle,1
Khaldun,dwindles,1
Khaldun,dying,1
Khaldun,dâkhil,1
Khaldun,dân,1
Khaldun,dâwûd,1
Khaldun,dîl,1
Khaldun,dîwâns,1
Khaldun,earnings,1
Khaldun,earns,1
Khaldun,earthquakes,1
Khaldun,eaten,1
Khaldun,eber,1
Khaldun,eclipse,1
Khaldun,eclipsed,1
Khaldun,eclipses,1
Khaldun,ecstatically,1
Khaldun,edges,1
Khaldun,edifices,1
Khaldun,educator,1
Khaldun,effectively,1
Khaldun,effeminacy,1
Khaldun,effeminate,1
Khaldun,efficacy,1
Khaldun,efficiency,1
Khaldun,egoism,1
Khaldun,egotism,1
Khaldun,eighteen,1
Khaldun,eighty,1
Khaldun,ejection,1
Khaldun,ejects,1
Khaldun,elaborate,1
Khaldun,elapsed,1
Khaldun,elation,1
Khaldun,eldest,1
Khaldun,electoral,1
Khaldun,electuary,1
Khaldun,elegiac,1
Khaldun,elegy,1
Khaldun,elephant,1
Khaldun,elias,1
Khaldun,eligible,1
Khaldun,eliminated,1
Khaldun,emancipation,1
Khaldun,embark,1
Khaldun,embedded,1
Khaldun,embellished,1
Khaldun,embellishing,1
Khaldun,embellishments,1
Khaldun,emboldens,1
Khaldun,emerged,1
Khaldun,emergence,1
Khaldun,emerges,1
Khaldun,emotion,1
Khaldun,emotional,1
Khaldun,emotionally,1
Khaldun,emphasis,1
Khaldun,emphasizing,1
Khaldun,emphatic,1
Khaldun,emphatically,1
Khaldun,employees,1
Khaldun,emulation,1
Khaldun,enamoured,1
Khaldun,encamped,1
Khaldun,enclosed,1
Khaldun,encomiums,1
Khaldun,encompass,1
Khaldun,encompasses,1
Khaldun,encourages,1
Khaldun,endangered,1
Khaldun,endeavour,1
Khaldun,endless,1
Khaldun,endowed,1
Khaldun,endures,1
Khaldun,enforced,1
Khaldun,engender,1
Khaldun,engraves,1
Khaldun,engrossed,1
Khaldun,engulfed,1
Khaldun,enigmatic,1
Khaldun,enjoins,1
Khaldun,enjoyable,1
Khaldun,enlightenment,1
Khaldun,enlightens,1
Khaldun,enmeshed,1
Khaldun,enmities,1
Khaldun,enmity,1
Khaldun,ennobled,1
Khaldun,enrich,1
Khaldun,enriched,1
Khaldun,ensues,1
Khaldun,ensures,1
Khaldun,entailed,1
Khaldun,entailing,1
Khaldun,enterprising,1
Khaldun,entertaining,1
Khaldun,entertainment,1
Khaldun,enumerated,1
Khaldun,enumerating,1
Khaldun,enveloped,1
Khaldun,envied,1
Khaldun,envisage,1
Khaldun,epicycles,1
Khaldun,epidemics,1
Khaldun,episodes,1
Khaldun,epithet,1
Khaldun,equitable,1
Khaldun,equity,1
Khaldun,equivalents,1
Khaldun,equivocal,1
Khaldun,equivocations,1
Khaldun,eradicate,1
Khaldun,eradicated,1
Khaldun,eradicating,1
Khaldun,eras,1
Khaldun,erect,1
Khaldun,erecting,1
Khaldun,erred,1
Khaldun,erroneously,1
Khaldun,esau,1
Khaldun,escaped,1
Khaldun,escapes,1
Khaldun,eschew,1
Khaldun,especial,1
Khaldun,esther,1
Khaldun,estrange,1
Khaldun,eternal,1
Khaldun,eternity,1
Khaldun,ethnic,1
Khaldun,etiquette,1
Khaldun,etre,1
Khaldun,euphorbia,1
Khaldun,evangelist,1
Khaldun,evidential,1
Khaldun,evildoer,1
Khaldun,evocation,1
Khaldun,evokes,1
Khaldun,evolve,1
Khaldun,evolving,1
Khaldun,exacted,1
Khaldun,exactness,1
Khaldun,exaltedness,1
Khaldun,exalts,1
Khaldun,examining,1
Khaldun,excavation,1
Khaldun,exceed,1
Khaldun,exceeded,1
Khaldun,exceeding,1
Khaldun,excelling,1
Khaldun,exchanging,1
Khaldun,excited,1
Khaldun,exclaimed,1
Khaldun,excluded,1
Khaldun,excludes,1
Khaldun,excluding,1
Khaldun,excrements,1
Khaldun,excretions,1
Khaldun,excused,1
Khaldun,executes,1
Khaldun,executors,1
Khaldun,exempt,1
Khaldun,exemption,1
Khaldun,exhausting,1
Khaldun,exhaustion,1
Khaldun,exhibit,1
Khaldun,exhort,1
Khaldun,exhortations,1
Khaldun,existance,1
Khaldun,existential,1
Khaldun,exodus,1
Khaldun,exorbitant,1
Khaldun,expectation,1
Khaldun,expedited,1
Khaldun,expelled,1
Khaldun,expended,1
Khaldun,explanations,1
Khaldun,explanatory,1
Khaldun,explore,1
Khaldun,exponents,1
Khaldun,export,1
Khaldun,exported,1
Khaldun,expositions,1
Khaldun,expressly,1
Khaldun,extensively,1
Khaldun,extensiveness,1
Khaldun,exterior,1
Khaldun,extinguished,1
Khaldun,extract,1
Khaldun,extracted,1
Khaldun,extracting,1
Khaldun,extraordinarily,1
Khaldun,extravagance,1
Khaldun,extreme,1
Khaldun,extremist,1
Khaldun,extricating,1
Khaldun,eyebrow,1
Khaldun,ezra,1
Khaldun,fabric,1
Khaldun,fabrications,1
Khaldun,facilitated,1
Khaldun,facilitates,1
Khaldun,factions,1
Khaldun,faculties,1
Khaldun,faded,1
Khaldun,failure,1
Khaldun,faintly,1
Khaldun,fajr,1
Khaldun,fallacies,1
Khaldun,fallacy,1
Khaldun,falsification,1
Khaldun,falâsifah,1
Khaldun,falâḥah,1
Khaldun,familiarity,1
Khaldun,fancy,1
Khaldun,faraj,1
Khaldun,faraway,1
Khaldun,farghani,1
Khaldun,fashioning,1
Khaldun,faster,1
Khaldun,fastnesses,1
Khaldun,fat,1
Khaldun,fatimid,1
Khaldun,fault,1
Khaldun,faults,1
Khaldun,faulty,1
Khaldun,favourably,1
Khaldun,favoured,1
Khaldun,faylasûf,1
Khaldun,faḍl,1
Khaldun,fearful,1
Khaldun,feasible,1
Khaldun,feast,1
Khaldun,feasts,1
Khaldun,feathers,1
Khaldun,feeble,1
Khaldun,feeding,1
Khaldun,fending,1
Khaldun,ferment,1
Khaldun,fertilizer,1
Khaldun,fertilizes,1
Khaldun,festival,1
Khaldun,fewest,1
Khaldun,fidelity,1
Khaldun,fifty,1
Khaldun,fights,1
Khaldun,figs,1
Khaldun,figurative,1
Khaldun,figured,1
Khaldun,figuring,1
Khaldun,file,1
Khaldun,fills,1
Khaldun,filth,1
Khaldun,finely,1
Khaldun,finesse,1
Khaldun,finest,1
Khaldun,finger,1
Khaldun,fingers,1
Khaldun,finishes,1
Khaldun,firmest,1
Khaldun,fisc,1
Khaldun,flakes,1
Khaldun,flatness,1
Khaldun,flatter,1
Khaldun,flaw,1
Khaldun,flew,1
Khaldun,floated,1
Khaldun,floating,1
Khaldun,flock,1
Khaldun,flocks,1
Khaldun,flowering,1
Khaldun,fluctuate,1
Khaldun,fluctuated,1
Khaldun,fluency,1
Khaldun,flutes,1
Khaldun,fly,1
Khaldun,flying,1
Khaldun,foiled,1
Khaldun,folly,1
Khaldun,fool,1
Khaldun,fooled,1
Khaldun,foolhardiness,1
Khaldun,footing,1
Khaldun,footmen,1
Khaldun,footsteps,1
Khaldun,forbidding,1
Khaldun,forecast,1
Khaldun,forecasting,1
Khaldun,forefather,1
Khaldun,foregoing,1
Khaldun,forehead,1
Khaldun,foreigners,1
Khaldun,forelegs,1
Khaldun,foreseen,1
Khaldun,foresees,1
Khaldun,forestall,1
Khaldun,forged,1
Khaldun,forgeries,1
Khaldun,forgetting,1
Khaldun,forgive,1
Khaldun,forgiveness,1
Khaldun,forgives,1
Khaldun,formalities,1
Khaldun,formidable,1
Khaldun,formulates,1
Khaldun,forthrightness,1
Khaldun,forties,1
Khaldun,fortification,1
Khaldun,fortifications,1
Khaldun,fortified,1
Khaldun,fortifies,1
Khaldun,fortify,1
Khaldun,fortress,1
Khaldun,fortunate,1
Khaldun,fortunes,1
Khaldun,forward,1
Khaldun,founds,1
Khaldun,fourteen,1
Khaldun,fraction,1
Khaldun,frame,1
Khaldun,france,1
Khaldun,franks,1
Khaldun,frauds,1
Khaldun,fraudulent,1
Khaldun,fraudulently,1
Khaldun,freckled,1
Khaldun,freezing,1
Khaldun,frequented,1
Khaldun,friend,1
Khaldun,friendships,1
Khaldun,frightened,1
Khaldun,frightening,1
Khaldun,frightful,1
Khaldun,frightfulness,1
Khaldun,frivolously,1
Khaldun,fromhim,1
Khaldun,frugally,1
Khaldun,frustrated,1
Khaldun,fumbled,1
Khaldun,fumm,1
Khaldun,furnishing,1
Khaldun,furniture,1
Khaldun,fâriḍ,1
Khaldun,fârâbi,1
Khaldun,fârân,1
Khaldun,fâtimid,1
Khaldun,fâṭimah,1
Khaldun,gabriel,1
Khaldun,gabés,1
Khaldun,gafsa,1
Khaldun,gaiety,1
Khaldun,gala,1
Khaldun,galenic,1
Khaldun,galleys,1
Khaldun,gallop,1
Khaldun,game,1
Khaldun,garlic,1
Khaldun,garner,1
Khaldun,garrisons,1
Khaldun,gathered,1
Khaldun,gawgaw,1
Khaldun,gaze,1
Khaldun,gazelle,1
Khaldun,gems,1
Khaldun,gen,1
Khaldun,generalization,1
Khaldun,generalizations,1
Khaldun,generalize,1
Khaldun,generative,1
Khaldun,generously,1
Khaldun,genoa,1
Khaldun,gentleman,1
Khaldun,gentlemen,1
Khaldun,gentling,1
Khaldun,genuineness,1
Khaldun,geographer,1
Khaldun,geographic,1
Khaldun,geometric,1
Khaldun,geometricians,1
Khaldun,gesture,1
Khaldun,geuta,1
Khaldun,ghassân,1
Khaldun,ghâdis,1
Khaldun,ghâyat,1
Khaldun,giant,1
Khaldun,giraffe,1
Khaldun,giraffes,1
Khaldun,girgashites,1
Khaldun,girt,1
Khaldun,glassblowers,1
Khaldun,gloomy,1
Khaldun,glorification,1
Khaldun,glossiness,1
Khaldun,glueing,1
Khaldun,gnostic,1
Khaldun,goad,1
Khaldun,goldsmith,1
Khaldun,goliath,1
Khaldun,gorgeous,1
Khaldun,goring,1
Khaldun,gorion,1
Khaldun,gospels,1
Khaldun,gould,1
Khaldun,govermental,1
Khaldun,grabbed,1
Khaldun,graces,1
Khaldun,graded,1
Khaldun,gradualness,1
Khaldun,grafts,1
Khaldun,grammarian,1
Khaldun,grammatically,1
Khaldun,grandees,1
Khaldun,grandson,1
Khaldun,granting,1
Khaldun,grants,1
Khaldun,grape,1
Khaldun,grasped,1
Khaldun,gratification,1
Khaldun,gratis,1
Khaldun,gravity,1
Khaldun,grease,1
Khaldun,greece,1
Khaldun,greet,1
Khaldun,grinding,1
Khaldun,grips,1
Khaldun,gross,1
Khaldun,gtesiphon,1
Khaldun,guaranteeing,1
Khaldun,guess,1
Khaldun,guesses,1
Khaldun,guiding,1
Khaldun,guilty,1
Khaldun,guts,1
Khaldun,habitable,1
Khaldun,habitat,1
Khaldun,habituation,1
Khaldun,hafsid,1
Khaldun,halter,1
Khaldun,haltingly,1
Khaldun,haman,1
Khaldun,hamlet,1
Khaldun,hammer,1
Khaldun,handedness,1
Khaldun,handicap,1
Khaldun,handicraft,1
Khaldun,handing,1
Khaldun,handsome,1
Khaldun,handwritten,1
Khaldun,hangs,1
Khaldun,haphazardly,1
Khaldun,harassed,1
Khaldun,hardest,1
Khaldun,hardships,1
Khaldun,harming,1
Khaldun,harshly,1
Khaldun,harvested,1
Khaldun,harvesting,1
Khaldun,hated,1
Khaldun,hates,1
Khaldun,hatred,1
Khaldun,haughty,1
Khaldun,hayyân,1
Khaldun,healing,1
Khaldun,heartily,1
Khaldun,heated,1
Khaldun,heathen,1
Khaldun,heathens,1
Khaldun,heavier,1
Khaldun,heaviness,1
Khaldun,hebrews,1
Khaldun,heed,1
Khaldun,heeded,1
Khaldun,heels,1
Khaldun,heights,1
Khaldun,helpless,1
Khaldun,hem,1
Khaldun,heracleia,1
Khaldun,heresies,1
Khaldun,heritage,1
Khaldun,hermes,1
Khaldun,heroic,1
Khaldun,hesitant,1
Khaldun,hesitate,1
Khaldun,hezron,1
Khaldun,hiddenness,1
Khaldun,hide,1
Khaldun,hides,1
Khaldun,hilâl,1
Khaldun,hind,1
Khaldun,hinder,1
Khaldun,hire,1
Khaldun,hirelings,1
Khaldun,historically,1
Khaldun,hitherto,1
Khaldun,hoard,1
Khaldun,hoarder,1
Khaldun,hoards,1
Khaldun,hoisting,1
Khaldun,holders,1
Khaldun,holes,1
Khaldun,holidays,1
Khaldun,homer,1
Khaldun,homonym,1
Khaldun,honest,1
Khaldun,honorific,1
Khaldun,hoodlums,1
Khaldun,hoot,1
Khaldun,horizontally,1
Khaldun,horseback,1
Khaldun,horseman,1
Khaldun,horsemanship,1
Khaldun,horticulture,1
Khaldun,householder,1
Khaldun,hovers,1
Khaldun,hubayrah,1
Khaldun,hudhayl,1
Khaldun,humankind,1
Khaldun,humiliate,1
Khaldun,hummed,1
Khaldun,humoral,1
Khaldun,hunter,1
Khaldun,hurayrah,1
Khaldun,hurmuzân,1
Khaldun,hurry,1
Khaldun,hurt,1
Khaldun,husband,1
Khaldun,hypotheses,1
Khaldun,hypothesis,1
Khaldun,hypothetically,1
Khaldun,hâdi,1
Khaldun,ibar,1
Khaldun,ibiza,1
Khaldun,ibârah,1
Khaldun,idiom,1
Khaldun,idolaters,1
Khaldun,idolatry,1
Khaldun,idrîsid,1
Khaldun,igh,1
Khaldun,ignore,1
Khaldun,iksîr,1
Khaldun,ilhiz,1
Khaldun,illegally,1
Khaldun,illegitimate,1
Khaldun,illicit,1
Khaldun,ills,1
Khaldun,illustrate,1
Khaldun,ilm,1
Khaldun,ilyâs,1
Khaldun,images,1
Khaldun,imagining,1
Khaldun,imaginings,1
Khaldun,imbecile,1
Khaldun,imbeciles,1
Khaldun,imbues,1
Khaldun,imginary,1
Khaldun,imitates,1
Khaldun,imitating,1
Khaldun,immaterial,1
Khaldun,immense,1
Khaldun,immersion,1
Khaldun,immigrate,1
Khaldun,immigrated,1
Khaldun,impartial,1
Khaldun,imparting,1
Khaldun,impassable,1
Khaldun,impede,1
Khaldun,impediment,1
Khaldun,imperative,1
Khaldun,imperceptibly,1
Khaldun,implore,1
Khaldun,imposing,1
Khaldun,impost,1
Khaldun,impressions,1
Khaldun,impressive,1
Khaldun,imprisonment,1
Khaldun,improves,1
Khaldun,impudence,1
Khaldun,impulse,1
Khaldun,impunity,1
Khaldun,imputed,1
Khaldun,imru,1
Khaldun,inaccessibility,1
Khaldun,inaction,1
Khaldun,inactivation,1
Khaldun,inactivity,1
Khaldun,inadequate,1
Khaldun,inadmissibility,1
Khaldun,inaugurating,1
Khaldun,inauspicious,1
Khaldun,incarnate,1
Khaldun,incense,1
Khaldun,incidentally,1
Khaldun,incipient,1
Khaldun,incited,1
Khaldun,incomparable,1
Khaldun,incompetents,1
Khaldun,inconclusive,1
Khaldun,incorporated,1
Khaldun,incorrectness,1
Khaldun,increasingly,1
Khaldun,incredulity,1
Khaldun,incredulous,1
Khaldun,indecisive,1
Khaldun,independence,1
Khaldun,index,1
Khaldun,indifference,1
Khaldun,indispensable,1
Khaldun,individualities,1
Khaldun,induces,1
Khaldun,industrial,1
Khaldun,industry,1
Khaldun,ineffectual,1
Khaldun,inertness,1
Khaldun,inexplicable,1
Khaldun,infant,1
Khaldun,infants,1
Khaldun,infatuated,1
Khaldun,infer,1
Khaldun,infidels,1
Khaldun,infinitive,1
Khaldun,infinity,1
Khaldun,infirm,1
Khaldun,infirmity,1
Khaldun,inflection,1
Khaldun,inflict,1
Khaldun,inflicted,1
Khaldun,informant,1
Khaldun,informants,1
Khaldun,infringed,1
Khaldun,inhale,1
Khaldun,initial,1
Khaldun,injury,1
Khaldun,injustices,1
Khaldun,inlaid,1
Khaldun,inland,1
Khaldun,innately,1
Khaldun,innocent,1
Khaldun,innocuous,1
Khaldun,inroads,1
Khaldun,inscription,1
Khaldun,insect,1
Khaldun,insects,1
Khaldun,inseparable,1
Khaldun,insert,1
Khaldun,inserted,1
Khaldun,inshâ,1
Khaldun,insights,1
Khaldun,insincere,1
Khaldun,insist,1
Khaldun,insolence,1
Khaldun,inspection,1
Khaldun,inspects,1
Khaldun,inspirational,1
Khaldun,inspirations,1
Khaldun,inspire,1
Khaldun,install,1
Khaldun,instant,1
Khaldun,insubordination,1
Khaldun,insult,1
Khaldun,intellections,1
Khaldun,intellects,1
Khaldun,intensified,1
Khaldun,intentional,1
Khaldun,intentioned,1
Khaldun,interconnected,1
Khaldun,interlacing,1
Khaldun,intermarriage,1
Khaldun,intermingled,1
Khaldun,intermingling,1
Khaldun,intermixture,1
Khaldun,interpretational,1
Khaldun,interpretations,1
Khaldun,interpreters,1
Khaldun,interprets,1
Khaldun,interrogations,1
Khaldun,interrupt,1
Khaldun,interruptions,1
Khaldun,intersects,1
Khaldun,intertwined,1
Khaldun,intervening,1
Khaldun,intimated,1
Khaldun,intimately,1
Khaldun,intimation,1
Khaldun,intoxication,1
Khaldun,intricacy,1
Khaldun,intrigue,1
Khaldun,intrigues,1
Khaldun,intrinsically,1
Khaldun,intuitively,1
Khaldun,invariably,1
Khaldun,invent,1
Khaldun,inventing,1
Khaldun,inventories,1
Khaldun,inventory,1
Khaldun,invents,1
Khaldun,invite,1
Khaldun,invited,1
Khaldun,iqlîm,1
Khaldun,irfân,1
Khaldun,irrational,1
Khaldun,irreconcilable,1
Khaldun,irrefutable,1
Khaldun,irritated,1
Khaldun,irâqî,1
Khaldun,isolates,1
Khaldun,istanbul,1
Khaldun,itinerant,1
Khaldun,ivory,1
Khaldun,iyâd,1
Khaldun,iṣfahânî,1
Khaldun,iṣmah,1
Khaldun,jacobite,1
Khaldun,jafr,1
Khaldun,jalûlâ,1
Khaldun,japheth,1
Khaldun,jargon,1
Khaldun,jarḥ,1
Khaldun,jawharî,1
Khaldun,jaws,1
Khaldun,jaysh,1
Khaldun,jayḥûn,1
Khaldun,jericho,1
Khaldun,jersualem,1
Khaldun,jesse,1
Khaldun,jester,1
Khaldun,jet,1
Khaldun,jewellery,1
Khaldun,jiddah,1
Khaldun,jirjis,1
Khaldun,joins,1
Khaldun,joints,1
Khaldun,journeyed,1
Khaldun,joyfulness,1
Khaldun,joys,1
Khaldun,judgement,1
Khaldun,judgeship,1
Khaldun,judging,1
Khaldun,judhâm,1
Khaldun,judith,1
Khaldun,jumbled,1
Khaldun,jupiter,1
Khaldun,jurjân,1
Khaldun,justified,1
Khaldun,justify,1
Khaldun,jâr,1
Khaldun,kahânah,1
Khaldun,kalbite,1
Khaldun,kalimah,1
Khaldun,karib,1
Khaldun,karîm,1
Khaldun,katholika,1
Khaldun,keener,1
Khaldun,kernels,1
Khaldun,khadîjah,1
Khaldun,khalîfah,1
Khaldun,kharlukh,1
Khaldun,khaybar,1
Khaldun,khazraj,1
Khaldun,khazrûn,1
Khaldun,khaṭib,1
Khaldun,khilâṭ,1
Khaldun,khiṭâbah,1
Khaldun,khurj,1
Khaldun,khurq,1
Khaldun,khurâzân,1
Khaldun,khuzâ,1
Khaldun,khârijite,1
Khaldun,khâzindâr,1
Khaldun,khâṣṣ,1
Khaldun,kick,1
Khaldun,kindest,1
Khaldun,kindi,1
Khaldun,kindred,1
Khaldun,kingdoms,1
Khaldun,kinsmen,1
Khaldun,kirmân,1
Khaldun,kissing,1
Khaldun,kneading,1
Khaldun,kneads,1
Khaldun,knights,1
Khaldun,knit,1
Khaldun,knowns,1
Khaldun,kohath,1
Khaldun,kurdish,1
Khaldun,kühn,1
Khaldun,labourers,1
Khaldun,lacked,1
Khaldun,lad,1
Khaldun,lakes,1
Khaldun,lakhm,1
Khaldun,lakhmid,1
Khaldun,lamtûnah,1
Khaldun,landowners,1
Khaldun,lanes,1
Khaldun,lap,1
Khaldun,lapsed,1
Khaldun,larynx,1
Khaldun,lathe,1
Khaldun,latitudes,1
Khaldun,latitudinal,1
Khaldun,latticed,1
Khaldun,laugh,1
Khaldun,lavish,1
Khaldun,lawless,1
Khaldun,lawsuit,1
Khaldun,laying,1
Khaldun,layout,1
Khaldun,leans,1
Khaldun,leaps,1
Khaldun,legalizes,1
Khaldun,legendary,1
Khaldun,legis,1
Khaldun,legitimate,1
Khaldun,leipzig,1
Khaldun,lengthier,1
Khaldun,lengthily,1
Khaldun,lengthiness,1
Khaldun,lenient,1
Khaldun,leniently,1
Khaldun,lessened,1
Khaldun,lesson,1
Khaldun,letting,1
Khaldun,levi,1
Khaldun,liberty,1
Khaldun,libraries,1
Khaldun,library,1
Khaldun,licit,1
Khaldun,lif,1
Khaldun,lifting,1
Khaldun,lighten,1
Khaldun,lightning,1
Khaldun,lights,1
Khaldun,lime,1
Khaldun,limitation,1
Khaldun,lingers,1
Khaldun,links,1
Khaldun,lips,1
Khaldun,liquid,1
Khaldun,liquor,1
Khaldun,lit,1
Khaldun,literacy,1
Khaldun,literate,1
Khaldun,litigation,1
Khaldun,littérateur,1
Khaldun,littérateurs,1
Khaldun,livelihoods,1
Khaldun,livers,1
Khaldun,load,1
Khaldun,loath,1
Khaldun,localized,1
Khaldun,locations,1
Khaldun,locks,1
Khaldun,lodged,1
Khaldun,logitudinal,1
Khaldun,lombardi,1
Khaldun,longing,1
Khaldun,longitudes,1
Khaldun,loose,1
Khaldun,loosened,1
Khaldun,lore,1
Khaldun,losing,1
Khaldun,loud,1
Khaldun,lover,1
Khaldun,loves,1
Khaldun,lowliness,1
Khaldun,lowly,1
Khaldun,loyal,1
Khaldun,lucid,1
Khaldun,lucky,1
Khaldun,lucrative,1
Khaldun,luke,1
Khaldun,lump,1
Khaldun,lumped,1
Khaldun,lumps,1
Khaldun,lunar,1
Khaldun,luqmân,1
Khaldun,lure,1
Khaldun,lush,1
Khaldun,lutes,1
Khaldun,lyres,1
Khaldun,lûf,1
Khaldun,mabda,1
Khaldun,maccabees,1
Khaldun,macedonia,1
Khaldun,macedonian,1
Khaldun,madness,1
Khaldun,madînah,1
Khaldun,maghrâwah,1
Khaldun,magicians,1
Khaldun,magupat,1
Khaldun,mainstay,1
Khaldun,maintaining,1
Khaldun,maintains,1
Khaldun,maintenance,1
Khaldun,majisṭî,1
Khaldun,majorca,1
Khaldun,majûsî,1
Khaldun,malatya,1
Khaldun,mallorca,1
Khaldun,mamâlik,1
Khaldun,manages,1
Khaldun,manbij,1
Khaldun,manifest,1
Khaldun,manifesting,1
Khaldun,manifoldness,1
Khaldun,manpower,1
Khaldun,manumission,1
Khaldun,manuscripts,1
Khaldun,maps,1
Khaldun,maqûldt,1
Khaldun,maqṣûrah,1
Khaldun,marched,1
Khaldun,margin,1
Khaldun,margins,1
Khaldun,marriageable,1
Khaldun,marry,1
Khaldun,mars,1
Khaldun,marsh,1
Khaldun,marshal,1
Khaldun,martyrs,1
Khaldun,marwânid,1
Khaldun,massacred,1
Khaldun,massacres,1
Khaldun,massage,1
Khaldun,massages,1
Khaldun,massaging,1
Khaldun,mastering,1
Khaldun,masâlik,1
Khaldun,materialized,1
Khaldun,materially,1
Khaldun,maternal,1
Khaldun,mathematics,1
Khaldun,matthew,1
Khaldun,mature,1
Khaldun,mawḍû,1
Khaldun,maxims,1
Khaldun,maymûn,1
Khaldun,maṣmûdah,1
Khaldun,meaningful,1
Khaldun,meaninglessness,1
Khaldun,meantime,1
Khaldun,measured,1
Khaldun,measuring,1
Khaldun,meats,1
Khaldun,meccan,1
Khaldun,meddling,1
Khaldun,medecine,1
Khaldun,media,1
Khaldun,mediation,1
Khaldun,mediator,1
Khaldun,medinese,1
Khaldun,mediocre,1
Khaldun,meetings,1
Khaldun,meets,1
Khaldun,melchite,1
Khaldun,melchites,1
Khaldun,melodies,1
Khaldun,melody,1
Khaldun,meltable,1
Khaldun,melting,1
Khaldun,membra,1
Khaldun,memorizes,1
Khaldun,menaced,1
Khaldun,mentor,1
Khaldun,mercury,1
Khaldun,merrier,1
Khaldun,mesopotamia,1
Khaldun,mid,1
Khaldun,midwives,1
Khaldun,midyan,1
Khaldun,midyanites,1
Khaldun,mile,1
Khaldun,militias,1
Khaldun,milked,1
Khaldun,millers,1
Khaldun,min,1
Khaldun,minbar,1
Khaldun,mindedness,1
Khaldun,mingling,1
Khaldun,minimally,1
Khaldun,minor,1
Khaldun,minorca,1
Khaldun,minority,1
Khaldun,minute,1
Khaldun,miqdâd,1
Khaldun,mischief,1
Khaldun,misgiving,1
Khaldun,misguidance,1
Khaldun,mishaps,1
Khaldun,misinformation,1
Khaldun,miss,1
Khaldun,missed,1
Khaldun,missing,1
Khaldun,mix,1
Khaldun,miḥrâb,1
Khaldun,moabites,1
Khaldun,moderns,1
Khaldun,modest,1
Khaldun,modified,1
Khaldun,mogadishu,1
Khaldun,molars,1
Khaldun,mole,1
Khaldun,moles,1
Khaldun,monastic,1
Khaldun,monetary,1
Khaldun,moneys,1
Khaldun,monk,1
Khaldun,monograph,1
Khaldun,monopolized,1
Khaldun,mood,1
Khaldun,moods,1
Khaldun,morality,1
Khaldun,morocco,1
Khaldun,mortification,1
Khaldun,mortifying,1
Khaldun,mortmain,1
Khaldun,mosaic,1
Khaldun,motives,1
Khaldun,mourning,1
Khaldun,movements,1
Khaldun,mubashsharah,1
Khaldun,mucus,1
Khaldun,muezzin,1
Khaldun,muezzins,1
Khaldun,muhallab,1
Khaldun,muhtadî,1
Khaldun,mujâhid,1
Khaldun,mukrân,1
Khaldun,mule,1
Khaldun,mullers,1
Khaldun,multiple,1
Khaldun,multiplies,1
Khaldun,mulûk,1
Khaldun,munificence,1
Khaldun,munyah,1
Khaldun,munâsakhah,1
Khaldun,muqaddimah,1
Khaldun,muqawqis,1
Khaldun,murnâq,1
Khaldun,murûj,1
Khaldun,muscle,1
Khaldun,musician,1
Khaldun,musk,1
Khaldun,musnad,1
Khaldun,musta,1
Khaldun,muteness,1
Khaldun,muthul,1
Khaldun,mutton,1
Khaldun,muḥammadan,1
Khaldun,muḥrammad,1
Khaldun,mystification,1
Khaldun,mâlikite,1
Khaldun,mâlî,1
Khaldun,mân,1
Khaldun,môbedh,1
Khaldun,nabaṭîyah,1
Khaldun,nablus,1
Khaldun,nafta,1
Khaldun,nahshon,1
Khaldun,naps,1
Khaldun,national,1
Khaldun,navigate,1
Khaldun,navigating,1
Khaldun,nawfanâ,1
Khaldun,naṣrids,1
Khaldun,nearer,1
Khaldun,nearness,1
Khaldun,necessitates,1
Khaldun,necessitating,1
Khaldun,neck,1
Khaldun,necks,1
Khaldun,negated,1
Khaldun,neglecting,1
Khaldun,neglects,1
Khaldun,negligent,1
Khaldun,negligible,1
Khaldun,negotiation,1
Khaldun,neighbour,1
Khaldun,nero,1
Khaldun,nestorians,1
Khaldun,net,1
Khaldun,nexuses,1
Khaldun,nicaea,1
Khaldun,niche,1
Khaldun,nights,1
Khaldun,nimbleness,1
Khaldun,ninetieth,1
Khaldun,ninth,1
Khaldun,nizâr,1
Khaldun,nobler,1
Khaldun,nocturnal,1
Khaldun,nomadic,1
Khaldun,nomads,1
Khaldun,nomenclature,1
Khaldun,nonmetrical,1
Khaldun,nonspecific,1
Khaldun,normal,1
Khaldun,northward,1
Khaldun,nose,1
Khaldun,notables,1
Khaldun,noticing,1
Khaldun,notin,1
Khaldun,nought,1
Khaldun,nouns,1
Khaldun,nourishes,1
Khaldun,november,1
Khaldun,numbering,1
Khaldun,numerically,1
Khaldun,nurse,1
Khaldun,nurses,1
Khaldun,nut,1
Khaldun,nuts,1
Khaldun,nuwâs,1
Khaldun,nâsir,1
Khaldun,nûbah,1
Khaldun,nûn,1
Khaldun,oars,1
Khaldun,oases,1
Khaldun,obdurate,1
Khaldun,obed,1
Khaldun,obeying,1
Khaldun,obeys,1
Khaldun,objected,1
Khaldun,objectives,1
Khaldun,obliging,1
Khaldun,oblivion,1
Khaldun,oblong,1
Khaldun,obscenities,1
Khaldun,obseqiousness,1
Khaldun,observes,1
Khaldun,obstructed,1
Khaldun,obstruction,1
Khaldun,obtuseness,1
Khaldun,occupant,1
Khaldun,offensive,1
Khaldun,offering,1
Khaldun,oft,1
Khaldun,oils,1
Khaldun,oleander,1
Khaldun,olives,1
Khaldun,omen,1
Khaldun,ominous,1
Khaldun,omission,1
Khaldun,omit,1
Khaldun,onerous,1
Khaldun,onions,1
Khaldun,openings,1
Khaldun,operating,1
Khaldun,opposites,1
Khaldun,oppressors,1
Khaldun,opulence,1
Khaldun,orchards,1
Khaldun,organizations,1
Khaldun,orgy,1
Khaldun,orignated,1
Khaldun,ornament,1
Khaldun,ornaments,1
Khaldun,ornate,1
Khaldun,orthodoxy,1
Khaldun,ostriches,1
Khaldun,ottomans,1
Khaldun,ourself,1
Khaldun,outbreak,1
Khaldun,outdo,1
Khaldun,outer,1
Khaldun,outfit,1
Khaldun,outgoing,1
Khaldun,outlining,1
Khaldun,outlooks,1
Khaldun,outpourings,1
Khaldun,outrank,1
Khaldun,outranks,1
Khaldun,outsider,1
Khaldun,outwardly,1
Khaldun,overburden,1
Khaldun,overcoming,1
Khaldun,overlaid,1
Khaldun,overpower,1
Khaldun,overpowers,1
Khaldun,overran,1
Khaldun,overshadowed,1
Khaldun,overstepped,1
Khaldun,overthrow,1
Khaldun,overthrows,1
Khaldun,overtook,1
Khaldun,owned,1
Khaldun,oxen,1
Khaldun,pact,1
Khaldun,pagans,1
Khaldun,paint,1
Khaldun,painters,1
Khaldun,paired,1
Khaldun,pairs,1
Khaldun,pale,1
Khaldun,pandores,1
Khaldun,pantelleria,1
Khaldun,pappa,1
Khaldun,parables,1
Khaldun,paraded,1
Khaldun,paragraph,1
Khaldun,paralleled,1
Khaldun,parallelism,1
Khaldun,paralysed,1
Khaldun,parasang,1
Khaldun,parching,1
Khaldun,paronomasia,1
Khaldun,partake,1
Khaldun,partiality,1
Khaldun,particles,1
Khaldun,particularized,1
Khaldun,particularizes,1
Khaldun,partium,1
Khaldun,partner,1
Khaldun,partners,1
Khaldun,passages,1
Khaldun,passers,1
Khaldun,passive,1
Khaldun,paste,1
Khaldun,patch,1
Khaldun,patching,1
Khaldun,paths,1
Khaldun,patriarchs,1
Khaldun,paul,1
Khaldun,paved,1
Khaldun,payments,1
Khaldun,peacefully,1
Khaldun,peacefulness,1
Khaldun,pechina,1
Khaldun,pecuniary,1
Khaldun,pedlars,1
Khaldun,peers,1
Khaldun,pegs,1
Khaldun,penalties,1
Khaldun,penned,1
Khaldun,pension,1
Khaldun,perez,1
Khaldun,perfects,1
Khaldun,perfume,1
Khaldun,perfumer,1
Khaldun,perfumers,1
Khaldun,perigee,1
Khaldun,peril,1
Khaldun,perils,1
Khaldun,peripatetic,1
Khaldun,perishable,1
Khaldun,perjure,1
Khaldun,perjury,1
Khaldun,permanence,1
Khaldun,permanency,1
Khaldun,permanent,1
Khaldun,permanently,1
Khaldun,permissibility,1
Khaldun,perpetrated,1
Khaldun,perpetuated,1
Khaldun,perpetuates,1
Khaldun,perplex,1
Khaldun,persevering,1
Khaldun,persistent,1
Khaldun,persistently,1
Khaldun,persisting,1
Khaldun,persuading,1
Khaldun,pertinent,1
Khaldun,perturbed,1
Khaldun,pervade,1
Khaldun,pervaded,1
Khaldun,pestles,1
Khaldun,petition,1
Khaldun,pharaohs,1
Khaldun,phenomena,1
Khaldun,phlegm,1
Khaldun,phonetic,1
Khaldun,physicists,1
Khaldun,physiognomy,1
Khaldun,pickaxes,1
Khaldun,picks,1
Khaldun,piercing,1
Khaldun,pilgrims,1
Khaldun,pillow,1
Khaldun,pioneers,1
Khaldun,pisces,1
Khaldun,pitfall,1
Khaldun,pits,1
Khaldun,plague,1
Khaldun,planet,1
Khaldun,plant,1
Khaldun,plastered,1
Khaldun,played,1
Khaldun,players,1
Khaldun,plays,1
Khaldun,plea,1
Khaldun,pleased,1
Khaldun,plots,1
Khaldun,ploughing,1
Khaldun,plumb,1
Khaldun,plunge,1
Khaldun,plurality,1
Khaldun,poct,1
Khaldun,pointless,1
Khaldun,poison,1
Khaldun,poisonous,1
Khaldun,policeman,1
Khaldun,policemen,1
Khaldun,politicians,1
Khaldun,polytheism,1
Khaldun,pomegranate,1
Khaldun,pondered,1
Khaldun,pools,1
Khaldun,popular,1
Khaldun,poring,1
Khaldun,porters,1
Khaldun,pose,1
Khaldun,positively,1
Khaldun,possessors,1
Khaldun,postal,1
Khaldun,postponement,1
Khaldun,postpones,1
Khaldun,potentialities,1
Khaldun,pots,1
Khaldun,potter,1
Khaldun,pottery,1
Khaldun,pounced,1
Khaldun,pounds,1
Khaldun,pour,1
Khaldun,pouring,1
Khaldun,powders,1
Khaldun,powerless,1
Khaldun,practically,1
Khaldun,practises,1
Khaldun,praises,1
Khaldun,praxeis,1
Khaldun,prayed,1
Khaldun,prays,1
Khaldun,precaution,1
Khaldun,precedent,1
Khaldun,precepts,1
Khaldun,precipitate,1
Khaldun,precipitates,1
Khaldun,predatory,1
Khaldun,predecessor,1
Khaldun,predetermines,1
Khaldun,predicament,1
Khaldun,predicate,1
Khaldun,predict,1
Khaldun,predisposed,1
Khaldun,predisposition,1
Khaldun,predominantly,1
Khaldun,preface,1
Khaldun,preferences,1
Khaldun,preferring,1
Khaldun,pregnant,1
Khaldun,prejudices,1
Khaldun,prelude,1
Khaldun,prescience,1
Khaldun,prescribe,1
Khaldun,presences,1
Khaldun,presentation,1
Khaldun,presentations,1
Khaldun,presently,1
Khaldun,presses,1
Khaldun,presumed,1
Khaldun,presumption,1
Khaldun,presumptive,1
Khaldun,presumptuousness,1
Khaldun,pretends,1
Khaldun,pretentious,1
Khaldun,pretext,1
Khaldun,pretexts,1
Khaldun,pretty,1
Khaldun,prevail,1
Khaldun,prevailed,1
Khaldun,prevalence,1
Khaldun,prevalent,1
Khaldun,preventing,1
Khaldun,primarily,1
Khaldun,prime,1
Khaldun,primitive,1
Khaldun,priority,1
Khaldun,privacy,1
Khaldun,privations,1
Khaldun,privileged,1
Khaldun,privileges,1
Khaldun,probed,1
Khaldun,problematic,1
Khaldun,proceeding,1
Khaldun,procreation,1
Khaldun,procured,1
Khaldun,procures,1
Khaldun,prodding,1
Khaldun,prodigal,1
Khaldun,productive,1
Khaldun,profanation,1
Khaldun,professed,1
Khaldun,proffered,1
Khaldun,profound,1
Khaldun,programmes,1
Khaldun,progressed,1
Khaldun,progressions,1
Khaldun,prohibits,1
Khaldun,prolific,1
Khaldun,prolix,1
Khaldun,prolonging,1
Khaldun,promises,1
Khaldun,promote,1
Khaldun,promoted,1
Khaldun,prompt,1
Khaldun,prompted,1
Khaldun,prompts,1
Khaldun,prone,1
Khaldun,pronouncements,1
Khaldun,propagate,1
Khaldun,propagation,1
Khaldun,propensity,1
Khaldun,prophecies,1
Khaldun,proportioned,1
Khaldun,proposed,1
Khaldun,proposes,1
Khaldun,proposition,1
Khaldun,props,1
Khaldun,prosecution,1
Khaldun,prosodist,1
Khaldun,prostitute,1
Khaldun,protectors,1
Khaldun,proverbs,1
Khaldun,providence,1
Khaldun,provokes,1
Khaldun,psalms,1
Khaldun,psychology,1
Khaldun,publication,1
Khaldun,pudenda,1
Khaldun,puff,1
Khaldun,pulley,1
Khaldun,pulls,1
Khaldun,pulse,1
Khaldun,pulverization,1
Khaldun,punishable,1
Khaldun,purchases,1
Khaldun,purer,1
Khaldun,purification,1
Khaldun,purified,1
Khaldun,purify,1
Khaldun,pursuing,1
Khaldun,push,1
Khaldun,pushes,1
Khaldun,pushing,1
Khaldun,putridity,1
Khaldun,puzzling,1
Khaldun,pyramid,1
Khaldun,qasim,1
Khaldun,qasrî,1
Khaldun,qaḥṭabah,1
Khaldun,qaḥṭabahs,1
Khaldun,qinnasrîn,1
Khaldun,qiyâs,1
Khaldun,qua,1
Khaldun,quadripartitum,1
Khaldun,quadrupeds,1
Khaldun,qualification,1
Khaldun,qualifying,1
Khaldun,quarrel,1
Khaldun,quarrelling,1
Khaldun,quartile,1
Khaldun,quatrains,1
Khaldun,quests,1
Khaldun,quiddity,1
Khaldun,quitted,1
Khaldun,quivers,1
Khaldun,qumr,1
Khaldun,quote,1
Khaldun,qurâ,1
Khaldun,quḍâ,1
Khaldun,rabble,1
Khaldun,racial,1
Khaldun,rage,1
Khaldun,rags,1
Khaldun,raiders,1
Khaldun,raiment,1
Khaldun,raises,1
Khaldun,raison,1
Khaldun,rajl,1
Khaldun,rally,1
Khaldun,ram,1
Khaldun,rambles,1
Khaldun,rambling,1
Khaldun,rapacity,1
Khaldun,rapidly,1
Khaldun,raqqah,1
Khaldun,rarefies,1
Khaldun,rarity,1
Khaldun,rashid,1
Khaldun,ratification,1
Khaldun,rations,1
Khaldun,raw,1
Khaldun,reaction,1
Khaldun,reactions,1
Khaldun,readiness,1
Khaldun,readings,1
Khaldun,readjusting,1
Khaldun,realistically,1
Khaldun,reaped,1
Khaldun,reaping,1
Khaldun,reappeared,1
Khaldun,reappears,1
Khaldun,reapply,1
Khaldun,reaps,1
Khaldun,reasonable,1
Khaldun,reassurance,1
Khaldun,rebellion,1
Khaldun,rebellions,1
Khaldun,rebuilt,1
Khaldun,rebuked,1
Khaldun,receptacles,1
Khaldun,receptive,1
Khaldun,recesses,1
Khaldun,recession,1
Khaldun,reciprocal,1
Khaldun,recital,1
Khaldun,recognizable,1
Khaldun,recognizes,1
Khaldun,recompense,1
Khaldun,reconciled,1
Khaldun,reconciliation,1
Khaldun,reconquered,1
Khaldun,reconsideration,1
Khaldun,reconsidered,1
Khaldun,record,1
Khaldun,recruit,1
Khaldun,reddish,1
Khaldun,redistributed,1
Khaldun,reduction,1
Khaldun,reestablished,1
Khaldun,refinings,1
Khaldun,refinishing,1
Khaldun,reflecting,1
Khaldun,reflections,1
Khaldun,reform,1
Khaldun,refractory,1
Khaldun,refraining,1
Khaldun,refreshing,1
Khaldun,refugee,1
Khaldun,refusing,1
Khaldun,refuting,1
Khaldun,regaining,1
Khaldun,regional,1
Khaldun,regression,1
Khaldun,regularly,1
Khaldun,regulated,1
Khaldun,regulates,1
Khaldun,regulations,1
Khaldun,reins,1
Khaldun,released,1
Khaldun,relieve,1
Khaldun,religions,1
Khaldun,religiosity,1
Khaldun,religiousness,1
Khaldun,relinquished,1
Khaldun,relish,1
Khaldun,reluctance,1
Khaldun,reluctant,1
Khaldun,relying,1
Khaldun,remembering,1
Khaldun,remembrance,1
Khaldun,remnants,1
Khaldun,renew,1
Khaldun,renounced,1
Khaldun,renown,1
Khaldun,renowned,1
Khaldun,reoccurs,1
Khaldun,repaired,1
Khaldun,repairing,1
Khaldun,repairs,1
Khaldun,repay,1
Khaldun,repeat,1
Khaldun,repeats,1
Khaldun,repelling,1
Khaldun,repented,1
Khaldun,replacement,1
Khaldun,replaces,1
Khaldun,replacing,1
Khaldun,replenish,1
Khaldun,replies,1
Khaldun,replying,1
Khaldun,representation,1
Khaldun,representing,1
Khaldun,repress,1
Khaldun,reproach,1
Khaldun,reproduce,1
Khaldun,reproduced,1
Khaldun,repugnant,1
Khaldun,repulsed,1
Khaldun,repulsion,1
Khaldun,requisites,1
Khaldun,requisition,1
Khaldun,resell,1
Khaldun,reselling,1
Khaldun,resemble,1
Khaldun,resembles,1
Khaldun,resembling,1
Khaldun,resent,1
Khaldun,reservoir,1
Khaldun,residences,1
Khaldun,resident,1
Khaldun,resides,1
Khaldun,resigned,1
Khaldun,resolution,1
Khaldun,resolving,1
Khaldun,resort,1
Khaldun,resorted,1
Khaldun,resplendent,1
Khaldun,responded,1
Khaldun,responsa,1
Khaldun,response,1
Khaldun,rested,1
Khaldun,restful,1
Khaldun,restfulness,1
Khaldun,resting,1
Khaldun,restive,1
Khaldun,restrained,1
Khaldun,restrains,1
Khaldun,restricting,1
Khaldun,retaining,1
Khaldun,retention,1
Khaldun,retire,1
Khaldun,retired,1
Khaldun,retires,1
Khaldun,retiring,1
Khaldun,retrace,1
Khaldun,retract,1
Khaldun,retracting,1
Khaldun,retreat,1
Khaldun,retrogresses,1
Khaldun,reused,1
Khaldun,revel,1
Khaldun,reverse,1
Khaldun,reverting,1
Khaldun,reviewers,1
Khaldun,revise,1
Khaldun,revised,1
Khaldun,revision,1
Khaldun,revivification,1
Khaldun,revolting,1
Khaldun,revolutionaries,1
Khaldun,revolutions,1
Khaldun,revolves,1
Khaldun,rhazes,1
Khaldun,rhetorician,1
Khaldun,rhetoricians,1
Khaldun,rhythmical,1
Khaldun,rhythms,1
Khaldun,rid,1
Khaldun,rides,1
Khaldun,ridiculous,1
Khaldun,rids,1
Khaldun,rifah,1
Khaldun,rigid,1
Khaldun,rigidly,1
Khaldun,ringing,1
Khaldun,ripening,1
Khaldun,ripping,1
Khaldun,risks,1
Khaldun,rivalries,1
Khaldun,rivalry,1
Khaldun,riḍâ,1
Khaldun,riḥlah,1
Khaldun,rnin,1
Khaldun,robbed,1
Khaldun,rocks,1
Khaldun,rocky,1
Khaldun,rode,1
Khaldun,roll,1
Khaldun,rolled,1
Khaldun,ronda,1
Khaldun,rootless,1
Khaldun,rose,1
Khaldun,roused,1
Khaldun,rove,1
Khaldun,row,1
Khaldun,rows,1
Khaldun,rubies,1
Khaldun,ruby,1
Khaldun,ruddy,1
Khaldun,ruining,1
Khaldun,rulings,1
Khaldun,rumours,1
Khaldun,rumâḥis,1
Khaldun,ruptured,1
Khaldun,rural,1
Khaldun,ruses,1
Khaldun,russian,1
Khaldun,ruth,1
Khaldun,ruthlessly,1
Khaldun,râb,1
Khaldun,râzî,1
Khaldun,sabasṭiyah,1
Khaldun,sacrifice,1
Khaldun,sacrificial,1
Khaldun,sact,1
Khaldun,sad,1
Khaldun,saddle,1
Khaldun,saddles,1
Khaldun,sadness,1
Khaldun,safeguarded,1
Khaldun,safeguarding,1
Khaldun,safer,1
Khaldun,saffaḥ,1
Khaldun,saffâḥ,1
Khaldun,safsaṭah,1
Khaldun,safyân,1
Khaldun,sail,1
Khaldun,saintliness,1
Khaldun,sajjâd,1
Khaldun,salesmen,1
Khaldun,salmon,1
Khaldun,salon,1
Khaldun,salons,1
Khaldun,salt,1
Khaldun,salty,1
Khaldun,salâh,1
Khaldun,sameness,1
Khaldun,samuel,1
Khaldun,sanctuary,1
Khaldun,sant,1
Khaldun,saps,1
Khaldun,sarcophagi,1
Khaldun,sassanian,1
Khaldun,satiated,1
Khaldun,satiation,1
Khaldun,satirical,1
Khaldun,satisfactions,1
Khaldun,satisfactorily,1
Khaldun,sayf,1
Khaldun,sbeitla,1
Khaldun,scabbards,1
Khaldun,scanned,1
Khaldun,scarcity,1
Khaldun,scatter,1
Khaldun,scene,1
Khaldun,scepticism,1
Khaldun,schoolteacher,1
Khaldun,score,1
Khaldun,scoundrels,1
Khaldun,screen,1
Khaldun,scribe,1
Khaldun,scribes,1
Khaldun,scrupulousness,1
Khaldun,scrutinize,1
Khaldun,scrutinizes,1
Khaldun,scrutinizing,1
Khaldun,sculpture,1
Khaldun,seagoing,1
Khaldun,seaports,1
Khaldun,searched,1
Khaldun,seated,1
Khaldun,secede,1
Khaldun,secedes,1
Khaldun,seceding,1
Khaldun,secession,1
Khaldun,seclude,1
Khaldun,secondhand,1
Khaldun,secretarial,1
Khaldun,sectarian,1
Khaldun,sectarians,1
Khaldun,sediment,1
Khaldun,seduced,1
Khaldun,seductive,1
Khaldun,seedless,1
Khaldun,segment,1
Khaldun,seizure,1
Khaldun,selects,1
Khaldun,semantically,1
Khaldun,semantics,1
Khaldun,semen,1
Khaldun,seminars,1
Khaldun,sending,1
Khaldun,sensed,1
Khaldun,senseless,1
Khaldun,sensually,1
Khaldun,sentence,1
Khaldun,sententious,1
Khaldun,sentiments,1
Khaldun,seriousness,1
Khaldun,sesame,1
Khaldun,seventieth,1
Khaldun,severely,1
Khaldun,sew,1
Khaldun,sewing,1
Khaldun,sex,1
Khaldun,sexual,1
Khaldun,sfax,1
Khaldun,shake,1
Khaldun,shakes,1
Khaldun,shaped,1
Khaldun,shaping,1
Khaldun,sharif,1
Khaldun,sharpened,1
Khaldun,sharply,1
Khaldun,sharpshooters,1
Khaldun,sharâh,1
Khaldun,shayzar,1
Khaldun,sheepmen,1
Khaldun,sheet,1
Khaldun,sheets,1
Khaldun,shelah,1
Khaldun,shell,1
Khaldun,shellfish,1
Khaldun,shells,1
Khaldun,shem,1
Khaldun,shi,1
Khaldun,shifted,1
Khaldun,shifts,1
Khaldun,shipbuilding,1
Khaldun,shipping,1
Khaldun,shipyard,1
Khaldun,shirking,1
Khaldun,shiḥr,1
Khaldun,shoes,1
Khaldun,shoot,1
Khaldun,shopkeepers,1
Khaldun,shortages,1
Khaldun,shortly,1
Khaldun,shouting,1
Khaldun,shreds,1
Khaldun,shrinking,1
Khaldun,shrunk,1
Khaldun,shunned,1
Khaldun,shurayḥ,1
Khaldun,shurṭah,1
Khaldun,shâsh,1
Khaldun,sickness,1
Khaldun,sidereal,1
Khaldun,siffîn,1
Khaldun,signer,1
Khaldun,signet,1
Khaldun,signing,1
Khaldun,sikkah,1
Khaldun,silence,1
Khaldun,silks,1
Khaldun,simplest,1
Khaldun,simpletons,1
Khaldun,sincerity,1
Khaldun,sind,1
Khaldun,sinful,1
Khaldun,singer,1
Khaldun,singles,1
Khaldun,sinking,1
Khaldun,sinners,1
Khaldun,sinâ,1
Khaldun,sira,1
Khaldun,sirâj,1
Khaldun,sits,1
Khaldun,sizes,1
Khaldun,skilfully,1
Khaldun,skills,1
Khaldun,skull,1
Khaldun,slacken,1
Khaldun,slackened,1
Khaldun,slackens,1
Khaldun,slates,1
Khaldun,slav,1
Khaldun,slave,1
Khaldun,sleeps,1
Khaldun,slight,1
Khaldun,slightness,1
Khaldun,slinks,1
Khaldun,slipped,1
Khaldun,slipping,1
Khaldun,sloughing,1
Khaldun,sluggards,1
Khaldun,smallness,1
Khaldun,smash,1
Khaldun,smearing,1
Khaldun,smelled,1
Khaldun,smells,1
Khaldun,smiths,1
Khaldun,smoke,1
Khaldun,smooth,1
Khaldun,smoothed,1
Khaldun,smoothness,1
Khaldun,snails,1
Khaldun,snares,1
Khaldun,soap,1
Khaldun,sociability,1
Khaldun,sociable,1
Khaldun,society,1
Khaldun,softens,1
Khaldun,solecisms,1
Khaldun,solidarity,1
Khaldun,solidification,1
Khaldun,solidity,1
Khaldun,solutions,1
Khaldun,solve,1
Khaldun,solving,1
Khaldun,song,1
Khaldun,sooner,1
Khaldun,sophistical,1
Khaldun,sophistry,1
Khaldun,sore,1
Khaldun,soundest,1
Khaldun,sow,1
Khaldun,sowing,1
Khaldun,sown,1
Khaldun,spans,1
Khaldun,sparingly,1
Khaldun,sparse,1
Khaldun,spat,1
Khaldun,spathe,1
Khaldun,spears,1
Khaldun,speciality,1
Khaldun,specimen,1
Khaldun,specious,1
Khaldun,spectacles,1
Khaldun,speculated,1
Khaldun,speeds,1
Khaldun,spells,1
Khaldun,spendthrift,1
Khaldun,spendthrifts,1
Khaldun,spices,1
Khaldun,spinning,1
Khaldun,spiritually,1
Khaldun,spit,1
Khaldun,spiteful,1
Khaldun,spits,1
Khaldun,spitting,1
Khaldun,spoil,1
Khaldun,spoils,1
Khaldun,sponge,1
Khaldun,spontaneous,1
Khaldun,spontaneously,1
Khaldun,spot,1
Khaldun,squander,1
Khaldun,squandering,1
Khaldun,sta,1
Khaldun,stability,1
Khaldun,stabled,1
Khaldun,stagnancy,1
Khaldun,stagnation,1
Khaldun,stain,1
Khaldun,stains,1
Khaldun,stanza,1
Khaldun,stanzas,1
Khaldun,starlings,1
Khaldun,starvation,1
Khaldun,stating,1
Khaldun,statues,1
Khaldun,statutes,1
Khaldun,stave,1
Khaldun,staying,1
Khaldun,stead,1
Khaldun,steadiness,1
Khaldun,steadying,1
Khaldun,steal,1
Khaldun,stellar,1
Khaldun,steward,1
Khaldun,stewards,1
Khaldun,stick,1
Khaldun,sticking,1
Khaldun,stigma,1
Khaldun,stimuli,1
Khaldun,stinginess,1
Khaldun,stipends,1
Khaldun,stipulations,1
Khaldun,stitching,1
Khaldun,stoa,1
Khaldun,stoics,1
Khaldun,stoppage,1
Khaldun,stopping,1
Khaldun,storage,1
Khaldun,storehouses,1
Khaldun,stores,1
Khaldun,storms,1
Khaldun,strangest,1
Khaldun,straying,1
Khaldun,strays,1
Khaldun,stretched,1
Khaldun,stretches,1
Khaldun,strewn,1
Khaldun,strict,1
Khaldun,strike,1
Khaldun,striped,1
Khaldun,strives,1
Khaldun,striving,1
Khaldun,strolled,1
Khaldun,stronghold,1
Khaldun,struck,1
Khaldun,structures,1
Khaldun,stuck,1
Khaldun,stumble,1
Khaldun,stumbling,1
Khaldun,stylist,1
Khaldun,stylistically,1
Khaldun,stylists,1
Khaldun,suakin,1
Khaldun,subbranches,1
Khaldun,subdues,1
Khaldun,subjected,1
Khaldun,subjugated,1
Khaldun,sublimate,1
Khaldun,sublimation,1
Khaldun,substantial,1
Khaldun,substantiate,1
Khaldun,substantiated,1
Khaldun,substitutes,1
Khaldun,subtle,1
Khaldun,subtlest,1
Khaldun,subtlety,1
Khaldun,subtraction,1
Khaldun,suburb,1
Khaldun,succeeding,1
Khaldun,successfully,1
Khaldun,succinct,1
Khaldun,succour,1
Khaldun,sucklings,1
Khaldun,sucks,1
Khaldun,sufâlah,1
Khaldun,sugar,1
Khaldun,suggesting,1
Khaldun,suit,1
Khaldun,suitability,1
Khaldun,sulṭân,1
Khaldun,summarily,1
Khaldun,sumptuous,1
Khaldun,sums,1
Khaldun,sunk,1
Khaldun,supercilious,1
Khaldun,superficial,1
Khaldun,superfluousness,1
Khaldun,superiors,1
Khaldun,supervising,1
Khaldun,supervisory,1
Khaldun,supplement,1
Khaldun,supplements,1
Khaldun,supplicants,1
Khaldun,supposes,1
Khaldun,supposition,1
Khaldun,suppositions,1
Khaldun,supremacy,1
Khaldun,surd,1
Khaldun,surpass,1
Khaldun,surpasses,1
Khaldun,surpassing,1
Khaldun,surprised,1
Khaldun,surprises,1
Khaldun,surrenders,1
Khaldun,surreptitiously,1
Khaldun,surrounds,1
Khaldun,surveillance,1
Khaldun,survey,1
Khaldun,survival,1
Khaldun,susceptibility,1
Khaldun,suspended,1
Khaldun,suspicious,1
Khaldun,sustains,1
Khaldun,sutures,1
Khaldun,swamps,1
Khaldun,swarm,1
Khaldun,swayed,1
Khaldun,swearing,1
Khaldun,sweet,1
Khaldun,swerves,1
Khaldun,swerving,1
Khaldun,swim,1
Khaldun,swims,1
Khaldun,swooning,1
Khaldun,sworn,1
Khaldun,sycophantic,1
Khaldun,syllables,1
Khaldun,symbolically,1
Khaldun,symmetry,1
Khaldun,sympathizers,1
Khaldun,synods,1
Khaldun,synonyms,1
Khaldun,syntactic,1
Khaldun,syntaxis,1
Khaldun,synthetic,1
Khaldun,system,1
Khaldun,systematize,1
Khaldun,systems,1
Khaldun,sîmiyâ,1
Khaldun,sûrat,1
Khaldun,tabaristân,1
Khaldun,table,1
Khaldun,tabulation,1
Khaldun,tabûk,1
Khaldun,tacking,1
Khaldun,tackle,1
Khaldun,takrûr,1
Khaldun,talked,1
Khaldun,taller,1
Khaldun,tame,1
Khaldun,tamper,1
Khaldun,tampering,1
Khaldun,tamâghis,1
Khaldun,tanner,1
Khaldun,tanning,1
Khaldun,tapping,1
Khaldun,tashkent,1
Khaldun,tasim,1
Khaldun,tastelessness,1
Khaldun,taxable,1
Khaldun,taxpayers,1
Khaldun,tazz,1
Khaldun,taḍid,1
Khaldun,taṣawwur,1
Khaldun,teakwood,1
Khaldun,tearing,1
Khaldun,teems,1
Khaldun,teeth,1
Khaldun,telling,1
Khaldun,temperance,1
Khaldun,tempered,1
Khaldun,tempering,1
Khaldun,tempests,1
Khaldun,temporarily,1
Khaldun,temptation,1
Khaldun,tempted,1
Khaldun,tenet,1
Khaldun,tenses,1
Khaldun,termed,1
Khaldun,terminates,1
Khaldun,terrain,1
Khaldun,terrible,1
Khaldun,testicles,1
Khaldun,testifying,1
Khaldun,texture,1
Khaldun,tha,1
Khaldun,theft,1
Khaldun,themistius,1
Khaldun,thin,1
Khaldun,thinly,1
Khaldun,thirdly,1
Khaldun,thirds,1
Khaldun,thirteen,1
Khaldun,thirties,1
Khaldun,thither,1
Khaldun,thoroughness,1
Khaldun,thoughtless,1
Khaldun,threads,1
Khaldun,threat,1
Khaldun,threatening,1
Khaldun,threatens,1
Khaldun,threefold,1
Khaldun,threshing,1
Khaldun,thrives,1
Khaldun,throat,1
Khaldun,throwing,1
Khaldun,thrown,1
Khaldun,thunder,1
Khaldun,thwarted,1
Khaldun,thâbit,1
Khaldun,tide,1
Khaldun,tie,1
Khaldun,tiles,1
Khaldun,tilings,1
Khaldun,timelessly,1
Khaldun,tips,1
Khaldun,tired,1
Khaldun,tiresome,1
Khaldun,tirmidh,1
Khaldun,toil,1
Khaldun,toledo,1
Khaldun,tolerate,1
Khaldun,tolerating,1
Khaldun,tool,1
Khaldun,topoi,1
Khaldun,totality,1
Khaldun,totally,1
Khaldun,touches,1
Khaldun,touchstone,1
Khaldun,tozeur,1
Khaldun,tract,1
Khaldun,tracts,1
Khaldun,traditionists,1
Khaldun,tranquil,1
Khaldun,transcends,1
Khaldun,transcribing,1
Khaldun,transcription,1
Khaldun,transforming,1
Khaldun,transforms,1
Khaldun,transgressed,1
Khaldun,translate,1
Khaldun,translates,1
Khaldun,translating,1
Khaldun,transliteration,1
Khaldun,transmitter,1
Khaldun,transplanted,1
Khaldun,transported,1
Khaldun,trappings,1
Khaldun,traps,1
Khaldun,traverse,1
Khaldun,treacherous,1
Khaldun,tremendously,1
Khaldun,trespassed,1
Khaldun,triangle,1
Khaldun,tricked,1
Khaldun,tricky,1
Khaldun,trifle,1
Khaldun,trifling,1
Khaldun,trigonometry,1
Khaldun,tripolitania,1
Khaldun,triumph,1
Khaldun,troop,1
Khaldun,troubled,1
Khaldun,trunk,1
Khaldun,trunks,1
Khaldun,trustee,1
Khaldun,trusting,1
Khaldun,trustworthiness,1
Khaldun,truthfully,1
Khaldun,trysts,1
Khaldun,tune,1
Khaldun,tunisian,1
Khaldun,turquoise,1
Khaldun,twigs,1
Khaldun,twisted,1
Khaldun,twister,1
Khaldun,twofold,1
Khaldun,tyrannic,1
Khaldun,tyrants,1
Khaldun,tyre,1
Khaldun,tûmart,1
Khaldun,ubaydallâh,1
Khaldun,udder,1
Khaldun,ugliness,1
Khaldun,ukâẓ,1
Khaldun,umarâ,1
Khaldun,umbilical,1
Khaldun,unabated,1
Khaldun,unacceptable,1
Khaldun,unaccustomed,1
Khaldun,unadulterated,1
Khaldun,unaffected,1
Khaldun,unaggressive,1
Khaldun,unavailable,1
Khaldun,unavoidably,1
Khaldun,unawareness,1
Khaldun,unbelievable,1
Khaldun,unbeliever,1
Khaldun,unborn,1
Khaldun,uncertainties,1
Khaldun,uncivilized,1
Khaldun,uncommon,1
Khaldun,uncommonly,1
Khaldun,uncomposed,1
Khaldun,unconsciously,1
Khaldun,unconsciousness,1
Khaldun,uncontaminated,1
Khaldun,uncooked,1
Khaldun,uncorrupted,1
Khaldun,uncovering,1
Khaldun,uncritical,1
Khaldun,uncultivated,1
Khaldun,underlie,1
Khaldun,undertakings,1
Khaldun,underwent,1
Khaldun,undisciplined,1
Khaldun,unemployed,1
Khaldun,unencumbered,1
Khaldun,unending,1
Khaldun,unequal,1
Khaldun,uneven,1
Khaldun,unexplainable,1
Khaldun,unexplained,1
Khaldun,unfamiliarity,1
Khaldun,unfathomable,1
Khaldun,unhappiness,1
Khaldun,unhappy,1
Khaldun,unhealthy,1
Khaldun,uniformly,1
Khaldun,unimportant,1
Khaldun,unimproved,1
Khaldun,unintentional,1
Khaldun,unintentionally,1
Khaldun,uninterrupted,1
Khaldun,uniqueness,1
Khaldun,unites,1
Khaldun,uniting,1
Khaldun,universalism,1
Khaldun,university,1
Khaldun,unknowns,1
Khaldun,unlawful,1
Khaldun,unlock,1
Khaldun,unmanageable,1
Khaldun,unmixed,1
Khaldun,unorthodox,1
Khaldun,unpopular,1
Khaldun,unprotected,1
Khaldun,unproven,1
Khaldun,unpublished,1
Khaldun,unrealistic,1
Khaldun,unrewarded,1
Khaldun,unripe,1
Khaldun,unruliness,1
Khaldun,unsatisfactory,1
Khaldun,unseemly,1
Khaldun,unsound,1
Khaldun,unstudied,1
Khaldun,unsuccessfully,1
Khaldun,unsuited,1
Khaldun,unsullied,1
Khaldun,unsupported,1
Khaldun,untamable,1
Khaldun,untied,1
Khaldun,unverifiable,1
Khaldun,unwholesome,1
Khaldun,upgrading,1
Khaldun,upheaval,1
Khaldun,uphold,1
Khaldun,uprooting,1
Khaldun,upside,1
Khaldun,urges,1
Khaldun,usu,1
Khaldun,usurpation,1
Khaldun,usurped,1
Khaldun,usurpers,1
Khaldun,usury,1
Khaldun,utilize,1
Khaldun,utopias,1
Khaldun,utter,1
Khaldun,uttered,1
Khaldun,uṣûl,1
Khaldun,vague,1
Khaldun,validating,1
Khaldun,validity,1
Khaldun,valuable,1
Khaldun,variance,1
Khaldun,variations,1
Khaldun,varieties,1
Khaldun,vegetable,1
Khaldun,vendors,1
Khaldun,vengeance,1
Khaldun,ventures,1
Khaldun,venusians,1
Khaldun,verb,1
Khaldun,verbiage,1
Khaldun,verdict,1
Khaldun,verifiable,1
Khaldun,verified,1
Khaldun,verifying,1
Khaldun,vertically,1
Khaldun,vestige,1
Khaldun,vestiges,1
Khaldun,vexing,1
Khaldun,vibrant,1
Khaldun,vicinity,1
Khaldun,vies,1
Khaldun,viewed,1
Khaldun,vigorous,1
Khaldun,village,1
Khaldun,vine,1
Khaldun,vines,1
Khaldun,violence,1
Khaldun,virgo,1
Khaldun,virtuousness,1
Khaldun,visibility,1
Khaldun,visit,1
Khaldun,visitations,1
Khaldun,visiting,1
Khaldun,visitors,1
Khaldun,vitiated,1
Khaldun,vocabulary,1
Khaldun,vocalization,1
Khaldun,voice,1
Khaldun,volitions,1
Khaldun,volumes,1
Khaldun,vulgate,1
Khaldun,vulnerable,1
Khaldun,wadrâr,1
Khaldun,waghdâs,1
Khaldun,wakîl,1
Khaldun,walking,1
Khaldun,walks,1
Khaldun,wander,1
Khaldun,wandering,1
Khaldun,wanderings,1
Khaldun,warded,1
Khaldun,warlike,1
Khaldun,warned,1
Khaldun,warning,1
Khaldun,warrants,1
Khaldun,warriors,1
Khaldun,washes,1
Khaldun,wasteful,1
Khaldun,wastefully,1
Khaldun,wastefulness,1
Khaldun,watch,1
Khaldun,watchful,1
Khaldun,watered,1
Khaldun,watering,1
Khaldun,waters,1
Khaldun,wave,1
Khaldun,wayward,1
Khaldun,waḥshîyah,1
Khaldun,waḥy,1
Khaldun,weakening,1
Khaldun,weakest,1
Khaldun,weakling,1
Khaldun,wealthier,1
Khaldun,weariness,1
Khaldun,weave,1
Khaldun,weeks,1
Khaldun,weighs,1
Khaldun,weighty,1
Khaldun,weld,1
Khaldun,wept,1
Khaldun,westward,1
Khaldun,whichever,1
Khaldun,whistling,1
Khaldun,wholly,1
Khaldun,whomsoever,1
Khaldun,wick,1
Khaldun,wickedly,1
Khaldun,wickedness,1
Khaldun,widest,1
Khaldun,wielded,1
Khaldun,wife,1
Khaldun,wilder,1
Khaldun,willed,1
Khaldun,winebibber,1
Khaldun,winter,1
Khaldun,wipes,1
Khaldun,wisely,1
Khaldun,wishful,1
Khaldun,withstanding,1
Khaldun,wittiness,1
Khaldun,witty,1
Khaldun,wizâratayn,1
Khaldun,wolf,1
Khaldun,womenfolk,1
Khaldun,wondrous,1
Khaldun,woods,1
Khaldun,wore,1
Khaldun,worry,1
Khaldun,worse,1
Khaldun,worshipped,1
Khaldun,worshippers,1
Khaldun,worthy,1
Khaldun,wounded,1
Khaldun,wounds,1
Khaldun,writers,1
Khaldun,writes,1
Khaldun,wronged,1
Khaldun,wrongs,1
Khaldun,wâdî,1
Khaldun,wâqidî,1
Khaldun,wâqwâq,1
Khaldun,wâthiq,1
Khaldun,xliv,1
Khaldun,xxxix,1
Khaldun,xxxviiff,1
Khaldun,yanbu,1
Khaldun,yarmûk,1
Khaldun,yastâsb,1
Khaldun,yaswâdda,1
Khaldun,yathrib,1
Khaldun,yawn,1
Khaldun,yazdjard,1
Khaldun,yaḥya,1
Khaldun,yellow,1
Khaldun,yielding,1
Khaldun,yogis,1
Khaldun,youthful,1
Khaldun,youths,1
Khaldun,yâsir,1
Khaldun,zabîd,1
Khaldun,zakarîyâ,1
Khaldun,zarkash,1
Khaldun,zayla,1
Khaldun,zealous,1
Khaldun,ziyâd,1
Khaldun,zoroastrian,1
Khaldun,zoroastrians,1
Khaldun,zubaydî,1
Khaldun,zuhrî,1
Khaldun,zâb,1
Khaldun,zîj,1
Khaldun,zîrî,1
Khaldun,âlibî,1
Khaldun,âlât,1
Khaldun,âmirî,1
Khaldun,ânic,1
Khaldun,ârnir,1
Khaldun,şûm,1
Khaldun,ḥadith,1
Khaldun,ḥadîth,1
Khaldun,ḥakîm,1
Khaldun,ḥallâj,1
Khaldun,ḥanafites,1
Khaldun,ḥanîfah,1
Khaldun,ḥassân,1
Khaldun,ḥaḍramawt,1
Khaldun,ḥijâzi,1
Khaldun,ḥimyarites,1
Khaldun,ḥunayn,1
Khaldun,ḥâjibs,1
Khaldun,ṣan,1
Khaldun,ṣayfî,1
Khaldun,ṣiffîn,1
Khaldun,ṣilḥ,1
Khaldun,ṣim,1
Khaldun,ṣiqilli,1
Khaldun,ṣirâṭ,1
Khaldun,ṣiḥâḥ,1
Khaldun,ṣâhib,1
Khaldun,ṭabaristân,1
Khaldun,ṭayy,1
Khaldun,ṭurṭûshi,1
Khaldun,ṭîrâz,1
Khaldun,ẓâhirite,1
Khaldun,ẓâhirites,1
Somerville,abandoned,1
Somerville,abeyance,1
Somerville,abide,1
Somerville,ably,1
Somerville,abode,1
Somerville,abounds,1
Somerville,abraded,1
Somerville,abreast,1
Somerville,abroad,1
Somerville,abruptly,1
Somerville,abruptness,1
Somerville,absorbent,1
Somerville,abstract,1
Somerville,abstruse,1
Somerville,absurdity,1
Somerville,academy,1
Somerville,accelerating,1
Somerville,accelerations,1
Somerville,accept,1
Somerville,accepting,1
Somerville,accessed,1
Somerville,accessible,1
Somerville,accommodation,1
Somerville,accorded,1
Somerville,acknowledged,1
Somerville,acknowledges,1
Somerville,acquaintance,1
Somerville,acquirement,1
Somerville,acquirements,1
Somerville,add,1
Somerville,additions,1
Somerville,address,1
Somerville,addresses,1
Somerville,adduced,1
Somerville,adequate,1
Somerville,adequately,1
Somerville,adhered,1
Somerville,adheres,1
Somerville,adhering,1
Somerville,adhesiveness,1
Somerville,adjoining,1
Somerville,adjust,1
Somerville,admeasurement,1
Somerville,admiration,1
Somerville,admissible,1
Somerville,advancement,1
Somerville,advances,1
Somerville,advantageous,1
Somerville,advantageously,1
Somerville,advantages,1
Somerville,advocate,1
Somerville,affair,1
Somerville,affairs,1
Somerville,affectionate,1
Somerville,affections,1
Somerville,affirm,1
Somerville,aged,1
Somerville,agents,1
Somerville,aggregate,1
Somerville,aggregated,1
Somerville,aggregates,1
Somerville,agitate,1
Somerville,agreeable,1
Somerville,agreeing,1
Somerville,aids,1
Somerville,aims,1
Somerville,alarmed,1
Somerville,albany,1
Somerville,albemarle,1
Somerville,albumen,1
Somerville,algiers,1
Somerville,alkaline,1
Somerville,alliance,1
Somerville,allied,1
Somerville,alloy,1
Somerville,almighty,1
Somerville,aloft,1
Somerville,alsace,1
Somerville,alterations,1
Somerville,alumina,1
Somerville,ambient,1
Somerville,amid,1
Somerville,amounted,1
Somerville,amphitheatre,1
Somerville,amplitude,1
Somerville,analogies,1
Somerville,analyse,1
Somerville,analyst,1
Somerville,anatomy,1
Somerville,anchor,1
Somerville,anchored,1
Somerville,andromedæ,1
Somerville,angled,1
Somerville,animate,1
Somerville,announced,1
Somerville,annua,1
Somerville,annuaire,1
Somerville,annuals,1
Somerville,annulled,1
Somerville,anomalous,1
Somerville,answered,1
Somerville,answering,1
Somerville,ansæ,1
Somerville,antecedent,1
Somerville,antennæ,1
Somerville,antetrade,1
Somerville,antinoi,1
Somerville,aperature,1
Somerville,aphelia,1
Somerville,appalled,1
Somerville,apparition,1
Somerville,appeals,1
Somerville,appliances,1
Somerville,applications,1
Somerville,appointed,1
Somerville,appreciated,1
Somerville,appreciating,1
Somerville,apprehended,1
Somerville,approximated,1
Somerville,approximations,1
Somerville,appulse,1
Somerville,aqueducts,1
Somerville,arab,1
Somerville,arabic,1
Somerville,arbitrary,1
Somerville,arch,1
Somerville,architect,1
Somerville,architecture,1
Somerville,areal,1
Somerville,areola,1
Somerville,arithmetic,1
Somerville,armed,1
Somerville,arose,1
Somerville,arranging,1
Somerville,array,1
Somerville,arrest,1
Somerville,arrising,1
Somerville,arthur,1
Somerville,articles,1
Somerville,articulated,1
Somerville,artois,1
Somerville,ascribe,1
Somerville,asphalt,1
Somerville,asserted,1
Somerville,assertion,1
Somerville,assimilating,1
Somerville,assist,1
Somerville,assisted,1
Somerville,assurance,1
Somerville,assure,1
Somerville,assures,1
Somerville,asteroids,1
Somerville,astonishingly,1
Somerville,astounding,1
Somerville,astral,1
Somerville,attaches,1
Somerville,attaining,1
Somerville,attempting,1
Somerville,attend,1
Somerville,attendant,1
Somerville,attending,1
Somerville,attentive,1
Somerville,attribute,1
Somerville,attributing,1
Somerville,aurigæ,1
Somerville,auriol,1
Somerville,authoress,1
Somerville,avail,1
Somerville,availing,1
Somerville,avoidance,1
Somerville,avoided,1
Somerville,avoiding,1
Somerville,awaken,1
Somerville,axioms,1
Somerville,azimuth,1
Somerville,azitote,1
Somerville,azolitmine,1
Somerville,azure,1
Somerville,aërolite,1
Somerville,baffle,1
Somerville,bag,1
Somerville,bahama,1
Somerville,bailly,1
Somerville,bakerian,1
Somerville,balearic,1
Somerville,bamboo,1
Somerville,banana,1
Somerville,barely,1
Somerville,barrenness,1
Somerville,basins,1
Somerville,bat,1
Somerville,bath,1
Somerville,bats,1
Somerville,bays,1
Somerville,bearable,1
Somerville,bearded,1
Somerville,beaten,1
Somerville,bed,1
Somerville,bedford,1
Somerville,begun,1
Somerville,behring,1
Somerville,believing,1
Somerville,bellows,1
Somerville,beneficial,1
Somerville,bengal,1
Somerville,bentley,1
Somerville,besieged,1
Somerville,beta,1
Somerville,bewilder,1
Somerville,bichromate,1
Somerville,bifid,1
Somerville,billions,1
Somerville,binds,1
Somerville,birch,1
Somerville,bird,1
Somerville,bisection,1
Somerville,bisects,1
Somerville,bisulphate,1
Somerville,bit,1
Somerville,blackens,1
Somerville,blanc,1
Somerville,blanched,1
Somerville,blank,1
Somerville,blazing,1
Somerville,bleached,1
Somerville,blending,1
Somerville,blooms,1
Somerville,blotting,1
Somerville,blown,1
Somerville,blues,1
Somerville,bohemian,1
Somerville,bomb,1
Somerville,bombax,1
Somerville,bonhomme,1
Somerville,boom,1
Somerville,bordered,1
Somerville,bored,1
Somerville,borings,1
Somerville,borneo,1
Somerville,boston,1
Somerville,botanically,1
Somerville,bottles,1
Somerville,boughs,1
Somerville,bourbon,1
Somerville,boxes,1
Somerville,brave,1
Somerville,bread,1
Somerville,breast,1
Somerville,breath,1
Somerville,breathing,1
Somerville,bremen,1
Somerville,breslau,1
Somerville,bricks,1
Somerville,bridge,1
Somerville,bridges,1
Somerville,brightly,1
Somerville,brilliantly,1
Somerville,brittle,1
Somerville,broke,1
Somerville,bronze,1
Somerville,broomfield,1
Somerville,brussels,1
Somerville,bubbles,1
Somerville,bucket,1
Somerville,build,1
Somerville,building,1
Somerville,built,1
Somerville,bulb,1
Somerville,bundles,1
Somerville,buoyant,1
Somerville,business,1
Somerville,béfort,1
Somerville,cadmium,1
Somerville,cage,1
Somerville,cairo,1
Somerville,calculator,1
Somerville,calmest,1
Somerville,camelopardali,1
Somerville,camphor,1
Somerville,candlelight,1
Somerville,cannon,1
Somerville,canopus,1
Somerville,canopy,1
Somerville,capabilities,1
Somerville,capes,1
Somerville,capriciously,1
Somerville,care,1
Somerville,career,1
Somerville,caribbee,1
Somerville,carolina,1
Somerville,carolinas,1
Somerville,caroline,1
Somerville,carpet,1
Somerville,carriage,1
Somerville,carrier,1
Somerville,cast,1
Somerville,cataract,1
Somerville,catch,1
Somerville,cattle,1
Somerville,caught,1
Somerville,cavernous,1
Somerville,caverns,1
Somerville,caves,1
Somerville,ceasing,1
Somerville,cedar,1
Somerville,ceiba,1
Somerville,celebes,1
Somerville,cellars,1
Somerville,certainty,1
Somerville,cessation,1
Somerville,champagne,1
Somerville,chaotic,1
Somerville,chapter,1
Somerville,characterised,1
Somerville,characterises,1
Somerville,charges,1
Somerville,charging,1
Somerville,charitable,1
Somerville,charities,1
Somerville,chart,1
Somerville,charts,1
Somerville,cheap,1
Somerville,checks,1
Somerville,cheerfulness,1
Somerville,cheering,1
Somerville,cherish,1
Somerville,chest,1
Somerville,chiassa,1
Somerville,chilled,1
Somerville,chilliness,1
Somerville,chilling,1
Somerville,chimborazo,1
Somerville,chiron,1
Somerville,chlorate,1
Somerville,choose,1
Somerville,chronometer,1
Somerville,cinders,1
Somerville,circling,1
Somerville,circuitous,1
Somerville,circumpolar,1
Somerville,circumvolution,1
Somerville,cistern,1
Somerville,cities,1
Somerville,claim,1
Somerville,claims,1
Somerville,clarity,1
Somerville,classified,1
Somerville,clay,1
Somerville,clearest,1
Somerville,climax,1
Somerville,clinging,1
Somerville,closer,1
Somerville,closing,1
Somerville,clothe,1
Somerville,clothing,1
Somerville,clouded,1
Somerville,cloyne,1
Somerville,clustering,1
Somerville,coalesce,1
Somerville,coalescing,1
Somerville,codes,1
Somerville,coeval,1
Somerville,coexistent,1
Somerville,cognizant,1
Somerville,coiling,1
Somerville,col,1
Somerville,collates,1
Somerville,collating,1
Somerville,collect,1
Somerville,collecting,1
Somerville,colonies,1
Somerville,colonists,1
Somerville,commanded,1
Somerville,commencement,1
Somerville,commencing,1
Somerville,commensurable,1
Somerville,commerce,1
Somerville,commercial,1
Somerville,committed,1
Somerville,commotions,1
Somerville,community,1
Somerville,compacted,1
Somerville,compasses,1
Somerville,compelled,1
Somerville,competent,1
Somerville,compilation,1
Somerville,complementing,1
Somerville,complexion,1
Somerville,complexity,1
Somerville,complicating,1
Somerville,compose,1
Somerville,comprehending,1
Somerville,compressible,1
Somerville,compressing,1
Somerville,compressive,1
Somerville,comrades,1
Somerville,comæ,1
Somerville,concavities,1
Somerville,concentrate,1
Somerville,concentrically,1
Somerville,concert,1
Somerville,concertina,1
Somerville,conclude,1
Somerville,condor,1
Somerville,confess,1
Somerville,confessed,1
Somerville,configurations,1
Somerville,confines,1
Somerville,conflict,1
Somerville,conform,1
Somerville,conformable,1
Somerville,congeners,1
Somerville,congregated,1
Somerville,conical,1
Somerville,connections,1
Somerville,conquering,1
Somerville,consciousness,1
Somerville,consecutively,1
Somerville,consequent,1
Somerville,consequential,1
Somerville,conserve,1
Somerville,consistent,1
Somerville,consolidate,1
Somerville,consolidation,1
Somerville,conspires,1
Somerville,constants,1
Somerville,consternation,1
Somerville,constitutions,1
Somerville,constructing,1
Somerville,consume,1
Somerville,consummate,1
Somerville,contaary,1
Somerville,contemplating,1
Somerville,contending,1
Somerville,contiguous,1
Somerville,continuation,1
Somerville,continuity,1
Somerville,contorted,1
Somerville,contracted,1
Somerville,contracting,1
Somerville,contractions,1
Somerville,contradict,1
Somerville,contradictory,1
Somerville,contrariety,1
Somerville,contrasts,1
Somerville,contributed,1
Somerville,controlling,1
Somerville,controversy,1
Somerville,convallaria,1
Somerville,convenient,1
Somerville,converged,1
Somerville,convergence,1
Somerville,converging,1
Somerville,converts,1
Somerville,conveyance,1
Somerville,convinces,1
Somerville,convulse,1
Somerville,convulsive,1
Somerville,copenhagen,1
Somerville,corals,1
Somerville,cords,1
Somerville,corked,1
Somerville,corporation,1
Somerville,correlative,1
Somerville,corresponded,1
Somerville,corrosive,1
Somerville,corrupt,1
Somerville,coruscations,1
Somerville,cosmical,1
Somerville,cotton,1
Somerville,countenance,1
Somerville,counteracting,1
Somerville,counteraction,1
Somerville,counterbalance,1
Somerville,counterbalanced,1
Somerville,counterbalancing,1
Somerville,counterpart,1
Somerville,counterparts,1
Somerville,counterpoise,1
Somerville,counties,1
Somerville,countless,1
Somerville,crack,1
Somerville,crape,1
Somerville,crash,1
Somerville,creases,1
Somerville,creates,1
Somerville,credit,1
Somerville,credited,1
Somerville,credits,1
Somerville,creep,1
Somerville,crescendos,1
Somerville,cricket,1
Somerville,crimea,1
Somerville,crimean,1
Somerville,critical,1
Somerville,crocodile,1
Somerville,cruizers,1
Somerville,cupful,1
Somerville,cups,1
Somerville,curiously,1
Somerville,curvatures,1
Somerville,curvilineal,1
Somerville,custom,1
Somerville,cyanogen,1
Somerville,cycles,1
Somerville,cæteris,1
Somerville,cœlo,1
Somerville,daba,1
Somerville,daguerreotyped,1
Somerville,damaged,1
Somerville,dangerous,1
Somerville,danube,1
Somerville,darken,1
Somerville,dates,1
Somerville,daybreak,1
Somerville,dazzled,1
Somerville,dazzling,1
Somerville,deaf,1
Somerville,deafening,1
Somerville,deal,1
Somerville,dear,1
Somerville,death,1
Somerville,deathlike,1
Somerville,debt,1
Somerville,decaying,1
Somerville,decays,1
Somerville,deciding,1
Somerville,decision,1
Somerville,decisions,1
Somerville,deck,1
Somerville,declines,1
Somerville,dedicated,1
Somerville,deductible,1
Somerville,deductions,1
Somerville,defects,1
Somerville,defence,1
Somerville,deficiency,1
Somerville,define,1
Somerville,deflect,1
Somerville,degradation,1
Somerville,delayed,1
Somerville,deletions,1
Somerville,delight,1
Somerville,delineated,1
Somerville,delusive,1
Somerville,demand,1
Somerville,denies,1
Somerville,denominator,1
Somerville,denote,1
Somerville,densely,1
Somerville,deoxidation,1
Somerville,deoxygenating,1
Somerville,departure,1
Somerville,dependencies,1
Somerville,depositing,1
Somerville,depress,1
Somerville,depresses,1
Somerville,depressing,1
Somerville,depressions,1
Somerville,depressure,1
Somerville,deprive,1
Somerville,deprives,1
Somerville,derange,1
Somerville,deranging,1
Somerville,designated,1
Somerville,designed,1
Somerville,desirable,1
Somerville,desire,1
Somerville,desirous,1
Somerville,dessau,1
Somerville,destinies,1
Somerville,destitute,1
Somerville,detach,1
Somerville,detaching,1
Somerville,detailed,1
Somerville,details,1
Somerville,detects,1
Somerville,determinate,1
Somerville,detonations,1
Somerville,detritus,1
Somerville,deutoxide,1
Somerville,devastation,1
Somerville,developments,1
Somerville,develops,1
Somerville,deviating,1
Somerville,devise,1
Somerville,devised,1
Somerville,devolved,1
Somerville,devoted,1
Somerville,dexterously,1
Somerville,dialectrics,1
Somerville,dialects,1
Somerville,dials,1
Somerville,diamonds,1
Somerville,diaphaneity,1
Somerville,die,1
Somerville,died,1
Somerville,diemen,1
Somerville,dies,1
Somerville,diffuses,1
Somerville,dilemma,1
Somerville,diluvia,1
Somerville,diminuendos,1
Somerville,diminutive,1
Somerville,dipping,1
Somerville,director,1
Somerville,directs,1
Somerville,disadvantage,1
Somerville,disappearing,1
Somerville,disastrous,1
Somerville,discern,1
Somerville,discernible,1
Somerville,disclaim,1
Somerville,disclaimers,1
Somerville,disclosing,1
Somerville,discoloration,1
Somerville,discontinue,1
Somerville,discontinuous,1
Somerville,discords,1
Somerville,discoverable,1
Somerville,discoverer,1
Somerville,discussing,1
Somerville,disengagement,1
Somerville,disintegration,1
Somerville,disjointed,1
Somerville,disk,1
Somerville,disperse,1
Somerville,disperses,1
Somerville,displace,1
Somerville,displaced,1
Somerville,disposition,1
Somerville,disproportionate,1
Somerville,disputed,1
Somerville,disregarded,1
Somerville,disrupting,1
Somerville,disseminated,1
Somerville,dissimilarity,1
Somerville,dissipating,1
Somerville,dissolve,1
Somerville,distil,1
Somerville,distinctions,1
Somerville,distinguishable,1
Somerville,distributor,1
Somerville,divergence,1
Somerville,divers,1
Somerville,diversified,1
Somerville,diversities,1
Somerville,divesting,1
Somerville,divisible,1
Somerville,dome,1
Somerville,domestic,1
Somerville,dominant,1
Somerville,dominion,1
Somerville,donation,1
Somerville,donors,1
Somerville,dotting,1
Somerville,doubles,1
Somerville,doubling,1
Somerville,downloading,1
Somerville,drawings,1
Somerville,drew,1
Somerville,dries,1
Somerville,drinking,1
Somerville,dropped,1
Somerville,drum,1
Somerville,drying,1
Somerville,duality,1
Somerville,duke,1
Somerville,duly,1
Somerville,dunkirk,1
Somerville,duplication,1
Somerville,durability,1
Somerville,durable,1
Somerville,dusky,1
Somerville,duty,1
Somerville,dwarfish,1
Somerville,dyed,1
Somerville,earlier,1
Somerville,earthy,1
Somerville,easier,1
Somerville,ebbing,1
Somerville,ebony,1
Somerville,eccentrically,1
Somerville,eccentricity,1
Somerville,edged,1
Somerville,edgeways,1
Somerville,educational,1
Somerville,effaced,1
Somerville,effaces,1
Somerville,effectual,1
Somerville,effervescence,1
Somerville,efficient,1
Somerville,eighths,1
Somerville,eighty,1
Somerville,ein,1
Somerville,elapsing,1
Somerville,elasticities,1
Somerville,elect,1
Somerville,electrician,1
Somerville,electricians,1
Somerville,elegance,1
Somerville,elephant,1
Somerville,elevate,1
Somerville,elevates,1
Somerville,elevating,1
Somerville,eleventh,1
Somerville,eliciting,1
Somerville,eliminating,1
Somerville,elliptically,1
Somerville,elongation,1
Somerville,elucidate,1
Somerville,elucidates,1
Somerville,elude,1
Somerville,emblematic,1
Somerville,embracing,1
Somerville,emerald,1
Somerville,emerge,1
Somerville,emerged,1
Somerville,emergent,1
Somerville,eminence,1
Somerville,eminently,1
Somerville,emits,1
Somerville,empires,1
Somerville,empirical,1
Somerville,employee,1
Somerville,employees,1
Somerville,emu,1
Somerville,enamelled,1
Somerville,encircles,1
Somerville,enclosing,1
Somerville,encompassing,1
Somerville,encounter,1
Somerville,encountering,1
Somerville,encroach,1
Somerville,encumbered,1
Somerville,endeavouring,1
Somerville,endeavours,1
Somerville,endure,1
Somerville,endures,1
Somerville,enduring,1
Somerville,energetically,1
Somerville,engage,1
Somerville,engineering,1
Somerville,engrave,1
Somerville,engulfed,1
Somerville,enjoyed,1
Somerville,enjoying,1
Somerville,enlarges,1
Somerville,ennoble,1
Somerville,enrolled,1
Somerville,ensure,1
Somerville,ensured,1
Somerville,ensures,1
Somerville,enterprise,1
Somerville,entertained,1
Somerville,enthusiasm,1
Somerville,entries,1
Somerville,enumerates,1
Somerville,enumeration,1
Somerville,envelop,1
Somerville,epsilon,1
Somerville,equability,1
Somerville,equalising,1
Somerville,equalizing,1
Somerville,equations,1
Somerville,equivalence,1
Somerville,ere,1
Somerville,ericas,1
Somerville,eripuit,1
Somerville,escaped,1
Somerville,establishes,1
Somerville,establishment,1
Somerville,estuaries,1
Somerville,eta,1
Somerville,etherial,1
Somerville,euler,1
Somerville,evacuation,1
Somerville,evaporable,1
Somerville,evaporates,1
Somerville,evaporating,1
Somerville,everlasting,1
Somerville,evinced,1
Somerville,evinces,1
Somerville,evincing,1
Somerville,exalt,1
Somerville,examine,1
Somerville,excentrically,1
Somerville,excessively,1
Somerville,excitation,1
Somerville,exclusion,1
Somerville,exclusively,1
Somerville,excursive,1
Somerville,executing,1
Somerville,execution,1
Somerville,exhale,1
Somerville,exhibitions,1
Somerville,existent,1
Somerville,expanding,1
Somerville,expectations,1
Somerville,expend,1
Somerville,expenditure,1
Somerville,expensive,1
Somerville,experimentalising,1
Somerville,expiring,1
Somerville,explode,1
Somerville,explored,1
Somerville,exporting,1
Somerville,expressions,1
Somerville,exquisite,1
Somerville,exquisitely,1
Somerville,externally,1
Somerville,extinguishes,1
Somerville,extinguishing,1
Somerville,extraneous,1
Somerville,extraspectral,1
Somerville,extravagant,1
Somerville,extremest,1
Somerville,exuberance,1
Somerville,eyesight,1
Somerville,facie,1
Somerville,facilitates,1
Somerville,facilitating,1
Somerville,fade,1
Somerville,failed,1
Somerville,failing,1
Somerville,faintish,1
Somerville,fallacy,1
Somerville,falsely,1
Somerville,falsifying,1
Somerville,fancy,1
Somerville,fans,1
Somerville,fantastic,1
Somerville,fatally,1
Somerville,fate,1
Somerville,faulty,1
Somerville,fauna,1
Somerville,favoured,1
Somerville,fayal,1
Somerville,fear,1
Somerville,fearful,1
Somerville,fearless,1
Somerville,fears,1
Somerville,feature,1
Somerville,fed,1
Somerville,feeling,1
Somerville,feels,1
Somerville,female,1
Somerville,fermentation,1
Somerville,fern,1
Somerville,ferro,1
Somerville,ferrocarbonate,1
Somerville,ferrocyanate,1
Somerville,ferrocyanide,1
Somerville,ferrocyanite,1
Somerville,fertility,1
Somerville,fervid,1
Somerville,fiat,1
Somerville,fibre,1
Somerville,fictitious,1
Somerville,files,1
Somerville,financial,1
Somerville,finer,1
Somerville,fingering,1
Somerville,finished,1
Somerville,finite,1
Somerville,fissures,1
Somerville,fitful,1
Somerville,fitfully,1
Somerville,fitness,1
Somerville,fits,1
Somerville,fixedly,1
Somerville,fixes,1
Somerville,flakes,1
Somerville,flashing,1
Somerville,flatness,1
Somerville,flatter,1
Somerville,flavour,1
Somerville,fleeting,1
Somerville,flexible,1
Somerville,flights,1
Somerville,float,1
Somerville,floated,1
Somerville,flocculi,1
Somerville,flocks,1
Somerville,florida,1
Somerville,flower,1
Somerville,flowering,1
Somerville,fluate,1
Somerville,fluoride,1
Somerville,fonseca,1
Somerville,font,1
Somerville,footnotes,1
Somerville,foregoing,1
Somerville,foresight,1
Somerville,foretelling,1
Somerville,forked,1
Somerville,formobenzoate,1
Somerville,fortes,1
Somerville,fortieth,1
Somerville,fortunate,1
Somerville,foucault,1
Somerville,founding,1
Somerville,fourteenth,1
Somerville,fractions,1
Somerville,fracture,1
Somerville,fragments,1
Somerville,fragrant,1
Somerville,frame,1
Somerville,francis,1
Somerville,françois,1
Somerville,fraunhoffer,1
Somerville,freedom,1
Somerville,frequenting,1
Somerville,friendly,1
Somerville,frigate,1
Somerville,frigid,1
Somerville,frigorific,1
Somerville,fringe,1
Somerville,front,1
Somerville,frosts,1
Somerville,frosty,1
Somerville,frowning,1
Somerville,fruits,1
Somerville,fucoideæ,1
Somerville,fulfilment,1
Somerville,fuller,1
Somerville,fulmen,1
Somerville,function,1
Somerville,funguses,1
Somerville,furnace,1
Somerville,furnaces,1
Somerville,fuse,1
Somerville,gaining,1
Somerville,gallaway,1
Somerville,galleries,1
Somerville,gallons,1
Somerville,galvanometers,1
Somerville,gamma,1
Somerville,gardens,1
Somerville,gartope,1
Somerville,gaslights,1
Somerville,gathered,1
Somerville,gauss,1
Somerville,gauze,1
Somerville,gaze,1
Somerville,geminorum,1
Somerville,gems,1
Somerville,generation,1
Somerville,generously,1
Somerville,genial,1
Somerville,gentle,1
Somerville,gently,1
Somerville,geocentric,1
Somerville,geographer,1
Somerville,geologist,1
Somerville,geologists,1
Somerville,georgian,1
Somerville,geothermal,1
Somerville,germinate,1
Somerville,gifted,1
Somerville,girds,1
Somerville,glacial,1
Somerville,globes,1
Somerville,goals,1
Somerville,golden,1
Somerville,gongs,1
Somerville,gorgeous,1
Somerville,govern,1
Somerville,governing,1
Somerville,government,1
Somerville,governor,1
Somerville,governs,1
Somerville,graceful,1
Somerville,graminiferous,1
Somerville,granulated,1
Somerville,graphically,1
Somerville,graphite,1
Somerville,gratefully,1
Somerville,gratified,1
Somerville,grating,1
Somerville,grave,1
Somerville,graze,1
Somerville,grazed,1
Somerville,greens,1
Somerville,grenelle,1
Somerville,grey,1
Somerville,gridiron,1
Somerville,grounded,1
Somerville,grown,1
Somerville,grows,1
Somerville,growth,1
Somerville,guide,1
Somerville,gummed,1
Somerville,gums,1
Somerville,gunpowder,1
Somerville,gust,1
Somerville,gyrations,1
Somerville,habit,1
Somerville,habitability,1
Somerville,habitation,1
Somerville,habitual,1
Somerville,habitually,1
Somerville,halo,1
Somerville,halt,1
Somerville,halves,1
Somerville,hammers,1
Somerville,handfuls,1
Somerville,handles,1
Somerville,hang,1
Somerville,happening,1
Somerville,harder,1
Somerville,harm,1
Somerville,harmless,1
Somerville,harmonica,1
Somerville,harmonious,1
Somerville,harsh,1
Somerville,hart,1
Somerville,harton,1
Somerville,harvest,1
Somerville,hasty,1
Somerville,haunt,1
Somerville,hazardous,1
Somerville,hears,1
Somerville,heart,1
Somerville,heaved,1
Somerville,heaviest,1
Somerville,hebrides,1
Somerville,heliostat,1
Somerville,hemispherical,1
Somerville,henceforth,1
Somerville,herbaceous,1
Somerville,herchel,1
Somerville,hermetically,1
Somerville,herrings,1
Somerville,heterogeneousness,1
Somerville,hieroglyphic,1
Somerville,hieroglyphics,1
Somerville,hinder,1
Somerville,hinders,1
Somerville,hint,1
Somerville,hit,1
Somerville,holes,1
Somerville,holland,1
Somerville,hollows,1
Somerville,hoop,1
Somerville,hopes,1
Somerville,hopkins,1
Somerville,horse,1
Somerville,horton,1
Somerville,hostile,1
Somerville,hothouse,1
Somerville,hothouses,1
Somerville,hottest,1
Somerville,hourglass,1
Somerville,houses,1
Somerville,http,1
Somerville,huge,1
Somerville,hull,1
Somerville,hulls,1
Somerville,humility,1
Somerville,hydraulic,1
Somerville,hypertext,1
Somerville,hyphen,1
Somerville,hyphenation,1
Somerville,hyposulphite,1
Somerville,hyposulphites,1
Somerville,ideas,1
Somerville,identification,1
Somerville,identifies,1
Somerville,identify,1
Somerville,ignites,1
Somerville,igniting,1
Somerville,illuminates,1
Somerville,illustrate,1
Somerville,illustrative,1
Somerville,imbedded,1
Somerville,imbibe,1
Somerville,imbibes,1
Somerville,imitate,1
Somerville,immaterial,1
Somerville,immeasurably,1
Somerville,immersing,1
Somerville,immersion,1
Somerville,imminent,1
Somerville,impediment,1
Somerville,impenetrability,1
Somerville,impenetrable,1
Somerville,imperceptibly,1
Somerville,imperial,1
Somerville,impetuously,1
Somerville,impinging,1
Somerville,implanted,1
Somerville,implies,1
Somerville,imponderable,1
Somerville,imposed,1
Somerville,impracticable,1
Somerville,impress,1
Somerville,impresses,1
Somerville,impressing,1
Somerville,imprints,1
Somerville,imprisoned,1
Somerville,inaccuracy,1
Somerville,inadmissible,1
Somerville,inanimated,1
Somerville,incandescence,1
Somerville,incapability,1
Somerville,incessant,1
Somerville,inchbonny,1
Somerville,incidences,1
Somerville,incidental,1
Somerville,incidentally,1
Somerville,inclines,1
Somerville,inclusively,1
Somerville,incommensurability,1
Somerville,incomprehensibility,1
Somerville,incomprehensible,1
Somerville,inconsistencies,1
Somerville,inconspicuous,1
Somerville,incredible,1
Somerville,increments,1
Somerville,inculcate,1
Somerville,incumbent,1
Somerville,indemnify,1
Somerville,indemnity,1
Somerville,indices,1
Somerville,indigenously,1
Somerville,individuality,1
Somerville,individuals,1
Somerville,indo,1
Somerville,indraught,1
Somerville,indurated,1
Somerville,induration,1
Somerville,ineffectual,1
Somerville,inexhaustible,1
Somerville,inexplicable,1
Somerville,inexpressibly,1
Somerville,infinitesimal,1
Somerville,inflamed,1
Somerville,inflected,1
Somerville,infringement,1
Somerville,infused,1
Somerville,ingeniously,1
Somerville,inhabit,1
Somerville,inherent,1
Somerville,inhospitable,1
Somerville,inimitable,1
Somerville,inks,1
Somerville,innate,1
Somerville,inorganic,1
Somerville,inscription,1
Somerville,inside,1
Somerville,insignificance,1
Somerville,inspection,1
Somerville,inspire,1
Somerville,institution,1
Somerville,instructive,1
Somerville,insular,1
Somerville,insulating,1
Somerville,insupportable,1
Somerville,intaglio,1
Somerville,intelligence,1
Somerville,intelligent,1
Somerville,intelligible,1
Somerville,intelligibly,1
Somerville,intended,1
Somerville,intensifying,1
Somerville,intently,1
Somerville,interaction,1
Somerville,interfered,1
Somerville,interferes,1
Somerville,interlaced,1
Somerville,intermission,1
Somerville,international,1
Somerville,internet,1
Somerville,interposing,1
Somerville,interpretation,1
Somerville,intersect,1
Somerville,interstitial,1
Somerville,intervene,1
Somerville,intervened,1
Somerville,intervolved,1
Somerville,intricate,1
Somerville,intrinsically,1
Somerville,inundated,1
Somerville,inundations,1
Somerville,invalidity,1
Somerville,inventor,1
Somerville,inversion,1
Somerville,inverting,1
Somerville,investigates,1
Somerville,investigating,1
Somerville,invisibility,1
Somerville,invisibly,1
Somerville,involve,1
Somerville,involved,1
Somerville,irreconcilable,1
Somerville,irresistible,1
Somerville,irresistibly,1
Somerville,irresolvable,1
Somerville,irruption,1
Somerville,irs,1
Somerville,isles,1
Somerville,jagged,1
Somerville,jamaica,1
Somerville,japanese,1
Somerville,jars,1
Somerville,jellies,1
Somerville,jelly,1
Somerville,jena,1
Somerville,jewellery,1
Somerville,join,1
Somerville,journeys,1
Somerville,judge,1
Somerville,judgment,1
Somerville,judiciously,1
Somerville,junctions,1
Somerville,jungles,1
Somerville,justified,1
Somerville,justifies,1
Somerville,justify,1
Somerville,justifying,1
Somerville,kamtschatka,1
Somerville,kappa,1
Somerville,kiel,1
Somerville,kin,1
Somerville,kindled,1
Somerville,kindling,1
Somerville,kindly,1
Somerville,kindness,1
Somerville,kurile,1
Somerville,königsberg,1
Somerville,laborious,1
Somerville,lacking,1
Somerville,lag,1
Somerville,lambda,1
Somerville,lamented,1
Somerville,lamps,1
Somerville,languidly,1
Somerville,lapidary,1
Somerville,latin,1
Somerville,laurels,1
Somerville,lays,1
Somerville,leaden,1
Somerville,leaning,1
Somerville,lebanon,1
Somerville,lecture,1
Somerville,lee,1
Somerville,leeward,1
Somerville,leg,1
Somerville,legally,1
Somerville,legitimate,1
Somerville,legs,1
Somerville,lemmergeyer,1
Somerville,lemon,1
Somerville,lessen,1
Somerville,lessons,1
Somerville,levels,1
Somerville,levity,1
Somerville,liberated,1
Somerville,licensed,1
Somerville,lightly,1
Somerville,ligneous,1
Somerville,lily,1
Somerville,limb,1
Somerville,limestone,1
Somerville,limiting,1
Somerville,lindenau,1
Somerville,linked,1
Somerville,lip,1
Somerville,liquefaction,1
Somerville,listed,1
Somerville,literally,1
Somerville,liverpool,1
Somerville,livingstone,1
Somerville,lizard,1
Somerville,loadstone,1
Somerville,lobe,1
Somerville,locations,1
Somerville,loewy,1
Somerville,loftiest,1
Somerville,log,1
Somerville,looming,1
Somerville,loops,1
Somerville,loose,1
Somerville,lot,1
Somerville,lucky,1
Somerville,luhndahl,1
Somerville,lukewarm,1
Somerville,luminiferous,1
Somerville,luminosity,1
Somerville,lunation,1
Somerville,luni,1
Somerville,luxembourg,1
Somerville,luxuriant,1
Somerville,mackerel,1
Somerville,madagascar,1
Somerville,madrepores,1
Somerville,mag,1
Somerville,magician,1
Somerville,magnecrystal,1
Somerville,magnecrystals,1
Somerville,magnetical,1
Somerville,magnetico,1
Somerville,magnify,1
Somerville,mail,1
Somerville,main,1
Somerville,mainmast,1
Somerville,maintopgallant,1
Somerville,majesty,1
Somerville,mal,1
Somerville,malleability,1
Somerville,mammiferous,1
Somerville,manager,1
Somerville,manganese,1
Somerville,manners,1
Somerville,marbach,1
Somerville,margin,1
Somerville,mariners,1
Somerville,markree,1
Somerville,marshes,1
Somerville,marvellous,1
Somerville,masterly,1
Somerville,match,1
Somerville,mate,1
Somerville,mathematically,1
Somerville,mathematician,1
Somerville,mathiola,1
Somerville,mayer,1
Somerville,meant,1
Somerville,mechanically,1
Somerville,mediately,1
Somerville,meditation,1
Somerville,meissier,1
Somerville,melody,1
Somerville,memorials,1
Somerville,memory,1
Somerville,mental,1
Somerville,mentions,1
Somerville,merchantability,1
Somerville,merges,1
Somerville,meteorological,1
Somerville,micrometer,1
Somerville,micrometrically,1
Somerville,microscope,1
Somerville,microscopic,1
Somerville,midday,1
Somerville,midnights,1
Somerville,million,1
Somerville,minds,1
Somerville,miners,1
Somerville,mingle,1
Somerville,mingled,1
Somerville,ministers,1
Somerville,minutely,1
Somerville,minuter,1
Somerville,mischief,1
Somerville,miserable,1
Somerville,mississippi,1
Somerville,mist,1
Somerville,mistake,1
Somerville,mitigated,1
Somerville,mix,1
Somerville,mizen,1
Somerville,mobile,1
Somerville,mont,1
Somerville,montclair,1
Somerville,monuments,1
Somerville,moonlight,1
Somerville,moral,1
Somerville,mortal,1
Somerville,mounted,1
Somerville,mouthed,1
Somerville,mud,1
Somerville,multiplier,1
Somerville,multiply,1
Somerville,mummy,1
Somerville,munich,1
Somerville,murky,1
Somerville,murray,1
Somerville,muscle,1
Somerville,musk,1
Somerville,mädler,1
Somerville,names,1
Somerville,narrate,1
Somerville,narrative,1
Somerville,narrows,1
Somerville,national,1
Somerville,navigable,1
Somerville,navigation,1
Somerville,navigator,1
Somerville,navy,1
Somerville,ndly,1
Somerville,neapolitan,1
Somerville,nebular,1
Somerville,necessity,1
Somerville,needless,1
Somerville,neetee,1
Somerville,negligence,1
Somerville,neighbour,1
Somerville,neighbourhood,1
Somerville,nerve,1
Somerville,net,1
Somerville,netherlands,1
Somerville,netting,1
Somerville,network,1
Somerville,neutralised,1
Somerville,neutralising,1
Somerville,newly,1
Somerville,newsletter,1
Somerville,nicely,1
Somerville,nichol,1
Somerville,niepce,1
Somerville,nightly,1
Somerville,nitrous,1
Somerville,noble,1
Somerville,noblest,1
Somerville,nodding,1
Somerville,nonentity,1
Somerville,nonproprietary,1
Somerville,noons,1
Somerville,northumberland,1
Somerville,nose,1
Somerville,notifies,1
Somerville,nov,1
Somerville,nubeculæ,1
Somerville,nutations,1
Somerville,oases,1
Somerville,obedient,1
Somerville,obeyed,1
Somerville,obeys,1
Somerville,objective,1
Somerville,obligations,1
Somerville,obliged,1
Somerville,obliterating,1
Somerville,obliteration,1
Somerville,obscuration,1
Somerville,obscurely,1
Somerville,obsolete,1
Somerville,obviate,1
Somerville,obviates,1
Somerville,occult,1
Somerville,occupation,1
Somerville,oceanic,1
Somerville,octaves,1
Somerville,odd,1
Somerville,odour,1
Somerville,offsets,1
Somerville,offshoots,1
Somerville,ohio,1
Somerville,olefiant,1
Somerville,olive,1
Somerville,omen,1
Somerville,omit,1
Somerville,omitting,1
Somerville,omnipotent,1
Somerville,omniscience,1
Somerville,onion,1
Somerville,operating,1
Somerville,opinions,1
Somerville,opportunity,1
Somerville,optician,1
Somerville,ordained,1
Somerville,ordinates,1
Somerville,ore,1
Somerville,organs,1
Somerville,oriental,1
Somerville,originates,1
Somerville,originating,1
Somerville,originator,1
Somerville,oscillated,1
Somerville,osmium,1
Somerville,outdated,1
Somerville,outlets,1
Somerville,outlines,1
Somerville,outwards,1
Somerville,overcast,1
Somerville,overlapped,1
Somerville,overlapping,1
Somerville,overlooked,1
Somerville,overpowered,1
Somerville,overwhelm,1
Somerville,overwhelmed,1
Somerville,overwhelming,1
Somerville,owed,1
Somerville,owes,1
Somerville,owl,1
Somerville,oxford,1
Somerville,oxidizing,1
Somerville,oxyde,1
Somerville,oxygenising,1
Somerville,oyster,1
Somerville,pageant,1
Somerville,painfully,1
Somerville,painted,1
Somerville,paintings,1
Somerville,palace,1
Somerville,palisade,1
Somerville,palisades,1
Somerville,palm,1
Somerville,paperwork,1
Somerville,parasitical,1
Somerville,parchment,1
Somerville,parent,1
Somerville,parentage,1
Somerville,paribus,1
Somerville,partakes,1
Somerville,participate,1
Somerville,passim,1
Somerville,pasteboard,1
Somerville,pasting,1
Somerville,pauses,1
Somerville,pavement,1
Somerville,pavia,1
Somerville,paws,1
Somerville,pay,1
Somerville,peace,1
Somerville,peacocks,1
Somerville,peaks,1
Somerville,pear,1
Somerville,pearl,1
Somerville,pearls,1
Somerville,peg,1
Somerville,pellucid,1
Somerville,peninsulas,1
Somerville,pent,1
Somerville,peopled,1
Somerville,perceives,1
Somerville,perceptibly,1
Somerville,percyanide,1
Somerville,perforations,1
Somerville,perigree,1
Somerville,perishable,1
Somerville,permits,1
Somerville,permitting,1
Somerville,peroxide,1
Somerville,persian,1
Somerville,perspective,1
Somerville,perusal,1
Somerville,pervaded,1
Somerville,petersburgh,1
Somerville,pgdp,1
Somerville,pglaf,1
Somerville,phase,1
Somerville,philippine,1
Somerville,philosophic,1
Somerville,photographing,1
Somerville,photologists,1
Somerville,photometric,1
Somerville,physically,1
Somerville,physico,1
Somerville,pianos,1
Somerville,piedmont,1
Somerville,piercing,1
Somerville,pigeon,1
Somerville,pilchards,1
Somerville,pine,1
Somerville,pines,1
Somerville,pinkish,1
Somerville,pins,1
Somerville,pistol,1
Somerville,pistols,1
Somerville,piston,1
Somerville,pit,1
Somerville,pitches,1
Somerville,pith,1
Somerville,plana,1
Somerville,plano,1
Somerville,plated,1
Somerville,platform,1
Somerville,platinized,1
Somerville,plausibility,1
Somerville,plaza,1
Somerville,pleaded,1
Somerville,pleases,1
Somerville,pleasures,1
Somerville,pledge,1
Somerville,plentiful,1
Somerville,plunges,1
Somerville,plunging,1
Somerville,poetry,1
Somerville,poised,1
Somerville,poison,1
Somerville,polarise,1
Somerville,polarizes,1
Somerville,polishing,1
Somerville,pool,1
Somerville,poppy,1
Somerville,population,1
Somerville,porcelain,1
Somerville,pores,1
Somerville,portfolio,1
Somerville,portraits,1
Somerville,ports,1
Somerville,portugal,1
Somerville,possession,1
Somerville,possibilities,1
Somerville,posterity,1
Somerville,potass,1
Somerville,pours,1
Somerville,powder,1
Somerville,pre,1
Somerville,precious,1
Somerville,precipitate,1
Somerville,precipitating,1
Somerville,precipitous,1
Somerville,precluding,1
Somerville,predict,1
Somerville,predilection,1
Somerville,predominance,1
Somerville,predominates,1
Somerville,preference,1
Somerville,preferred,1
Somerville,prefers,1
Somerville,premised,1
Somerville,preponderance,1
Somerville,preponderate,1
Somerville,preponderates,1
Somerville,presence,1
Somerville,preserves,1
Somerville,preserving,1
Somerville,presided,1
Somerville,presiding,1
Somerville,pressing,1
Somerville,presumes,1
Somerville,prevailed,1
Somerville,priests,1
Somerville,primeval,1
Somerville,primrose,1
Somerville,primula,1
Somerville,primum,1
Somerville,primâ,1
Somerville,printing,1
Somerville,prints,1
Somerville,processing,1
Somerville,procession,1
Somerville,prodigiously,1
Somerville,producer,1
Somerville,product,1
Somerville,productive,1
Somerville,profiles,1
Somerville,profit,1
Somerville,profits,1
Somerville,profusely,1
Somerville,prohibition,1
Somerville,projections,1
Somerville,promotion,1
Somerville,pronounced,1
Somerville,pronunciation,1
Somerville,proofread,1
Somerville,proofreading,1
Somerville,propagating,1
Somerville,proportionably,1
Somerville,proprietary,1
Somerville,prosecuted,1
Somerville,protects,1
Somerville,proto,1
Somerville,protocyanide,1
Somerville,proud,1
Somerville,providence,1
Somerville,provinces,1
Somerville,provisions,1
Somerville,proximate,1
Somerville,publication,1
Somerville,pulled,1
Somerville,pulls,1
Somerville,pulverized,1
Somerville,punctuation,1
Somerville,punitive,1
Somerville,purples,1
Somerville,purplish,1
Somerville,pursues,1
Somerville,pursuits,1
Somerville,push,1
Somerville,pushed,1
Somerville,pushes,1
Somerville,putting,1
Somerville,pyrometer,1
Somerville,pʹʹʹ,1
Somerville,quadrants,1
Somerville,quadruple,1
Somerville,qualifying,1
Somerville,questions,1
Somerville,quickness,1
Somerville,quits,1
Somerville,quitting,1
Somerville,radiations,1
Somerville,raffles,1
Somerville,railing,1
Somerville,railway,1
Somerville,rainbow,1
Somerville,raleigh,1
Somerville,ran,1
Somerville,rankine,1
Somerville,rash,1
Somerville,rates,1
Somerville,rationally,1
Somerville,rdly,1
Somerville,reacted,1
Somerville,reacting,1
Somerville,readers,1
Somerville,reading,1
Somerville,reasonable,1
Somerville,recalled,1
Somerville,recedes,1
Somerville,recesses,1
Somerville,recipient,1
Somerville,reciprocate,1
Somerville,reciprocates,1
Somerville,reciprocating,1
Somerville,recognize,1
Somerville,recollected,1
Somerville,recommenced,1
Somerville,recommences,1
Somerville,reconcile,1
Somerville,recording,1
Somerville,recourse,1
Somerville,recovered,1
Somerville,recurred,1
Somerville,recurrence,1
Somerville,recurring,1
Somerville,recurs,1
Somerville,reddened,1
Somerville,redistribute,1
Somerville,reds,1
Somerville,reducing,1
Somerville,reduction,1
Somerville,redundant,1
Somerville,reeds,1
Somerville,referable,1
Somerville,referring,1
Somerville,refinement,1
Somerville,refinements,1
Somerville,reflective,1
Somerville,reflectors,1
Somerville,refracts,1
Somerville,refuted,1
Somerville,regain,1
Somerville,regains,1
Somerville,regress,1
Somerville,regret,1
Somerville,reigns,1
Somerville,reinforcement,1
Somerville,relapses,1
Somerville,relates,1
Somerville,relating,1
Somerville,relax,1
Somerville,release,1
Somerville,releasing,1
Somerville,reliance,1
Somerville,religious,1
Somerville,remarkably,1
Somerville,remarking,1
Somerville,remedies,1
Somerville,remedy,1
Somerville,remembrance,1
Somerville,remnants,1
Somerville,remoter,1
Somerville,renamed,1
Somerville,renewal,1
Somerville,repeat,1
Somerville,repeating,1
Somerville,repelling,1
Somerville,replace,1
Somerville,replete,1
Somerville,report,1
Somerville,reported,1
Somerville,reports,1
Somerville,representants,1
Somerville,representations,1
Somerville,representative,1
Somerville,representatives,1
Somerville,reproduced,1
Somerville,reproduction,1
Somerville,reputation,1
Somerville,request,1
Somerville,resemblances,1
Somerville,reservoir,1
Somerville,residing,1
Somerville,resins,1
Somerville,resistances,1
Somerville,resolvability,1
Somerville,resolving,1
Somerville,resorted,1
Somerville,resounds,1
Somerville,respecting,1
Somerville,respiration,1
Somerville,responded,1
Somerville,responds,1
Somerville,rested,1
Somerville,restless,1
Somerville,restorer,1
Somerville,restores,1
Somerville,restrained,1
Somerville,restraining,1
Somerville,retard,1
Somerville,retardations,1
Somerville,retreat,1
Somerville,reunited,1
Somerville,revealed,1
Somerville,reveals,1
Somerville,revenue,1
Somerville,revered,1
Somerville,reversible,1
Somerville,review,1
Somerville,reviewing,1
Somerville,revival,1
Somerville,revived,1
Somerville,rewarded,1
Somerville,rhomboidal,1
Somerville,rhombs,1
Somerville,rhythm,1
Somerville,richly,1
Somerville,rid,1
Somerville,rides,1
Somerville,rigging,1
Somerville,rigid,1
Somerville,rim,1
Somerville,ringing,1
Somerville,ripens,1
Somerville,rivals,1
Somerville,road,1
Somerville,rochelle,1
Somerville,rocket,1
Somerville,roll,1
Somerville,rosy,1
Somerville,rotten,1
Somerville,rotundity,1
Somerville,route,1
Somerville,routes,1
Somerville,rubber,1
Somerville,rubbing,1
Somerville,ruby,1
Somerville,ruin,1
Somerville,ruins,1
Somerville,ruler,1
Somerville,ruling,1
Somerville,rung,1
Somerville,ruptured,1
Somerville,rust,1
Somerville,saccharine,1
Somerville,sacred,1
Somerville,sagacity,1
Somerville,saline,1
Somerville,saltness,1
Somerville,saltpetre,1
Somerville,sands,1
Somerville,sanscrit,1
Somerville,sap,1
Somerville,saracen,1
Somerville,sash,1
Somerville,satisfactorily,1
Somerville,saturnian,1
Somerville,savages,1
Somerville,savoy,1
Somerville,scales,1
Somerville,scandinavian,1
Somerville,scarlet,1
Somerville,sceptrumque,1
Somerville,schermann,1
Somerville,scintillating,1
Somerville,scintillations,1
Somerville,scratch,1
Somerville,screening,1
Somerville,screens,1
Somerville,screwing,1
Somerville,seaman,1
Somerville,seamen,1
Somerville,seats,1
Somerville,secret,1
Somerville,securing,1
Somerville,seeds,1
Somerville,seemingly,1
Somerville,semicircular,1
Somerville,semidiameters,1
Somerville,semitone,1
Somerville,sentences,1
Somerville,serenity,1
Somerville,serpentarii,1
Somerville,serpentine,1
Somerville,served,1
Somerville,service,1
Somerville,serving,1
Somerville,sesquicyanite,1
Somerville,settled,1
Somerville,severance,1
Somerville,sewing,1
Somerville,shadowy,1
Somerville,shaken,1
Somerville,shaking,1
Somerville,shannon,1
Somerville,shapeless,1
Somerville,shaping,1
Somerville,sharing,1
Somerville,sharper,1
Somerville,sharpness,1
Somerville,sheltered,1
Somerville,shivered,1
Somerville,shoal,1
Somerville,shoots,1
Somerville,shortened,1
Somerville,shortening,1
Somerville,shortly,1
Somerville,shortness,1
Somerville,shot,1
Somerville,shoulder,1
Somerville,shrill,1
Somerville,shrink,1
Somerville,shrinks,1
Somerville,shutters,1
Somerville,siege,1
Somerville,sierras,1
Somerville,sifting,1
Somerville,sigma,1
Somerville,signification,1
Somerville,signifies,1
Somerville,silently,1
Somerville,silica,1
Somerville,silicated,1
Somerville,silvery,1
Somerville,similitude,1
Somerville,singers,1
Somerville,sinuous,1
Somerville,siren,1
Somerville,sister,1
Somerville,sixtieth,1
Somerville,sized,1
Somerville,skating,1
Somerville,sketch,1
Somerville,skin,1
Somerville,skirt,1
Somerville,slanting,1
Somerville,sledges,1
Somerville,sleet,1
Somerville,sliding,1
Somerville,slit,1
Somerville,sloping,1
Somerville,slowest,1
Somerville,slowness,1
Somerville,smalt,1
Somerville,smoked,1
Somerville,smoothing,1
Somerville,smoothly,1
Somerville,snakes,1
Somerville,snap,1
Somerville,snatched,1
Somerville,soaked,1
Somerville,soap,1
Somerville,soars,1
Somerville,soberly,1
Somerville,social,1
Somerville,soever,1
Somerville,softening,1
Somerville,solicitation,1
Somerville,solidity,1
Somerville,solilunar,1
Somerville,solvents,1
Somerville,sombre,1
Somerville,somersetshire,1
Somerville,sonya,1
Somerville,soot,1
Somerville,sort,1
Somerville,sought,1
Somerville,southerly,1
Somerville,span,1
Somerville,spanish,1
Somerville,spare,1
Somerville,sparkle,1
Somerville,sparrow,1
Somerville,speak,1
Somerville,specimens,1
Somerville,specks,1
Somerville,speculated,1
Somerville,speculation,1
Somerville,speculations,1
Somerville,speech,1
Somerville,splitting,1
Somerville,sponge,1
Somerville,spongy,1
Somerville,spout,1
Somerville,spreads,1
Somerville,sprit,1
Somerville,sprung,1
Somerville,squeezing,1
Somerville,staff,1
Somerville,stagnant,1
Somerville,stained,1
Somerville,stalks,1
Somerville,stamp,1
Somerville,starch,1
Somerville,starless,1
Somerville,starlight,1
Somerville,statical,1
Somerville,steadiness,1
Somerville,steady,1
Somerville,steering,1
Somerville,steppes,1
Somerville,sterility,1
Somerville,stick,1
Somerville,stiff,1
Somerville,stiffness,1
Somerville,stifled,1
Somerville,stile,1
Somerville,stillest,1
Somerville,stillness,1
Somerville,stimulus,1
Somerville,stippling,1
Somerville,stirred,1
Somerville,stockholm,1
Somerville,store,1
Somerville,stored,1
Somerville,stores,1
Somerville,stormy,1
Somerville,strain,1
Somerville,strands,1
Somerville,strangely,1
Somerville,strangeness,1
Somerville,straw,1
Somerville,streaks,1
Somerville,striated,1
Somerville,stringed,1
Somerville,stripped,1
Somerville,strive,1
Somerville,studies,1
Somerville,studying,1
Somerville,stunning,1
Somerville,stunted,1
Somerville,subjection,1
Somerville,sublimate,1
Somerville,subscribe,1
Somerville,subservient,1
Somerville,subsided,1
Somerville,substitution,1
Somerville,substrata,1
Somerville,subtend,1
Somerville,subtending,1
Somerville,subtracting,1
Somerville,subtraction,1
Somerville,subvert,1
Somerville,subverted,1
Somerville,succeeds,1
Somerville,successors,1
Somerville,suez,1
Somerville,suffered,1
Somerville,sufferings,1
Somerville,suffices,1
Somerville,suggestion,1
Somerville,summit,1
Somerville,superintendence,1
Somerville,supernumerary,1
Somerville,superposing,1
Somerville,superpositions,1
Somerville,supersede,1
Somerville,superseding,1
Somerville,supplement,1
Somerville,supplementary,1
Somerville,supplies,1
Somerville,supporters,1
Somerville,supporting,1
Somerville,supports,1
Somerville,supposition,1
Somerville,surely,1
Somerville,surge,1
Somerville,surplus,1
Somerville,surveying,1
Somerville,surveys,1
Somerville,survive,1
Somerville,survived,1
Somerville,surviving,1
Somerville,suspected,1
Somerville,suspending,1
Somerville,sustaining,1
Somerville,swamp,1
Somerville,swells,1
Somerville,swifter,1
Somerville,swing,1
Somerville,swings,1
Somerville,symphonion,1
Somerville,synonymous,1
Somerville,syria,1
Somerville,syrian,1
Somerville,syzigies,1
Somerville,tacitly,1
Somerville,talented,1
Somerville,tall,1
Somerville,taxes,1
Somerville,teach,1
Somerville,team,1
Somerville,tear,1
Somerville,teems,1
Somerville,tempers,1
Somerville,tenacity,1
Somerville,tendencies,1
Somerville,tensions,1
Somerville,ternate,1
Somerville,texts,1
Somerville,texture,1
Somerville,thaws,1
Somerville,thereof,1
Somerville,thermography,1
Somerville,theta,1
Somerville,thickly,1
Somerville,thinking,1
Somerville,thinness,1
Somerville,thirteenth,1
Somerville,thither,1
Somerville,thompson,1
Somerville,threading,1
Somerville,threaten,1
Somerville,threatening,1
Somerville,thrives,1
Somerville,throw,1
Somerville,throwing,1
Somerville,thrust,1
Somerville,thunderbolt,1
Somerville,tideless,1
Somerville,tied,1
Somerville,tinder,1
Somerville,tinge,1
Somerville,tinged,1
Somerville,tip,1
Somerville,tissue,1
Somerville,title,1
Somerville,ton,1
Somerville,tonquin,1
Somerville,tore,1
Somerville,torn,1
Somerville,torrecelian,1
Somerville,tortuous,1
Somerville,tossed,1
Somerville,totality,1
Somerville,toughness,1
Somerville,toulouse,1
Somerville,tower,1
Somerville,town,1
Somerville,tracings,1
Somerville,trades,1
Somerville,traditions,1
Somerville,trains,1
Somerville,trajectories,1
Somerville,trans,1
Somerville,transcends,1
Somerville,transcribe,1
Somerville,transcription,1
Somerville,transfers,1
Somerville,transformation,1
Somerville,transforming,1
Somerville,transforms,1
Somerville,transfused,1
Somerville,transfusion,1
Somerville,transiently,1
Somerville,transitory,1
Somerville,translucent,1
Somerville,transversely,1
Somerville,travail,1
Somerville,travelled,1
Somerville,travellers,1
Somerville,tread,1
Somerville,treat,1
Somerville,treated,1
Somerville,treatment,1
Somerville,tree,1
Somerville,tremor,1
Somerville,triangular,1
Somerville,trigonometry,1
Somerville,trinity,1
Somerville,triumph,1
Somerville,troubles,1
Somerville,truncated,1
Somerville,truths,1
Somerville,tumbler,1
Somerville,tuned,1
Somerville,turin,1
Somerville,twined,1
Somerville,twinkling,1
Somerville,twisting,1
Somerville,twofold,1
Somerville,types,1
Somerville,tyrannis,1
Somerville,ulea,1
Somerville,ultramarine,1
Somerville,unaccounted,1
Somerville,unaccustomed,1
Somerville,unacquainted,1
Somerville,unchangeableness,1
Somerville,uncontrollable,1
Somerville,uncontrolled,1
Somerville,uncovered,1
Somerville,undaunted,1
Somerville,underscores,1
Somerville,understanding,1
Somerville,undertake,1
Somerville,undertaken,1
Somerville,undetermined,1
Somerville,undiscovered,1
Somerville,undoes,1
Somerville,undoing,1
Somerville,undoubtedly,1
Somerville,unelectrified,1
Somerville,unenforceability,1
Somerville,unequably,1
Somerville,unequivocal,1
Somerville,unexpectedly,1
Somerville,unexplained,1
Somerville,unexplored,1
Somerville,unfolds,1
Somerville,unformed,1
Somerville,unfrequent,1
Somerville,unhoped,1
Somerville,unimportant,1
Somerville,unimpressable,1
Somerville,uninfluenced,1
Somerville,uninhabited,1
Somerville,uninsulated,1
Somerville,uninterruptedly,1
Somerville,unique,1
Somerville,units,1
Somerville,unlink,1
Somerville,unlooked,1
Somerville,unmixed,1
Somerville,unnumbered,1
Somerville,unobstructed,1
Somerville,unopposed,1
Somerville,unoxidated,1
Somerville,unperceived,1
Somerville,unpromising,1
Somerville,unprotected,1
Somerville,unremittingly,1
Somerville,unresolved,1
Somerville,unrivalled,1
Somerville,unsolicited,1
Somerville,unsuspected,1
Somerville,untouched,1
Somerville,untrodden,1
Somerville,unvarying,1
Somerville,unwarranted,1
Somerville,upheaved,1
Somerville,upheaving,1
Somerville,upward,1
Somerville,urging,1
Somerville,usa,1
Somerville,ushered,1
Somerville,vacuities,1
Somerville,vale,1
Somerville,valparaiso,1
Somerville,valve,1
Somerville,van,1
Somerville,vaporized,1
Somerville,vaporous,1
Somerville,variably,1
Somerville,variance,1
Somerville,variously,1
Somerville,varnished,1
Somerville,vastness,1
Somerville,veered,1
Somerville,veers,1
Somerville,veil,1
Somerville,vellum,1
Somerville,velvety,1
Somerville,venetian,1
Somerville,venial,1
Somerville,venomous,1
Somerville,venous,1
Somerville,vent,1
Somerville,ventilate,1
Somerville,ventilated,1
Somerville,verbal,1
Somerville,verditer,1
Somerville,vermilion,1
Somerville,version,1
Somerville,vibrated,1
Somerville,victims,1
Somerville,villages,1
Somerville,villarceaux,1
Somerville,vine,1
Somerville,vines,1
Somerville,violates,1
Somerville,virulence,1
Somerville,virus,1
Somerville,viscidity,1
Somerville,vitality,1
Somerville,vitiate,1
Somerville,vitreous,1
Somerville,vividness,1
Somerville,vocables,1
Somerville,vocabularies,1
Somerville,voices,1
Somerville,vol,1
Somerville,volatilization,1
Somerville,volatilizes,1
Somerville,volunteer,1
Somerville,voyages,1
Somerville,wake,1
Somerville,walk,1
Somerville,walking,1
Somerville,walks,1
Somerville,wanders,1
Somerville,warmest,1
Somerville,warn,1
Somerville,warning,1
Somerville,warrant,1
Somerville,waste,1
Somerville,watching,1
Somerville,watchung,1
Somerville,watercourses,1
Somerville,wavy,1
Somerville,weakest,1
Somerville,weakness,1
Somerville,wearing,1
Somerville,web,1
Somerville,wedge,1
Somerville,wedged,1
Somerville,weeds,1
Somerville,weighing,1
Somerville,wherefore,1
Somerville,wherewith,1
Somerville,whisper,1
Somerville,whistling,1
Somerville,whitened,1
Somerville,whitest,1
Somerville,widespread,1
Somerville,width,1
Somerville,wildernesses,1
Somerville,windmill,1
Somerville,windows,1
Somerville,windward,1
Somerville,winged,1
Somerville,witnesses,1
Somerville,woman,1
Somerville,woodcuts,1
Somerville,woody,1
Somerville,wool,1
Somerville,worcestershire,1
Somerville,workmen,1
Somerville,worm,1
Somerville,wrote,1
Somerville,yearly,1
Somerville,yielded,1
Somerville,yielding,1
Somerville,yields,1
Somerville,yonder,1
Somerville,york,1
Somerville,zeal,1
Somerville,zealand,1
Somerville,zircon,1
Somerville,zoophyte,1
Somerville,æolian,1
